max_nesting_depth,avg_nesting_depth,auto_count,nullptr_count,template_declaration_count,lambda_count,range_for_count,traditional_for_count,constexpr_count,consteval_count,constinit_count,noexcept_count,structured_binding_count,enum_class_count,override_count,virtual_count,using_alias_count,move_semantics_count,emplace_count,modern_algorithm_count,concept_count,requires_clause_count,if_statement_count,init_if_count,modern_cpp_total,modern_cpp_ratio,new_expression_count,delete_expression_count,smart_ptr_count,smart_ptr_variety,raii_memory_ratio,deleted_function_count,defaulted_function_count,total_include_count,bits_stdc_present,specific_header_count,unique_headers,specific_header_ratio,binary_op_total,binary_op_spaced,binary_op_unspaced,binary_op_mixed,binary_op_spacing_rate,binary_op_nospace_rate,comma_total,comma_spaced,comma_space_rate,decl_spacing_total,decl_spacing_consistency,single_char_var_count,unique_identifier_count,avg_identifier_length,snake_case_count,camel_case_count,pascal_case_count,upper_snake_case_count,naming_consistency,naming_style_uniform,func_naming_consistency,comment_count,perfect_comment_ratio,capitalized_comment_ratio,avg_comment_len,std_comment_len,dead_code_count,interleaved_comment_count,comment_line_count,comment_line_ratio,function_count,class_count,namespace_count,template_count,try_catch_count,catch_count,throw_count,error_handling_present,raii_guard_count,raii_type_variety,const_ref_count,const_method_count,static_assert_count,return_statement_count,ternary_count,goto_count,using_namespace_std,large_array_count,large_array_max_size,define_macro_count,define_shortcut_count,ios_sync_present,cin_tie_present,freopen_present,void_main,competitive_pattern_count,global_var_count,total_lines,total_chars,line_len_mean,line_len_std,line_len_max,nb_line_len_mean,nb_line_len_std,nb_line_len_cv,blank_line_ratio,max_consecutive_blank_lines,tab_indent_lines,space_indent_lines,mixed_indent,indent_width_mode,indent_inconsistency_count,indent_inconsistency_ratio,trailing_whitespace_ratio,brace_same_line_count,brace_next_line_count,brace_style_consistency,cyclomatic_branch_count,avg_cyclomatic_per_function,leaf_nesting_mean,halstead_unique_operators,halstead_unique_operands,halstead_total_operators,halstead_total_operands,halstead_vocabulary,halstead_length,halstead_volume,halstead_difficulty,halstead_effort,halstead_bugs_estimate,maintainability_index,ast_node_count,ast_error_count,range_for_ratio,ast_error_ratio,code_density,_file,_path,_label,_chars
2,1.1428571428571428,2,0,0,0,1,0,0,0,0,12,0,0,0,2,0,3,0,0,0,0,0,0,18,0.5,0,0,3,1,1.0,2,3,5,False,5,5,1.0,3,3,0,0,1.0,0.0,0,0,0.0,0,0.0,0,16,5.625,1,2,0,0,0.6666666666666666,False,1.0,0,0.0,0.0,0.0,0.0,0,0,0,0.0,11,2,1,0,0,0,0,False,0,0,2,2,0,2,0,0,False,0,0,0,0,False,False,False,False,0,0,48,1048,20.854166666666668,22.054846012586186,75,27.805555555555557,21.337004169132562,0.7673647853034687,0.25,1,0,21,False,2,0,0.0,0.0,4,0,1.0,1,0.09090909090909091,1.1428571428571428,3,23,6,60,26,66,310.23,3.91,1213.94,0.1034,82.88,366,0,1.0,0.0,0.75,ai_aggregator_005.cpp,C:\Users\ad\Downloads\codepython\project\fraud_detection_system\dataset_CPP\ai\ai_aggregator_005.cpp,1,1048
2,1.5,0,0,0,1,0,0,1,0,0,6,0,0,0,0,0,2,0,1,0,0,1,0,11,0.3333333333333333,0,0,0,0,0.0,0,0,7,False,5,5,0.7142857142857143,0,0,0,0,0.0,0.0,6,6,1.0,6,0.5,2,21,5.7272727272727275,1,2,0,0,0.6666666666666666,False,1.0,0,0.0,0.0,0.0,0.0,0,0,0,0.0,4,1,1,0,1,1,0,True,1,1,1,0,0,6,0,0,False,0,0,0,0,False,False,False,False,0,0,40,1094,26.375,26.89394680964473,98,31.96969696969697,26.41680462461044,0.8263076328077199,0.175,1,0,21,False,2,0,0.0,0.0,5,0,1.0,3,0.75,1.5,2,29,8,78,31,86,426.06,2.69,1145.96,0.142,82.18,386,0,0.0,0.0,0.825,ai_adapter_033.cpp,C:\Users\ad\Downloads\codepython\project\fraud_detection_system\dataset_CPP\ai\ai_adapter_033.cpp,1,1094
2,1.1666666666666667,2,0,0,0,0,0,0,0,0,0,0,0,0,3,0,2,0,0,0,0,1,0,4,0.10526315789473684,0,0,3,1,1.0,0,1,6,False,6,6,1.0,5,5,0,0,1.0,0.0,1,1,1.0,2,0.5,0,19,6.0476190476190474,0,1,1,0,0.5,False,1.0,0,0.0,0.0,0.0,0.0,0,0,0,0.0,6,3,1,0,0,0,0,False,0,0,4,2,0,1,0,0,False,0,0,0,0,False,False,False,False,0,0,49,1132,22.122448979591837,23.744071357177642,74,28.526315789473685,23.33027944663698,0.8178511245131044,0.22448979591836735,1,0,19,False,2,0,0.0,0.0,4,0,1.0,1,0.16666666666666666,1.1666666666666667,5,27,11,80,32,91,455.0,7.41,3370.37,0.1517,80.02,389,0,0.0,0.0,0.7755102040816326,ai_analyzer_014.cpp,C:\Users\ad\Downloads\codepython\project\fraud_detection_system\dataset_CPP\ai\ai_analyzer_014.cpp,1,1132
2,1.1666666666666667,2,0,0,0,0,0,0,0,0,0,0,0,0,3,0,2,0,0,0,0,1,0,4,0.10526315789473684,0,0,3,1,1.0,0,1,6,False,6,6,1.0,5,5,0,0,1.0,0.0,1,1,1.0,2,0.5,0,19,6.0476190476190474,0,1,1,0,0.5,False,1.0,0,0.0,0.0,0.0,0.0,0,0,0,0.0,6,3,1,0,0,0,0,False,0,0,4,2,0,1,0,0,False,0,0,0,0,False,False,False,False,0,0,49,1132,22.122448979591837,23.744071357177642,74,28.526315789473685,23.33027944663698,0.8178511245131044,0.22448979591836735,1,0,19,False,2,0,0.0,0.0,4,0,1.0,1,0.16666666666666666,1.1666666666666667,5,27,11,80,32,91,455.0,7.41,3370.37,0.1517,80.02,389,0,0.0,0.0,0.7755102040816326,ai_balancer_069.cpp,C:\Users\ad\Downloads\codepython\project\fraud_detection_system\dataset_CPP\ai\ai_balancer_069.cpp,1,1132
1,1.0,2,0,0,0,0,0,0,0,0,0,1,0,0,0,0,0,0,0,0,0,0,0,3,0.2,0,0,0,0,0.0,0,0,4,False,4,4,1.0,6,6,0,0,1.0,0.0,0,0,0.0,2,0.5,1,8,5.846153846153846,2,2,0,0,0.5,False,1.0,1,0.0,0.0,67.0,0.0,0,0,4,0.26666666666666666,2,0,0,0,0,0,0,False,0,0,0,0,0,1,0,0,False,0,0,0,0,False,False,False,False,0,0,17,417,23.58823529411765,23.8501666624573,82,26.733333333333334,23.676899196380333,0.8856695459992643,0.11764705882352941,1,0,6,False,2,3,0.5,0.0,2,0,1.0,0,0.0,1.0,1,18,6,28,19,34,144.43,0.78,112.33,0.0481,100.0,154,2,0.0,0.012987012987012988,0.8823529411764706,ai_any_tuple.cpp,C:\Users\ad\Downloads\codepython\project\fraud_detection_system\dataset_CPP\ai\ai_any_tuple.cpp,1,417
2,1.2857142857142858,4,1,0,1,0,0,0,0,0,6,0,1,0,2,0,6,0,1,0,0,3,0,20,0.2247191011235955,0,0,8,2,1.0,0,1,5,False,5,5,1.0,10,10,0,0,1.0,0.0,15,15,1.0,6,0.3333333333333333,0,41,7.892857142857143,3,10,1,0,0.7142857142857143,False,1.0,2,0.0,0.0,60.5,43.5,0,0,5,0.056179775280898875,11,4,1,0,0,0,0,False,1,1,2,3,0,7,1,0,False,0,0,0,0,False,False,False,False,0,0,112,3105,26.732142857142858,27.95723205146733,113,33.59550561797753,27.45976386435112,0.817364208671321,0.20535714285714285,1,0,79,False,2,3,0.0379746835443038,0.008928571428571428,12,0,1.0,4,0.36363636363636365,1.2857142857142858,13,65,28,191,78,219,1376.5,19.1,26291.21,0.4588,77.73,855,0,0.0,0.0,0.7946428571428571,ai_banking_system.cpp,C:\Users\ad\Downloads\codepython\project\fraud_detection_system\dataset_CPP\ai\ai_banking_system.cpp,1,3105
2,1.5,0,0,1,0,0,0,0,0,0,0,0,0,0,0,0,9,0,0,0,0,3,0,10,0.3333333333333333,0,0,5,2,1.0,0,1,2,False,2,2,1.0,2,2,0,0,1.0,0.0,4,4,1.0,0,0.0,1,12,4.658536585365853,2,0,0,0,1.0,True,1.0,1,0.0,0.0,71.0,0.0,0,0,4,0.13333333333333333,4,2,0,1,0,0,0,False,0,0,0,0,0,0,0,0,False,0,0,0,0,False,False,False,False,0,0,35,809,22.142857142857142,18.484190707803492,58,25.7,17.595738120351758,0.6846590708308077,0.14285714285714285,1,0,23,False,2,3,0.13043478260869565,0.02857142857142857,5,0,1.0,3,0.75,1.5,5,16,8,67,21,75,329.42,10.47,3448.66,0.1098,100.0,296,2,0.0,0.006756756756756757,0.8571428571428571,ai_binary_search_tree.cpp,C:\Users\ad\Downloads\codepython\project\fraud_detection_system\dataset_CPP\ai\ai_binary_search_tree.cpp,1,809
2,1.25,0,0,0,0,0,2,0,0,0,0,0,0,0,0,0,0,0,0,0,0,1,0,0,0.0,0,0,0,0,0.0,0,0,4,False,4,4,1.0,14,14,0,0,1.0,0.0,9,9,1.0,10,0.5,16,17,6.094594594594595,1,5,1,0,0.7142857142857143,False,1.0,0,0.0,0.0,0.0,0.0,0,0,0,0.0,6,1,0,0,0,0,0,False,0,0,3,1,0,5,0,0,False,0,0,0,0,False,False,False,False,0,0,45,1416,30.488888888888887,29.188751427160142,110,37.08108108108108,28.138055771766602,0.7588251192094492,0.17777777777777778,1,0,29,False,2,0,0.0,0.0,7,0,1.0,3,0.5,1.25,13,31,23,103,44,126,687.89,21.6,14856.17,0.2293,77.84,516,0,0.0,0.0,0.8222222222222222,ai_bloom_filter.cpp,C:\Users\ad\Downloads\codepython\project\fraud_detection_system\dataset_CPP\ai\ai_bloom_filter.cpp,1,1416
2,1.1428571428571428,2,0,0,0,1,0,0,0,0,12,0,0,0,2,0,3,0,0,0,0,0,0,18,0.5,0,0,3,1,1.0,2,3,5,False,5,5,1.0,3,3,0,0,1.0,0.0,0,0,0.0,0,0.0,0,16,5.75,1,2,0,0,0.6666666666666666,False,1.0,0,0.0,0.0,0.0,0.0,0,0,0,0.0,11,2,1,0,0,0,0,False,0,0,2,2,0,2,0,0,False,0,0,0,0,False,False,False,False,0,0,48,1063,21.166666666666668,22.398226616309504,75,28.22222222222222,21.67450000847272,0.7679940947884034,0.25,1,0,21,False,2,0,0.0,0.0,4,0,1.0,1,0.09090909090909091,1.1428571428571428,3,23,6,60,26,66,310.23,3.91,1213.94,0.1034,82.88,366,0,1.0,0.0,0.75,ai_broadcaster_065.cpp,C:\Users\ad\Downloads\codepython\project\fraud_detection_system\dataset_CPP\ai\ai_broadcaster_065.cpp,1,1063
2,1.1818181818181819,4,0,1,0,0,0,0,0,0,6,0,0,0,0,0,28,0,0,0,0,7,0,39,0.609375,0,0,15,2,1.0,0,0,3,False,3,3,1.0,8,8,0,0,1.0,0.0,5,5,1.0,6,0.5,20,19,4.7254901960784315,1,4,0,0,0.8,False,1.0,0,0.0,0.0,0.0,0.0,0,0,0,0.0,9,2,0,1,0,0,0,False,0,0,2,2,0,9,2,0,False,0,0,0,0,False,False,False,False,0,0,75,2282,29.44,25.449683691551066,96,34.5,24.175142191929297,0.7007287591863565,0.14666666666666667,1,0,57,False,2,0,0.0,0.0,10,0,1.0,9,1.0,1.1818181818181819,9,28,51,232,37,283,1474.28,37.29,54969.41,0.4914,63.62,928,0,0.0,0.0,0.8533333333333334,ai_avl_tree.cpp,C:\Users\ad\Downloads\codepython\project\fraud_detection_system\dataset_CPP\ai\ai_avl_tree.cpp,1,2282
2,1.5,0,0,0,1,0,0,1,0,0,6,0,0,0,0,0,2,0,1,0,0,1,0,11,0.3333333333333333,0,0,0,0,0.0,0,0,7,False,5,5,0.7142857142857143,0,0,0,0,0.0,0.0,6,6,1.0,6,0.5,2,21,5.7272727272727275,1,2,0,0,0.6666666666666666,False,1.0,0,0.0,0.0,0.0,0.0,0,0,0,0.0,4,1,1,0,1,1,0,True,1,1,1,0,0,6,0,0,False,0,0,0,0,False,False,False,False,0,0,40,1094,26.375,26.89394680964473,98,31.96969696969697,26.41680462461044,0.8263076328077199,0.175,1,0,21,False,2,0,0.0,0.0,5,0,1.0,3,0.75,1.5,2,29,8,78,31,86,426.06,2.69,1145.96,0.142,82.18,386,0,0.0,0.0,0.825,ai_builder_023.cpp,C:\Users\ad\Downloads\codepython\project\fraud_detection_system\dataset_CPP\ai\ai_builder_023.cpp,1,1094
1,1.0,0,0,1,0,0,0,0,0,0,0,0,0,0,0,0,0,0,2,0,0,3,0,3,0.08333333333333333,0,0,0,0,0.0,0,0,5,False,5,5,1.0,13,13,0,0,1.0,0.0,19,19,1.0,4,0.5,3,24,4.407407407407407,3,2,0,0,0.6,False,1.0,0,0.0,0.0,0.0,0.0,0,0,0,0.0,5,1,1,1,0,0,1,False,0,0,1,0,0,4,0,0,False,0,0,0,0,False,False,False,False,0,0,45,1238,26.533333333333335,26.71462354425215,108,33.166666666666664,25.924570070366325,0.7816453287547637,0.2,1,0,24,False,2,0,0.0,0.0,4,0,1.0,3,0.6,1.0,6,35,29,125,41,154,825.06,10.71,8839.96,0.275,77.34,551,0,0.0,0.0,0.8,ai_buffer_051.cpp,C:\Users\ad\Downloads\codepython\project\fraud_detection_system\dataset_CPP\ai\ai_buffer_051.cpp,1,1238
1,1.0,0,0,0,0,0,0,0,0,0,6,0,0,0,0,0,6,0,0,0,0,0,0,12,0.2857142857142857,0,0,0,0,0.0,0,0,3,False,3,3,1.0,0,0,0,0,0.0,0.0,6,6,1.0,0,0.0,0,18,6.0,0,6,1,0,0.8571428571428571,False,1.0,0,0.0,0.0,0.0,0.0,0,0,0,0.0,8,2,0,0,0,0,0,False,0,0,0,3,0,7,0,0,False,0,0,0,0,False,False,False,False,0,0,52,1353,25.03846153846154,24.72849612714164,104,31.0,23.922493897704612,0.7716933515388584,0.19230769230769232,1,0,35,False,2,0,0.0,0.0,5,0,1.0,0,0.0,1.0,2,25,8,109,27,117,556.32,4.36,2425.56,0.1854,77.58,440,0,0.0,0.0,0.8076923076923077,ai_builder_pattern.cpp,C:\Users\ad\Downloads\codepython\project\fraud_detection_system\dataset_CPP\ai\ai_builder_pattern.cpp,1,1353
2,1.1428571428571428,2,0,0,0,1,0,0,0,0,12,0,0,0,2,0,3,0,0,0,0,0,0,18,0.5,0,0,3,1,1.0,2,3,5,False,5,5,1.0,3,3,0,0,1.0,0.0,0,0,0.0,0,0.0,0,16,5.625,1,2,0,0,0.6666666666666666,False,1.0,0,0.0,0.0,0.0,0.0,0,0,0,0.0,11,2,1,0,0,0,0,False,0,0,2,2,0,2,0,0,False,0,0,0,0,False,False,False,False,0,0,48,1049,20.875,22.05450161909506,75,27.833333333333332,21.32747315344955,0.7662565204832174,0.25,1,0,21,False,2,0,0.0,0.0,4,0,1.0,1,0.09090909090909091,1.1428571428571428,3,23,6,60,26,66,310.23,3.91,1213.94,0.1034,82.88,366,0,1.0,0.0,0.75,ai_calculator_015.cpp,C:\Users\ad\Downloads\codepython\project\fraud_detection_system\dataset_CPP\ai\ai_calculator_015.cpp,1,1049
2,1.1666666666666667,2,0,0,0,0,0,0,0,0,0,0,0,0,3,0,2,0,0,0,0,1,0,4,0.10526315789473684,0,0,3,1,1.0,0,1,6,False,6,6,1.0,5,5,0,0,1.0,0.0,1,1,1.0,2,0.5,0,19,6.0,0,1,1,0,0.5,False,1.0,0,0.0,0.0,0.0,0.0,0,0,0,0.0,6,3,1,0,0,0,0,False,0,0,4,2,0,1,0,0,False,0,0,0,0,False,False,False,False,0,0,49,1124,21.959183673469386,23.586539903931087,73,28.31578947368421,23.18132785711027,0.8186714298979464,0.22448979591836735,1,0,19,False,2,0,0.0,0.0,4,0,1.0,1,0.16666666666666666,1.1666666666666667,5,27,11,80,32,91,455.0,7.41,3370.37,0.1517,80.02,389,0,0.0,0.0,0.7755102040816326,ai_breaker_074.cpp,C:\Users\ad\Downloads\codepython\project\fraud_detection_system\dataset_CPP\ai\ai_breaker_074.cpp,1,1124
2,1.5,0,0,0,1,0,0,1,0,0,6,0,0,0,0,0,2,0,1,0,0,1,0,11,0.3333333333333333,0,0,0,0,0.0,0,0,7,False,5,5,0.7142857142857143,0,0,0,0,0.0,0.0,6,6,1.0,6,0.5,2,21,5.7272727272727275,1,2,0,0,0.6666666666666666,False,1.0,0,0.0,0.0,0.0,0.0,0,0,0,0.0,4,1,1,0,1,1,0,True,1,1,1,0,0,6,0,0,False,0,0,0,0,False,False,False,False,0,0,40,1094,26.375,26.89394680964473,98,31.96969696969697,26.41680462461044,0.8263076328077199,0.175,1,0,21,False,2,0,0.0,0.0,5,0,1.0,3,0.75,1.5,2,29,8,78,31,86,426.06,2.69,1145.96,0.142,82.18,386,0,0.0,0.0,0.825,ai_cleaner_088.cpp,C:\Users\ad\Downloads\codepython\project\fraud_detection_system\dataset_CPP\ai\ai_cleaner_088.cpp,1,1094
2,1.1428571428571428,2,0,0,0,1,0,0,0,0,12,0,0,0,2,0,3,0,0,0,0,0,0,18,0.5,0,0,3,1,1.0,2,3,5,False,5,5,1.0,3,3,0,0,1.0,0.0,0,0,0.0,0,0.0,0,16,5.0,1,2,0,0,0.6666666666666666,False,1.0,0,0.0,0.0,0.0,0.0,0,0,0,0.0,11,2,1,0,0,0,0,False,0,0,2,2,0,2,0,0,False,0,0,0,0,False,False,False,False,0,0,48,979,19.416666666666668,20.523191488871532,75,25.88888888888889,19.85052165250433,0.766758347092442,0.25,1,0,21,False,2,0,0.0,0.0,4,0,1.0,1,0.09090909090909091,1.1428571428571428,3,23,6,60,26,66,310.23,3.91,1213.94,0.1034,82.88,366,0,1.0,0.0,0.75,ai_cache_040.cpp,C:\Users\ad\Downloads\codepython\project\fraud_detection_system\dataset_CPP\ai\ai_cache_040.cpp,1,979
2,1.1428571428571428,2,0,0,0,1,0,0,0,0,12,0,0,0,2,0,3,0,0,0,0,0,0,18,0.5,0,0,3,1,1.0,2,3,5,False,5,5,1.0,3,3,0,0,1.0,0.0,0,0,0.0,0,0.0,0,16,5.25,1,2,0,0,0.6666666666666666,False,1.0,0,0.0,0.0,0.0,0.0,0,0,0,0.0,11,2,1,0,0,0,0,False,0,0,2,2,0,2,0,0,False,0,0,0,0,False,False,False,False,0,0,48,1007,20.0,21.09601068132709,75,26.666666666666668,20.386542402062965,0.7644953400773611,0.25,1,0,21,False,2,0,0.0,0.0,4,0,1.0,1,0.09090909090909091,1.1428571428571428,3,23,6,60,26,66,310.23,3.91,1213.94,0.1034,82.88,366,0,1.0,0.0,0.75,ai_channel_050.cpp,C:\Users\ad\Downloads\codepython\project\fraud_detection_system\dataset_CPP\ai\ai_channel_050.cpp,1,1007
1,1.0,0,0,1,0,0,0,0,0,0,9,0,0,0,0,0,3,0,0,0,0,1,0,13,0.43333333333333335,0,0,0,0,0.0,0,0,5,False,5,5,1.0,0,0,0,0,0.0,0.0,0,0,0.0,8,0.5,0,19,5.589743589743589,2,0,0,0,1.0,True,0.0,0,0.0,0.0,0.0,0.0,0,0,0,0.0,6,1,0,1,0,0,0,False,3,1,0,2,0,4,0,0,False,0,0,0,0,False,False,False,False,0,0,37,905,23.486486486486488,21.16169617380705,71,28.966666666666665,19.83848672544243,0.6848729594514072,0.1891891891891892,1,0,20,False,2,0,0.0,0.0,3,0,1.0,1,0.16666666666666666,1.0,1,26,8,70,27,78,370.88,1.35,499.26,0.1236,84.91,346,0,0.0,0.0,0.8108108108108109,ai_catalog_042.cpp,C:\Users\ad\Downloads\codepython\project\fraud_detection_system\dataset_CPP\ai\ai_catalog_042.cpp,1,905
2,1.1428571428571428,2,0,0,0,1,0,0,0,0,12,0,0,0,2,0,3,0,0,0,0,0,0,18,0.5,0,0,3,1,1.0,2,3,5,False,5,5,1.0,3,3,0,0,1.0,0.0,0,0,0.0,0,0.0,0,16,5.5,1,2,0,0,0.6666666666666666,False,1.0,0,0.0,0.0,0.0,0.0,0,0,0,0.0,11,2,1,0,0,0,0,False,0,0,2,2,0,2,0,0,False,0,0,0,0,False,False,False,False,0,0,48,1035,20.583333333333332,21.722524152491015,75,27.444444444444443,20.99661936339653,0.7650590051440032,0.25,1,0,21,False,2,0,0.0,0.0,4,0,1.0,1,0.09090909090909091,1.1428571428571428,3,23,6,60,26,66,310.23,3.91,1213.94,0.1034,82.88,366,0,1.0,0.0,0.75,ai_compactor_080.cpp,C:\Users\ad\Downloads\codepython\project\fraud_detection_system\dataset_CPP\ai\ai_compactor_080.cpp,1,1035
1,1.0,0,0,1,0,0,0,0,0,0,9,0,0,0,0,0,3,0,0,0,0,1,0,13,0.43333333333333335,0,0,0,0,0.0,0,0,5,False,5,5,1.0,0,0,0,0,0.0,0.0,0,0,0.0,8,0.5,0,19,5.666666666666667,2,0,0,0,1.0,True,0.0,0,0.0,0.0,0.0,0.0,0,0,0,0.0,6,1,0,1,0,0,0,False,3,1,0,2,0,4,0,0,False,0,0,0,0,False,False,False,False,0,0,37,911,23.64864864864865,21.321498117103154,74,29.166666666666668,19.99347115657731,0.6854904396540792,0.1891891891891892,1,0,20,False,2,0,0.0,0.0,3,0,1.0,1,0.16666666666666666,1.0,1,26,8,70,27,78,370.88,1.35,499.26,0.1236,84.91,346,0,0.0,0.0,0.8108108108108109,ai_compressor_012.cpp,C:\Users\ad\Downloads\codepython\project\fraud_detection_system\dataset_CPP\ai\ai_compressor_012.cpp,1,911
1,1.0,0,0,0,0,0,0,2,0,0,0,0,0,0,0,0,0,0,0,0,0,3,0,2,0.13333333333333333,0,0,0,0,0.0,0,0,1,False,1,1,1.0,6,6,0,0,1.0,0.0,0,0,0.0,3,0.6666666666666666,7,4,4.6,1,0,0,0,1.0,True,0.0,1,0.0,0.0,61.0,0.0,0,0,4,0.26666666666666666,2,0,0,0,0,0,1,False,0,0,0,0,0,4,0,0,False,0,0,0,0,False,False,False,False,0,0,17,359,20.176470588235293,17.503731683197447,61,22.866666666666667,16.903122656939917,0.7392036147349818,0.11764705882352941,1,0,9,False,2,3,0.3333333333333333,0.0,2,0,1.0,3,1.5,1.0,5,11,7,25,16,32,128.0,5.68,727.27,0.0427,100.0,126,2,0.0,0.015873015873015872,0.8823529411764706,ai_constexpr_math.cpp,C:\Users\ad\Downloads\codepython\project\fraud_detection_system\dataset_CPP\ai\ai_constexpr_math.cpp,1,359
1,1.0,0,0,1,0,0,0,0,0,0,9,0,0,0,0,0,3,0,0,0,0,1,0,13,0.43333333333333335,0,0,0,0,0.0,0,0,5,False,5,5,1.0,0,0,0,0,0.0,0.0,0,0,0.0,8,0.5,0,19,5.641025641025641,2,0,0,0,1.0,True,0.0,0,0.0,0.0,0.0,0.0,0,0,0,0.0,6,1,0,1,0,0,0,False,3,1,0,2,0,4,0,0,False,0,0,0,0,False,False,False,False,0,0,37,909,23.594594594594593,21.265959932781623,73,29.1,19.938823101343434,0.6851829244447916,0.1891891891891892,1,0,20,False,2,0,0.0,0.0,3,0,1.0,1,0.16666666666666666,1.0,1,26,8,70,27,78,370.88,1.35,499.26,0.1236,84.91,346,0,0.0,0.0,0.8108108108108109,ai_connector_032.cpp,C:\Users\ad\Downloads\codepython\project\fraud_detection_system\dataset_CPP\ai\ai_connector_032.cpp,1,909
1,1.0,0,0,1,0,0,0,0,0,0,0,0,0,0,0,0,0,0,2,0,0,3,0,3,0.08333333333333333,0,0,0,0,0.0,0,0,5,False,5,5,1.0,13,13,0,0,1.0,0.0,19,19,1.0,4,0.5,3,24,4.432098765432099,3,2,0,0,0.6,False,1.0,0,0.0,0.0,0.0,0.0,0,0,0,0.0,5,1,1,1,0,0,1,False,0,0,1,0,0,4,0,0,False,0,0,0,0,False,False,False,False,0,0,45,1242,26.622222222222224,26.755924692913148,108,33.27777777777778,25.949321454531663,0.7797792757622203,0.2,1,0,24,False,2,0,0.0,0.0,4,0,1.0,3,0.6,1.0,6,35,29,125,41,154,825.06,10.71,8839.96,0.275,77.34,551,0,0.0,0.0,0.8,ai_consumer_036.cpp,C:\Users\ad\Downloads\codepython\project\fraud_detection_system\dataset_CPP\ai\ai_consumer_036.cpp,1,1242
2,1.5,0,0,0,1,0,0,1,0,0,6,0,0,0,0,0,2,0,1,0,0,1,0,11,0.3333333333333333,0,0,0,0,0.0,0,0,7,False,5,5,0.7142857142857143,0,0,0,0,0.0,0.0,6,6,1.0,6,0.5,2,21,5.7272727272727275,1,2,0,0,0.6666666666666666,False,1.0,0,0.0,0.0,0.0,0.0,0,0,0,0.0,4,1,1,0,1,1,0,True,1,1,1,0,0,6,0,0,False,0,0,0,0,False,False,False,False,0,0,40,1094,26.375,26.89394680964473,98,31.96969696969697,26.41680462461044,0.8263076328077199,0.175,1,0,21,False,2,0,0.0,0.0,5,0,1.0,3,0.75,1.5,2,29,8,78,31,86,426.06,2.69,1145.96,0.142,82.18,386,0,0.0,0.0,0.825,ai_circuit_073.cpp,C:\Users\ad\Downloads\codepython\project\fraud_detection_system\dataset_CPP\ai\ai_circuit_073.cpp,1,1094
2,1.2857142857142858,0,0,0,0,0,0,0,0,0,0,0,0,0,3,0,3,0,0,0,0,2,0,3,0.07142857142857142,0,0,3,1,1.0,0,1,4,False,4,4,1.0,5,5,0,0,1.0,0.0,0,0,0.0,0,0.0,0,18,6.7105263157894735,2,2,1,0,0.4,False,1.0,0,0.0,0.0,0.0,0.0,0,0,0,0.0,6,3,0,0,0,0,0,False,0,0,0,0,0,0,0,0,False,0,0,0,0,False,False,False,False,0,0,51,1029,19.19607843137255,17.990214777999576,80,23.30952380952381,17.237125071357568,0.7394885117436342,0.17647058823529413,1,0,27,False,2,0,0.0,0.0,6,0,1.0,2,0.3333333333333333,1.2857142857142858,5,27,14,66,32,80,400.0,6.11,2444.44,0.1333,78.83,344,0,0.0,0.0,0.8235294117647058,ai_command_pattern.cpp,C:\Users\ad\Downloads\codepython\project\fraud_detection_system\dataset_CPP\ai\ai_command_pattern.cpp,1,1029
2,1.1428571428571428,2,0,0,0,1,0,0,0,0,12,0,0,0,2,0,3,0,0,0,0,0,0,18,0.5,0,0,3,1,1.0,2,3,5,False,5,5,1.0,3,3,0,0,1.0,0.0,0,0,0.0,0,0.0,0,16,5.5,1,2,0,0,0.6666666666666666,False,1.0,0,0.0,0.0,0.0,0.0,0,0,0,0.0,11,2,1,0,0,0,0,False,0,0,2,2,0,2,0,0,False,0,0,0,0,False,False,False,False,0,0,48,1035,20.583333333333332,21.722524152491015,75,27.444444444444443,20.99661936339653,0.7650590051440032,0.25,1,0,21,False,2,0,0.0,0.0,4,0,1.0,1,0.09090909090909091,1.1428571428571428,3,23,6,60,26,66,310.23,3.91,1213.94,0.1034,82.88,366,0,1.0,0.0,0.75,ai_collector_020.cpp,C:\Users\ad\Downloads\codepython\project\fraud_detection_system\dataset_CPP\ai\ai_collector_020.cpp,1,1035
2,1.1428571428571428,2,0,0,0,1,0,0,0,0,12,0,0,0,2,0,3,0,0,0,0,0,0,18,0.5,0,0,3,1,1.0,2,3,5,False,5,5,1.0,3,3,0,0,1.0,0.0,0,0,0.0,0,0.0,0,16,5.5,1,2,1,0,0.5,False,1.0,0,0.0,0.0,0.0,0.0,0,0,0,0.0,11,2,1,0,0,0,0,False,0,0,2,2,0,2,0,0,False,0,0,0,0,False,False,False,False,0,0,48,1034,20.5625,21.722594084270874,75,27.416666666666668,21.005786239880564,0.7661684950716314,0.25,1,0,21,False,2,0,0.0,0.0,4,0,1.0,1,0.09090909090909091,1.1428571428571428,3,23,6,60,26,66,310.23,3.91,1213.94,0.1034,82.88,366,0,1.0,0.0,0.75,ai_datastore_000.cpp,C:\Users\ad\Downloads\codepython\project\fraud_detection_system\dataset_CPP\ai\ai_datastore_000.cpp,1,1034
2,1.1666666666666667,2,0,0,0,0,0,0,0,0,0,0,0,0,3,0,2,0,0,0,0,1,0,4,0.10526315789473684,0,0,3,1,1.0,0,1,6,False,6,6,1.0,5,5,0,0,1.0,0.0,1,1,1.0,2,0.5,0,19,6.095238095238095,0,1,1,0,0.5,False,1.0,0,0.0,0.0,0.0,0.0,0,0,0,0.0,6,3,1,0,0,0,0,False,0,0,4,2,0,1,0,0,False,0,0,0,0,False,False,False,False,0,0,49,1140,22.285714285714285,23.907986881682323,75,28.736842105263158,23.48760502962575,0.8173342409576727,0.22448979591836735,1,0,19,False,2,0,0.0,0.0,4,0,1.0,1,0.16666666666666666,1.1666666666666667,5,27,11,80,32,91,455.0,7.41,3370.37,0.1517,80.02,389,0,0.0,0.0,0.7755102040816326,ai_decryptor_079.cpp,C:\Users\ad\Downloads\codepython\project\fraud_detection_system\dataset_CPP\ai\ai_decryptor_079.cpp,1,1140
1,1.0,0,0,2,0,0,0,0,0,0,0,0,0,0,0,0,0,0,0,1,0,0,0,3,0.17647058823529413,0,0,0,0,0.0,0,0,2,False,2,2,1.0,6,6,0,0,1.0,0.0,3,3,1.0,0,0.0,6,7,4.0625,1,0,0,0,1.0,True,0.0,1,0.0,0.0,64.0,0.0,0,0,4,0.23529411764705882,2,0,0,2,0,0,0,False,0,0,0,0,0,2,0,0,False,0,0,0,0,False,False,False,False,0,0,20,380,18.05,16.138385916813366,61,21.235294117647058,15.4521249700475,0.7276623947113782,0.15,1,0,7,False,2,3,0.42857142857142855,0.0,2,0,1.0,0,0.0,1.0,3,18,6,34,21,40,175.69,2.83,497.8,0.0586,100.0,143,2,0.0,0.013986013986013986,0.85,ai_concept_math.cpp,C:\Users\ad\Downloads\codepython\project\fraud_detection_system\dataset_CPP\ai\ai_concept_math.cpp,1,380
3,1.6,2,0,0,0,0,0,0,0,0,0,0,0,0,0,0,0,0,0,0,0,2,0,2,0.06451612903225806,0,0,0,0,0.0,0,0,4,False,4,4,1.0,3,3,0,0,1.0,0.0,3,3,1.0,8,0.5,1,19,5.512195121951219,2,0,1,0,0.6666666666666666,False,0.0,1,0.0,0.0,72.0,0.0,0,0,4,0.12903225806451613,3,1,0,0,0,0,0,False,1,1,3,1,0,2,1,0,False,0,0,0,0,False,False,False,False,0,0,36,962,25.75,23.979592017658128,102,29.64516129032258,23.59817979188468,0.7960212987469261,0.1388888888888889,1,0,22,False,2,3,0.13636363636363635,0.027777777777777776,5,0,1.0,4,1.3333333333333333,1.6,8,28,14,70,36,84,434.27,10.0,4342.74,0.1448,100.0,314,2,0.0,0.006369426751592357,0.8611111111111112,ai_config_loader.cpp,C:\Users\ad\Downloads\codepython\project\fraud_detection_system\dataset_CPP\ai\ai_config_loader.cpp,1,962
1,1.0,0,0,1,0,0,0,0,0,0,0,0,0,0,0,0,0,0,2,0,0,3,0,3,0.08333333333333333,0,0,0,0,0.0,0,0,5,False,5,5,1.0,13,13,0,0,1.0,0.0,19,19,1.0,4,0.5,3,24,4.444444444444445,3,2,0,0,0.6,False,1.0,0,0.0,0.0,0.0,0.0,0,0,0,0.0,5,1,1,1,0,0,1,False,0,0,1,0,0,4,0,0,False,0,0,0,0,False,False,False,False,0,0,45,1244,26.666666666666668,26.77893035785991,108,33.333333333333336,25.96471965314986,0.7789415895944958,0.2,1,0,24,False,2,0,0.0,0.0,4,0,1.0,3,0.6,1.0,6,35,29,125,41,154,825.06,10.71,8839.96,0.275,77.34,551,0,0.0,0.0,0.8,ai_converter_016.cpp,C:\Users\ad\Downloads\codepython\project\fraud_detection_system\dataset_CPP\ai\ai_converter_016.cpp,1,1244
2,1.5,0,0,0,1,0,0,1,0,0,6,0,0,0,0,0,2,0,1,0,0,1,0,11,0.3333333333333333,0,0,0,0,0.0,0,0,7,False,5,5,0.7142857142857143,0,0,0,0,0.0,0.0,6,6,1.0,6,0.5,2,21,5.7272727272727275,1,2,0,0,0.6666666666666666,False,1.0,0,0.0,0.0,0.0,0.0,0,0,0,0.0,4,1,1,0,1,1,0,True,1,1,1,0,0,6,0,0,False,0,0,0,0,False,False,False,False,0,0,40,1094,26.375,26.89394680964473,98,31.96969696969697,26.41680462461044,0.8263076328077199,0.175,1,0,21,False,2,0,0.0,0.0,5,0,1.0,3,0.75,1.5,2,29,8,78,31,86,426.06,2.69,1145.96,0.142,82.18,386,0,0.0,0.0,0.825,ai_crawler_098.cpp,C:\Users\ad\Downloads\codepython\project\fraud_detection_system\dataset_CPP\ai\ai_crawler_098.cpp,1,1094
2,1.1666666666666667,2,0,0,0,0,0,0,0,0,0,0,0,0,3,0,2,0,0,0,0,1,0,4,0.10526315789473684,0,0,3,1,1.0,0,1,6,False,6,6,1.0,5,5,0,0,1.0,0.0,1,1,1.0,2,0.5,0,19,6.0,0,1,1,0,0.5,False,1.0,0,0.0,0.0,0.0,0.0,0,0,0,0.0,6,3,1,0,0,0,0,False,0,0,4,2,0,1,0,0,False,0,0,0,0,False,False,False,False,0,0,49,1124,21.959183673469386,23.586539903931087,73,28.31578947368421,23.18132785711027,0.8186714298979464,0.22448979591836735,1,0,19,False,2,0,0.0,0.0,4,0,1.0,1,0.16666666666666666,1.1666666666666667,5,27,11,80,32,91,455.0,7.41,3370.37,0.1517,80.02,389,0,0.0,0.0,0.7755102040816326,ai_counter_059.cpp,C:\Users\ad\Downloads\codepython\project\fraud_detection_system\dataset_CPP\ai\ai_counter_059.cpp,1,1124
2,1.1428571428571428,2,0,0,0,1,0,0,0,0,12,0,0,0,2,0,3,0,0,0,0,0,0,18,0.5,0,0,3,1,1.0,2,3,5,False,5,5,1.0,3,3,0,0,1.0,0.0,0,0,0.0,0,0.0,0,16,5.25,1,2,0,0,0.6666666666666666,False,1.0,0,0.0,0.0,0.0,0.0,0,0,0,0.0,11,2,1,0,0,0,0,False,0,0,2,2,0,2,0,0,False,0,0,0,0,False,False,False,False,0,0,48,1007,20.0,21.09601068132709,75,26.666666666666668,20.386542402062965,0.7644953400773611,0.25,1,0,21,False,2,0,0.0,0.0,4,0,1.0,1,0.09090909090909091,1.1428571428571428,3,23,6,60,26,66,310.23,3.91,1213.94,0.1034,82.88,366,0,1.0,0.0,0.75,ai_encoder_010.cpp,C:\Users\ad\Downloads\codepython\project\fraud_detection_system\dataset_CPP\ai\ai_encoder_010.cpp,1,1007
2,1.1666666666666667,2,0,4,0,0,0,1,0,0,6,0,0,0,0,1,0,0,0,0,0,2,0,14,0.5,0,0,0,0,0.0,0,1,3,False,2,2,0.6666666666666666,3,3,0,0,1.0,0.0,3,3,1.0,3,1.0,10,9,5.190476190476191,2,0,1,0,0.6666666666666666,False,0.0,1,0.0,0.0,84.0,0.0,0,0,4,0.14285714285714285,6,1,0,4,0,0,2,False,0,0,5,0,0,3,0,0,False,0,0,0,0,False,False,False,False,0,0,34,946,26.852941176470587,26.320571637969437,89,32.607142857142854,25.5655170740845,0.7840465258207734,0.17647058823529413,1,0,17,False,2,3,0.17647058823529413,0.0,3,0,1.0,2,0.3333333333333333,1.1666666666666667,4,19,5,57,23,62,280.46,6.0,1682.77,0.0935,100.0,349,2,0.0,0.0057306590257879654,0.8235294117647058,ai_custom_allocator.cpp,C:\Users\ad\Downloads\codepython\project\fraud_detection_system\dataset_CPP\ai\ai_custom_allocator.cpp,1,946
2,1.3333333333333333,2,0,0,0,0,0,0,0,0,0,0,0,0,0,0,2,0,0,0,0,0,0,4,0.2,0,0,0,0,0.0,0,0,2,False,2,2,1.0,0,0,0,0,0.0,0.0,0,0,0.0,2,0.5,1,9,4.235294117647059,0,0,0,0,1.0,True,0.0,1,0.0,0.0,58.0,0.0,0,0,4,0.2,2,1,0,0,0,0,0,False,0,0,0,0,0,0,0,0,False,0,0,0,0,False,False,False,False,0,0,21,418,18.952380952380953,13.837410267188522,46,19.9,13.497777594848717,0.6782802811481767,0.047619047619047616,1,0,14,False,2,3,0.21428571428571427,0.0,3,0,1.0,1,0.5,1.3333333333333333,2,14,5,25,16,30,120.0,1.79,214.29,0.04,100.0,154,2,0.0,0.012987012987012988,0.9523809523809523,ai_event_loop.cpp,C:\Users\ad\Downloads\codepython\project\fraud_detection_system\dataset_CPP\ai\ai_event_loop.cpp,1,418
1,1.0,0,0,1,0,0,0,0,0,0,0,0,0,0,0,0,0,0,2,0,0,3,0,3,0.08333333333333333,0,0,0,0,0.0,0,0,5,False,5,5,1.0,13,13,0,0,1.0,0.0,19,19,1.0,4,0.5,3,24,4.419753086419753,3,2,0,0,0.6,False,1.0,0,0.0,0.0,0.0,0.0,0,0,0,0.0,5,1,1,1,0,0,1,False,0,0,1,0,0,4,0,0,False,0,0,0,0,False,False,False,False,0,0,45,1240,26.57777777777778,26.734487829509153,108,33.22222222222222,25.935937220508784,0.7806803845638096,0.2,1,0,24,False,2,0,0.0,0.0,4,0,1.0,3,0.6,1.0,6,35,29,125,41,154,825.06,10.71,8839.96,0.275,77.34,551,0,0.0,0.0,0.8,ai_decoder_011.cpp,C:\Users\ad\Downloads\codepython\project\fraud_detection_system\dataset_CPP\ai\ai_decoder_011.cpp,1,1240
2,1.5,0,0,0,1,0,0,1,0,0,6,0,0,0,0,0,2,0,1,0,0,1,0,11,0.3333333333333333,0,0,0,0,0.0,0,0,7,False,5,5,0.7142857142857143,0,0,0,0,0.0,0.0,6,6,1.0,6,0.5,2,21,5.7272727272727275,1,2,0,0,0.6666666666666666,False,1.0,0,0.0,0.0,0.0,0.0,0,0,0,0.0,4,1,1,0,1,1,0,True,1,1,1,0,0,6,0,0,False,0,0,0,0,False,False,False,False,0,0,40,1095,26.4,26.883824132738255,98,32.0,26.397887886126135,0.8249339964414417,0.175,1,0,21,False,2,0,0.0,0.0,5,0,1.0,3,0.75,1.5,2,29,8,78,31,86,426.06,2.69,1145.96,0.142,82.18,386,0,0.0,0.0,0.825,ai_executor_038.cpp,C:\Users\ad\Downloads\codepython\project\fraud_detection_system\dataset_CPP\ai\ai_executor_038.cpp,1,1095
2,1.1666666666666667,2,0,0,0,0,0,0,0,0,0,0,0,0,3,0,2,0,0,0,0,1,0,4,0.10526315789473684,0,0,3,1,1.0,0,1,6,False,6,6,1.0,5,5,0,0,1.0,0.0,1,1,1.0,2,0.5,0,19,5.9523809523809526,0,1,1,0,0.5,False,1.0,0,0.0,0.0,0.0,0.0,0,0,0,0.0,6,3,1,0,0,0,0,False,0,0,4,2,0,1,0,0,False,0,0,0,0,False,False,False,False,0,0,49,1116,21.79591836734694,23.43552126174416,72,28.105263157894736,23.04091266659581,0.819807754054907,0.22448979591836735,1,0,19,False,2,0,0.0,0.0,4,0,1.0,1,0.16666666666666666,1.1666666666666667,5,27,11,80,32,91,455.0,7.41,3370.37,0.1517,80.02,389,0,0.0,0.0,0.7755102040816326,ai_differ_084.cpp,C:\Users\ad\Downloads\codepython\project\fraud_detection_system\dataset_CPP\ai\ai_differ_084.cpp,1,1116
2,1.5,0,0,0,1,0,0,1,0,0,6,0,0,0,0,0,2,0,1,0,0,1,0,11,0.3333333333333333,0,0,0,0,0.0,0,0,7,False,5,5,0.7142857142857143,0,0,0,0,0.0,0.0,6,6,1.0,6,0.5,2,21,5.7272727272727275,1,2,0,0,0.6666666666666666,False,1.0,0,0.0,0.0,0.0,0.0,0,0,0,0.0,4,1,1,0,1,1,0,True,1,1,1,0,0,6,0,0,False,0,0,0,0,False,False,False,False,0,0,40,1096,26.425,26.873674385911578,98,32.03030303030303,26.378922771311935,0.8235614488678277,0.175,1,0,21,False,2,0,0.0,0.0,5,0,1.0,3,0.75,1.5,2,29,8,78,31,86,426.06,2.69,1145.96,0.142,82.18,386,0,0.0,0.0,0.825,ai_dispatcher_008.cpp,C:\Users\ad\Downloads\codepython\project\fraud_detection_system\dataset_CPP\ai\ai_dispatcher_008.cpp,1,1096
4,2.4285714285714284,0,0,0,0,0,1,0,0,0,6,0,0,0,0,0,0,0,0,0,0,10,0,6,0.08955223880597014,0,0,0,0,0.0,0,0,5,False,4,4,0.8,33,33,0,0,1.0,0.0,4,4,1.0,16,0.5,20,20,3.8846153846153846,1,2,0,0,0.6666666666666666,False,1.0,0,0.0,0.0,0.0,0.0,0,0,0,0.0,4,1,1,0,0,0,1,False,0,0,1,1,0,6,1,0,False,0,0,0,0,False,False,False,False,0,0,79,2296,28.075949367088608,22.190642429647557,86,33.1044776119403,20.3507558467267,0.6147433010508065,0.1518987341772152,1,0,56,False,2,0,0.0,0.0,14,0,1.0,17,4.25,2.4285714285714284,18,40,70,174,58,244,1429.35,39.15,55958.95,0.4764,61.2,923,0,0.0,0.0,0.8481012658227848,ai_expression_parser.cpp,C:\Users\ad\Downloads\codepython\project\fraud_detection_system\dataset_CPP\ai\ai_expression_parser.cpp,1,2296
1,1.0,0,0,1,0,0,0,0,0,0,0,0,0,0,0,0,0,0,2,0,0,3,0,3,0.08333333333333333,0,0,0,0,0.0,0,0,5,False,5,5,1.0,13,13,0,0,1.0,0.0,19,19,1.0,4,0.5,3,24,4.419753086419753,3,2,0,0,0.6,False,1.0,0,0.0,0.0,0.0,0.0,0,0,0,0.0,5,1,1,1,0,0,1,False,0,0,1,0,0,4,0,0,False,0,0,0,0,False,False,False,False,0,0,45,1240,26.57777777777778,26.734487829509153,108,33.22222222222222,25.935937220508784,0.7806803845638096,0.2,1,0,24,False,2,0,0.0,0.0,4,0,1.0,3,0.6,1.0,6,35,29,125,41,154,825.06,10.71,8839.96,0.275,77.34,551,0,0.0,0.0,0.8,ai_emitter_031.cpp,C:\Users\ad\Downloads\codepython\project\fraud_detection_system\dataset_CPP\ai\ai_emitter_031.cpp,1,1240
2,1.1428571428571428,2,0,0,0,1,0,0,0,0,12,0,0,0,2,0,3,0,0,0,0,0,0,18,0.5,0,0,3,1,1.0,2,3,5,False,5,5,1.0,3,3,0,0,1.0,0.0,0,0,0.0,0,0.0,0,16,5.125,1,2,0,0,0.6666666666666666,False,1.0,0,0.0,0.0,0.0,0.0,0,0,0,0.0,11,2,1,0,0,0,0,False,0,0,2,2,0,2,0,0,False,0,0,0,0,False,False,False,False,0,0,48,993,19.708333333333332,20.802602334537113,75,26.27777777777778,20.108885696393454,0.7652430074737466,0.25,1,0,21,False,2,0,0.0,0.0,4,0,1.0,1,0.09090909090909091,1.1428571428571428,3,23,6,60,26,66,310.23,3.91,1213.94,0.1034,82.88,366,0,1.0,0.0,0.75,ai_filter_025.cpp,C:\Users\ad\Downloads\codepython\project\fraud_detection_system\dataset_CPP\ai\ai_filter_025.cpp,1,993
2,1.5,0,0,0,1,0,0,1,0,0,6,0,0,0,0,0,2,0,1,0,0,1,0,11,0.3333333333333333,0,0,0,0,0.0,0,0,7,False,5,5,0.7142857142857143,0,0,0,0,0.0,0.0,6,6,1.0,6,0.5,2,21,5.7272727272727275,1,2,0,0,0.6666666666666666,False,1.0,0,0.0,0.0,0.0,0.0,0,0,0,0.0,4,1,1,0,1,1,0,True,1,1,1,0,0,6,0,0,False,0,0,0,0,False,False,False,False,0,0,40,1096,26.425,26.874604648254827,98,32.03030303030303,26.38007150550289,0.8235973128491915,0.175,1,0,21,False,2,0,0.0,0.0,5,0,1.0,3,0.75,1.5,2,29,8,78,31,86,426.06,2.69,1145.96,0.142,82.18,386,0,0.0,0.0,0.825,ai_evaluator_018.cpp,C:\Users\ad\Downloads\codepython\project\fraud_detection_system\dataset_CPP\ai\ai_evaluator_018.cpp,1,1096
2,1.5,0,0,0,1,0,0,1,0,0,6,0,0,0,0,0,2,0,1,0,0,1,0,11,0.3333333333333333,0,0,0,0,0.0,0,0,7,False,5,5,0.7142857142857143,0,0,0,0,0.0,0.0,6,6,1.0,6,0.5,2,21,5.7272727272727275,1,2,0,0,0.6666666666666666,False,1.0,0,0.0,0.0,0.0,0.0,0,0,0,0.0,4,1,1,0,1,1,0,True,1,1,1,0,0,6,0,0,False,0,0,0,0,False,False,False,False,0,0,40,1096,26.425,26.874604648254827,98,32.03030303030303,26.38007150550289,0.8235973128491915,0.175,1,0,21,False,2,0,0.0,0.0,5,0,1.0,3,0.75,1.5,2,29,8,78,31,86,426.06,2.69,1145.96,0.142,82.18,386,0,0.0,0.0,0.825,ai_encryptor_078.cpp,C:\Users\ad\Downloads\codepython\project\fraud_detection_system\dataset_CPP\ai\ai_encryptor_078.cpp,1,1096
2,1.5,0,0,0,1,0,0,1,0,0,6,0,0,0,0,0,2,0,1,0,0,1,0,11,0.3333333333333333,0,0,0,0,0.0,0,0,7,False,5,5,0.7142857142857143,0,0,0,0,0.0,0.0,6,6,1.0,6,0.5,2,21,5.7272727272727275,1,2,0,0,0.6666666666666666,False,1.0,0,0.0,0.0,0.0,0.0,0,0,0,0.0,4,1,1,0,1,1,0,True,1,1,1,0,0,6,0,0,False,0,0,0,0,False,False,False,False,0,0,40,1096,26.425,26.874604648254827,98,32.03030303030303,26.38007150550289,0.8235973128491915,0.175,1,0,21,False,2,0,0.0,0.0,5,0,1.0,3,0.75,1.5,2,29,8,78,31,86,426.06,2.69,1145.96,0.142,82.18,386,0,0.0,0.0,0.825,ai_formatter_013.cpp,C:\Users\ad\Downloads\codepython\project\fraud_detection_system\dataset_CPP\ai\ai_formatter_013.cpp,1,1096
4,2.3333333333333335,8,0,0,0,2,0,0,0,0,0,1,0,0,0,2,0,2,0,0,0,4,0,15,0.20270270270270271,0,0,0,0,0.0,0,0,5,False,5,5,1.0,11,11,0,0,1.0,0.0,5,5,1.0,15,0.5333333333333333,3,25,6.577464788732394,2,5,0,0,0.7142857142857143,False,1.0,9,0.0,0.6666666666666666,92.33333333333333,119.94072610159478,0,6,23,0.3108108108108108,2,1,1,0,0,0,0,False,0,0,1,0,0,3,0,0,False,0,0,0,0,False,False,False,False,0,0,91,2809,29.87912087912088,29.52102441893963,125,36.58108108108108,28.81488295850504,0.7876990539081541,0.18681318681318682,1,0,64,False,2,14,0.21875,0.04395604395604396,9,0,1.0,7,3.5,2.3333333333333335,9,51,28,126,60,154,909.66,11.12,10113.29,0.3032,100.0,637,0,1.0,0.0,0.8131868131868132,ai_dijkstra.cpp,C:\Users\ad\Downloads\codepython\project\fraud_detection_system\dataset_CPP\ai\ai_dijkstra.cpp,1,2809
4,1.875,2,0,0,0,2,0,0,0,0,0,0,0,0,0,0,0,0,0,0,0,1,0,4,0.08163265306122448,0,0,0,0,0.0,0,0,4,False,4,4,1.0,4,4,0,0,1.0,0.0,6,6,1.0,12,0.5,13,24,4.77027027027027,1,1,0,0,0.5,False,1.0,0,0.0,0.0,0.0,0.0,0,0,0,0.0,4,1,1,0,0,0,0,False,0,0,0,1,0,2,0,0,False,0,0,0,0,False,False,False,False,0,0,61,1238,19.311475409836067,15.923527271744334,62,24.040816326530614,14.211175802900964,0.591127007081619,0.19672131147540983,1,0,37,False,2,0,0.0,0.0,7,0,1.0,4,1.0,1.875,4,39,23,107,43,130,705.41,5.49,3870.74,0.2351,72.93,482,0,1.0,0.0,0.8032786885245902,ai_graph_bfs.cpp,C:\Users\ad\Downloads\codepython\project\fraud_detection_system\dataset_CPP\ai\ai_graph_bfs.cpp,1,1238
4,2.0,2,0,0,0,0,1,0,0,0,0,0,0,0,0,0,0,0,0,0,0,2,0,2,0.0625,0,0,0,0,0.0,0,0,4,False,4,4,1.0,1,1,0,0,1.0,0.0,1,1,1.0,10,0.5,0,23,5.018867924528302,1,2,1,0,0.5,False,1.0,0,0.0,0.0,0.0,0.0,0,0,0,0.0,3,1,0,0,0,0,0,False,0,0,0,1,0,1,0,0,False,0,0,0,0,False,False,False,False,0,0,40,943,22.6,19.3220081772056,80,28.25,17.523198908875056,0.6202902268628339,0.2,1,0,24,False,2,0,0.0,0.0,5,0,1.0,4,1.3333333333333333,2.0,5,26,18,66,31,84,416.15,6.35,2640.97,0.1387,82.57,348,0,0.0,0.0,0.8,ai_graph_dfs.cpp,C:\Users\ad\Downloads\codepython\project\fraud_detection_system\dataset_CPP\ai\ai_graph_dfs.cpp,1,943
2,1.1666666666666667,2,0,0,0,0,0,0,0,0,0,0,0,0,3,0,2,0,0,0,0,1,0,4,0.10526315789473684,0,0,3,1,1.0,0,1,6,False,6,6,1.0,5,5,0,0,1.0,0.0,1,1,1.0,2,0.5,0,19,6.0,0,1,1,0,0.5,False,1.0,0,0.0,0.0,0.0,0.0,0,0,0,0.0,6,3,1,0,0,0,0,False,0,0,4,2,0,1,0,0,False,0,0,0,0,False,False,False,False,0,0,49,1124,21.959183673469386,23.586539903931087,73,28.31578947368421,23.18132785711027,0.8186714298979464,0.22448979591836735,1,0,19,False,2,0,0.0,0.0,4,0,1.0,1,0.16666666666666666,1.1666666666666667,5,27,11,80,32,91,455.0,7.41,3370.37,0.1517,80.02,389,0,0.0,0.0,0.7755102040816326,ai_fetcher_099.cpp,C:\Users\ad\Downloads\codepython\project\fraud_detection_system\dataset_CPP\ai\ai_fetcher_099.cpp,1,1124
1,1.0,0,0,1,0,0,0,0,0,0,9,0,0,0,0,0,3,0,0,0,0,1,0,13,0.43333333333333335,0,0,0,0,0.0,0,0,5,False,5,5,1.0,0,0,0,0,0.0,0.0,0,0,0.0,8,0.5,0,19,5.589743589743589,2,0,0,0,1.0,True,0.0,0,0.0,0.0,0.0,0.0,0,0,0,0.0,6,1,0,1,0,0,0,False,3,1,0,2,0,4,0,0,False,0,0,0,0,False,False,False,False,0,0,37,905,23.486486486486488,21.16169617380705,71,28.966666666666665,19.83848672544243,0.6848729594514072,0.1891891891891892,1,0,20,False,2,0,0.0,0.0,3,0,1.0,1,0.16666666666666666,1.0,1,26,8,70,27,78,370.88,1.35,499.26,0.1236,84.91,346,0,0.0,0.0,0.8108108108108109,ai_handler_022.cpp,C:\Users\ad\Downloads\codepython\project\fraud_detection_system\dataset_CPP\ai\ai_handler_022.cpp,1,905
3,2.0,2,0,0,0,1,0,0,0,0,0,0,0,0,0,0,0,0,0,0,0,2,0,3,0.17647058823529413,0,0,0,0,0.0,0,0,2,False,2,2,1.0,3,3,0,0,1.0,0.0,0,0,0.0,0,0.0,1,11,7.882352941176471,3,1,0,0,0.75,False,1.0,1,0.0,0.0,67.0,0.0,0,0,4,0.23529411764705882,1,0,0,0,0,0,0,False,0,0,1,0,0,1,0,0,False,0,0,0,0,False,False,False,False,0,0,19,473,23.94736842105263,22.32410470700962,66,26.764705882352942,21.94519754984516,0.8199304579063027,0.10526315789473684,1,0,11,False,2,3,0.2727272727272727,0.0,4,0,1.0,3,3.0,2.0,4,16,9,27,20,36,155.59,3.38,525.11,0.0519,100.0,153,2,1.0,0.013071895424836602,0.8947368421052632,ai_filesystem.cpp,C:\Users\ad\Downloads\codepython\project\fraud_detection_system\dataset_CPP\ai\ai_filesystem.cpp,1,473
1,1.0,0,0,1,0,0,0,0,0,0,0,0,0,0,0,0,0,0,2,0,0,3,0,3,0.08333333333333333,0,0,0,0,0.0,0,0,5,False,5,5,1.0,13,13,0,0,1.0,0.0,19,19,1.0,4,0.5,3,24,4.407407407407407,3,2,0,0,0.6,False,1.0,0,0.0,0.0,0.0,0.0,0,0,0,0.0,5,1,1,1,0,0,1,False,0,0,1,0,0,4,0,0,False,0,0,0,0,False,False,False,False,0,0,45,1238,26.533333333333335,26.71462354425215,108,33.166666666666664,25.924570070366325,0.7816453287547637,0.2,1,0,24,False,2,0,0.0,0.0,4,0,1.0,3,0.6,1.0,6,35,29,125,41,154,825.06,10.71,8839.96,0.275,77.34,551,0,0.0,0.0,0.8,ai_finder_096.cpp,C:\Users\ad\Downloads\codepython\project\fraud_detection_system\dataset_CPP\ai\ai_finder_096.cpp,1,1238
3,1.75,4,0,1,0,2,0,1,0,0,3,0,0,0,0,0,0,0,0,0,0,2,0,11,0.2894736842105263,0,0,0,0,0.0,0,0,5,False,5,5,1.0,4,4,0,0,1.0,0.0,1,1,1.0,4,0.5,0,14,5.469387755102041,1,0,1,1,0.5,False,0.0,0,0.0,0.0,0.0,0.0,0,0,0,0.0,4,2,0,1,0,0,0,False,0,0,3,2,0,4,0,0,False,0,0,0,0,False,False,False,False,0,0,45,1118,23.866666666666667,19.761466432316087,66,28.263157894736842,18.39004909773692,0.6506721282253286,0.15555555555555556,1,0,29,False,2,0,0.0,0.0,6,0,1.0,4,1.0,1.75,5,24,13,75,29,88,427.5,7.81,3339.86,0.1425,79.65,382,0,1.0,0.0,0.8444444444444444,ai_hash_map.cpp,C:\Users\ad\Downloads\codepython\project\fraud_detection_system\dataset_CPP\ai\ai_hash_map.cpp,1,1118
2,1.1428571428571428,2,0,0,0,1,0,0,0,0,12,0,0,0,2,0,3,0,0,0,0,0,0,18,0.5,0,0,3,1,1.0,2,3,5,False,5,5,1.0,3,3,0,0,1.0,0.0,0,0,0.0,0,0.0,0,16,5.125,1,2,0,0,0.6666666666666666,False,1.0,0,0.0,0.0,0.0,0.0,0,0,0,0.0,11,2,1,0,0,0,0,False,0,0,2,2,0,2,0,0,False,0,0,0,0,False,False,False,False,0,0,48,993,19.708333333333332,20.802602334537113,75,26.27777777777778,20.108885696393454,0.7652430074737466,0.25,1,0,21,False,2,0,0.0,0.0,4,0,1.0,1,0.09090909090909091,1.1428571428571428,3,23,6,60,26,66,310.23,3.91,1213.94,0.1034,82.88,366,0,1.0,0.0,0.75,ai_hasher_075.cpp,C:\Users\ad\Downloads\codepython\project\fraud_detection_system\dataset_CPP\ai\ai_hasher_075.cpp,1,993
1,1.0,0,0,1,0,0,0,0,0,0,9,0,0,0,0,0,3,0,0,0,0,1,0,13,0.43333333333333335,0,0,0,0,0.0,0,0,5,False,5,5,1.0,0,0,0,0,0.0,0.0,0,0,0.0,8,0.5,0,19,5.641025641025641,2,0,0,0,1.0,True,0.0,0,0.0,0.0,0.0,0.0,0,0,0,0.0,6,1,0,1,0,0,0,False,3,1,0,2,0,4,0,0,False,0,0,0,0,False,False,False,False,0,0,37,909,23.594594594594593,21.265959932781623,73,29.1,19.938823101343434,0.6851829244447916,0.1891891891891892,1,0,20,False,2,0,0.0,0.0,3,0,1.0,1,0.16666666666666666,1.0,1,26,8,70,27,78,370.88,1.35,499.26,0.1236,84.91,346,0,0.0,0.0,0.8108108108108109,ai_generator_017.cpp,C:\Users\ad\Downloads\codepython\project\fraud_detection_system\dataset_CPP\ai\ai_generator_017.cpp,1,909
2,1.5,0,0,0,1,0,0,1,0,0,6,0,0,0,0,0,2,0,1,0,0,1,0,11,0.3333333333333333,0,0,0,0,0.0,0,0,7,False,5,5,0.7142857142857143,0,0,0,0,0.0,0.0,6,6,1.0,6,0.5,2,21,5.7272727272727275,1,2,0,0,0.6666666666666666,False,1.0,0,0.0,0.0,0.0,0.0,0,0,0,0.0,4,1,1,0,1,1,0,True,1,1,1,0,0,6,0,0,False,0,0,0,0,False,False,False,False,0,0,40,1094,26.375,26.89394680964473,98,31.96969696969697,26.41680462461044,0.8263076328077199,0.175,1,0,21,False,2,0,0.0,0.0,5,0,1.0,3,0.75,1.5,2,29,8,78,31,86,426.06,2.69,1145.96,0.142,82.18,386,0,0.0,0.0,0.825,ai_indexer_028.cpp,C:\Users\ad\Downloads\codepython\project\fraud_detection_system\dataset_CPP\ai\ai_indexer_028.cpp,1,1094
2,1.1666666666666667,2,0,0,0,0,0,0,0,0,0,0,0,0,3,0,2,0,0,0,0,1,0,4,0.10526315789473684,0,0,3,1,1.0,0,1,6,False,6,6,1.0,5,5,0,0,1.0,0.0,1,1,1.0,2,0.5,0,19,6.0,0,1,1,0,0.5,False,1.0,0,0.0,0.0,0.0,0.0,0,0,0,0.0,6,3,1,0,0,0,0,False,0,0,4,2,0,1,0,0,False,0,0,0,0,False,False,False,False,0,0,49,1124,21.959183673469386,23.586539903931087,73,28.31578947368421,23.18132785711027,0.8186714298979464,0.22448979591836735,1,0,19,False,2,0,0.0,0.0,4,0,1.0,1,0.16666666666666666,1.1666666666666667,5,27,11,80,32,91,455.0,7.41,3370.37,0.1517,80.02,389,0,0.0,0.0,0.7755102040816326,ai_gateway_044.cpp,C:\Users\ad\Downloads\codepython\project\fraud_detection_system\dataset_CPP\ai\ai_gateway_044.cpp,1,1124
1,1.0,0,0,1,0,0,0,0,0,0,0,0,0,0,0,0,0,0,2,0,0,3,0,3,0.08333333333333333,0,0,0,0,0.0,0,0,5,False,5,5,1.0,13,13,0,0,1.0,0.0,19,19,1.0,4,0.5,3,24,4.395061728395062,3,2,0,0,0.6,False,1.0,0,0.0,0.0,0.0,0.0,0,0,0,0.0,5,1,1,1,0,0,1,False,0,0,1,0,0,4,0,0,False,0,0,0,0,False,False,False,False,0,0,45,1236,26.488888888888887,26.69633534752765,108,33.111111111111114,25.915222658354658,0.7826745098160802,0.2,1,0,24,False,2,0,0.0,0.0,4,0,1.0,3,0.6,1.0,6,35,29,125,41,154,825.06,10.71,8839.96,0.275,77.34,551,0,0.0,0.0,0.8,ai_gauge_061.cpp,C:\Users\ad\Downloads\codepython\project\fraud_detection_system\dataset_CPP\ai\ai_gauge_061.cpp,1,1236
2,1.3333333333333333,2,1,0,0,0,0,0,0,0,0,0,0,0,1,1,1,0,0,0,0,1,0,5,0.2,0,0,3,1,1.0,0,1,4,False,4,4,1.0,1,1,0,0,1.0,0.0,1,1,1.0,2,0.5,1,12,5.5,0,1,0,0,1.0,True,1.0,1,0.0,0.0,94.0,0.0,0,0,4,0.16,3,2,0,0,0,0,0,False,0,0,2,1,0,2,0,0,False,0,0,0,0,False,False,False,False,0,0,30,741,23.733333333333334,22.823866650698974,79,28.48,22.134353390148988,0.7771893746541078,0.16666666666666666,1,0,15,False,2,3,0.2,0.0,3,0,1.0,1,0.3333333333333333,1.3333333333333333,4,21,5,45,25,50,232.19,4.29,995.11,0.0774,100.0,233,2,0.0,0.008583690987124463,0.8333333333333334,ai_generic_factory.cpp,C:\Users\ad\Downloads\codepython\project\fraud_detection_system\dataset_CPP\ai\ai_generic_factory.cpp,1,741
3,1.4,4,1,1,0,0,0,0,0,0,6,0,0,0,0,0,6,0,0,0,0,3,0,18,0.375,0,0,3,2,1.0,0,1,3,False,3,3,1.0,4,4,0,0,1.0,0.0,0,0,0.0,6,0.5,0,23,5.333333333333333,2,3,1,0,0.5,False,1.0,0,0.0,0.0,0.0,0.0,0,0,0,0.0,8,2,0,1,0,0,0,False,0,0,0,3,0,5,0,0,False,0,0,0,0,False,False,False,False,0,0,58,1262,20.775862068965516,18.07269144264282,69,25.104166666666668,16.911829665618352,0.6736662439416439,0.1724137931034483,1,0,39,False,2,0,0.0,0.0,7,0,1.0,4,0.5,1.4,8,33,22,101,41,123,658.98,12.24,8067.5,0.2197,73.61,487,0,0.0,0.0,0.8275862068965517,ai_linked_list.cpp,C:\Users\ad\Downloads\codepython\project\fraud_detection_system\dataset_CPP\ai\ai_linked_list.cpp,1,1262
1,1.0,2,0,2,0,0,0,0,0,0,0,0,0,0,0,0,0,0,0,0,0,0,0,4,0.17391304347826086,0,0,0,0,0.0,0,0,3,False,3,3,1.0,1,1,0,0,1.0,0.0,3,3,1.0,0,0.0,3,10,5.1875,0,1,0,0,1.0,True,1.0,0,0.0,0.0,0.0,0.0,0,0,0,0.0,6,1,0,2,0,0,0,False,0,0,0,4,0,5,0,0,False,0,0,0,0,False,False,False,False,0,0,30,634,20.166666666666668,19.817640850739245,69,26.304347826086957,18.730200636379127,0.7120572142755701,0.23333333333333334,1,0,12,False,2,0,0.0,0.0,3,0,1.0,0,0.0,1.0,2,14,3,43,16,46,184.0,3.07,565.14,0.0613,93.09,221,0,0.0,0.0,0.7666666666666667,ai_iterator_range.cpp,C:\Users\ad\Downloads\codepython\project\fraud_detection_system\dataset_CPP\ai\ai_iterator_range.cpp,1,634
1,1.0,0,0,0,0,0,0,0,0,0,3,0,1,0,0,0,0,0,0,0,0,1,0,4,0.13793103448275862,0,0,0,0,0.0,0,0,5,False,4,4,0.8,0,0,0,0,0.0,0.0,0,0,0.0,0,0.0,1,14,4.777777777777778,1,0,0,0,1.0,True,0.0,1,0.0,0.0,92.0,0.0,0,0,4,0.13793103448275862,1,3,1,0,0,0,0,False,0,0,1,1,0,2,0,0,False,0,0,0,0,False,False,False,False,0,0,33,755,21.90909090909091,20.72089215986673,87,24.93103448275862,20.32822232925881,0.8153782123769094,0.12121212121212122,1,0,21,False,2,3,0.14285714285714285,0.0,1,0,1.0,1,1.0,1.0,1,26,2,44,27,46,218.72,0.85,185.07,0.0729,100.0,202,2,0.0,0.009900990099009901,0.8787878787878788,ai_http_client.cpp,C:\Users\ad\Downloads\codepython\project\fraud_detection_system\dataset_CPP\ai\ai_http_client.cpp,1,755
1,1.0,0,0,1,0,0,0,0,0,0,9,0,0,0,0,0,3,0,0,0,0,1,0,13,0.43333333333333335,0,0,0,0,0.0,0,0,5,False,5,5,1.0,0,0,0,0,0.0,0.0,0,0,0.0,8,0.5,0,19,5.615384615384615,2,0,0,0,1.0,True,0.0,0,0.0,0.0,0.0,0.0,0,0,0,0.0,6,1,0,1,0,0,0,False,3,1,0,2,0,4,0,0,False,0,0,0,0,False,False,False,False,0,0,37,907,23.54054054054054,21.212686915954386,72,29.033333333333335,19.8871538659731,0.6849765969910367,0.1891891891891892,1,0,20,False,2,0,0.0,0.0,3,0,1.0,1,0.16666666666666666,1.0,1,26,8,70,27,78,370.88,1.35,499.26,0.1236,84.91,346,0,0.0,0.0,0.8108108108108109,ai_iterator_047.cpp,C:\Users\ad\Downloads\codepython\project\fraud_detection_system\dataset_CPP\ai\ai_iterator_047.cpp,1,907
1,1.0,0,0,0,0,0,0,0,0,0,0,0,0,0,0,2,0,0,0,0,0,0,0,2,0.06896551724137931,0,0,6,2,1.0,0,0,6,False,6,6,1.0,0,0,0,0,0.0,0.0,0,0,0.0,0,0.0,1,7,5.545454545454546,1,0,0,0,1.0,True,0.0,2,0.0,0.5,53.0,35.0,0,0,5,0.1724137931034483,2,3,1,0,0,0,0,False,0,0,1,0,0,1,0,0,False,0,0,0,0,False,False,False,False,0,0,33,823,23.96969696969697,22.63877720287706,84,26.862068965517242,22.64223112244331,0.8429071919779922,0.12121212121212122,1,0,20,False,2,3,0.15,0.06060606060606061,1,0,1.0,0,0.0,1.0,0,20,0,47,20,47,203.13,0.0,0.0,0.0,100.0,229,2,0.0,0.008733624454148471,0.8787878787878788,ai_json_parser.cpp,C:\Users\ad\Downloads\codepython\project\fraud_detection_system\dataset_CPP\ai\ai_json_parser.cpp,1,823
2,1.1666666666666667,2,0,0,0,0,0,0,0,0,0,0,0,0,3,0,2,0,0,0,0,1,0,4,0.10526315789473684,0,0,3,1,1.0,0,1,6,False,6,6,1.0,5,5,0,0,1.0,0.0,1,1,1.0,2,0.5,0,19,5.9523809523809526,0,1,1,0,0.5,False,1.0,0,0.0,0.0,0.0,0.0,0,0,0,0.0,6,3,1,0,0,0,0,False,0,0,4,2,0,1,0,0,False,0,0,0,0,False,False,False,False,0,0,49,1116,21.79591836734694,23.43552126174416,72,28.105263157894736,23.04091266659581,0.819807754054907,0.22448979591836735,1,0,19,False,2,0,0.0,0.0,4,0,1.0,1,0.16666666666666666,1.1666666666666667,5,27,11,80,32,91,455.0,7.41,3370.37,0.1517,80.02,389,0,0.0,0.0,0.7755102040816326,ai_loader_029.cpp,C:\Users\ad\Downloads\codepython\project\fraud_detection_system\dataset_CPP\ai\ai_loader_029.cpp,1,1116
2,1.1428571428571428,2,0,0,0,1,0,0,0,0,12,0,0,0,2,0,3,0,0,0,0,0,0,18,0.5,0,0,3,1,1.0,2,3,5,False,5,5,1.0,3,3,0,0,1.0,0.0,0,0,0.0,0,0.0,0,16,5.125,1,2,0,0,0.6666666666666666,False,1.0,0,0.0,0.0,0.0,0.0,0,0,0,0.0,11,2,1,0,0,0,0,False,0,0,2,2,0,2,0,0,False,0,0,0,0,False,False,False,False,0,0,48,993,19.708333333333332,20.802602334537113,75,26.27777777777778,20.108885696393454,0.7652430074737466,0.25,1,0,21,False,2,0,0.0,0.0,4,0,1.0,1,0.09090909090909091,1.1428571428571428,3,23,6,60,26,66,310.23,3.91,1213.94,0.1034,82.88,366,0,1.0,0.0,0.75,ai_logger_055.cpp,C:\Users\ad\Downloads\codepython\project\fraud_detection_system\dataset_CPP\ai\ai_logger_055.cpp,1,993
3,1.5454545454545454,0,0,1,0,0,0,0,0,0,6,0,0,0,0,0,2,0,0,0,0,7,0,9,0.18,0,0,0,0,0.0,0,0,3,False,3,3,1.0,13,13,0,0,1.0,0.0,6,6,1.0,10,0.5,3,23,5.347368421052631,3,2,0,0,0.6,False,1.0,0,0.0,0.0,0.0,0.0,0,0,0,0.0,7,1,0,1,0,0,2,False,0,0,0,3,0,3,0,0,False,0,0,0,0,False,False,False,False,0,0,58,1640,27.29310344827586,22.411518452218406,82,31.66,21.080426940648046,0.6658378692560974,0.13793103448275862,1,0,42,False,2,0,0.0,0.0,8,0,1.0,9,1.2857142857142858,1.5454545454545454,12,35,32,125,47,157,872.07,21.43,18687.22,0.2907,70.35,615,0,0.0,0.0,0.8620689655172413,ai_heap.cpp,C:\Users\ad\Downloads\codepython\project\fraud_detection_system\dataset_CPP\ai\ai_heap.cpp,1,1640
1,1.0,0,0,1,0,0,0,0,0,0,0,0,0,0,0,0,0,0,2,0,0,3,0,3,0.08333333333333333,0,0,0,0,0.0,0,0,5,False,5,5,1.0,13,13,0,0,1.0,0.0,19,19,1.0,4,0.5,3,24,4.419753086419753,3,2,0,0,0.6,False,1.0,0,0.0,0.0,0.0,0.0,0,0,0,0.0,5,1,1,1,0,0,1,False,0,0,1,0,0,4,0,0,False,0,0,0,0,False,False,False,False,0,0,45,1240,26.57777777777778,26.734487829509153,108,33.22222222222222,25.935937220508784,0.7806803845638096,0.2,1,0,24,False,2,0,0.0,0.0,4,0,1.0,3,0.6,1.0,6,35,29,125,41,154,825.06,10.71,8839.96,0.275,77.34,551,0,0.0,0.0,0.8,ai_limiter_071.cpp,C:\Users\ad\Downloads\codepython\project\fraud_detection_system\dataset_CPP\ai\ai_limiter_071.cpp,1,1240
1,1.0,0,0,1,0,0,0,0,0,0,0,0,0,0,0,0,0,0,2,0,0,3,0,3,0.08333333333333333,0,0,0,0,0.0,0,0,5,False,5,5,1.0,13,13,0,0,1.0,0.0,19,19,1.0,4,0.5,3,24,4.432098765432099,3,2,0,0,0.6,False,1.0,0,0.0,0.0,0.0,0.0,0,0,0,0.0,5,1,1,1,0,0,1,False,0,0,1,0,0,4,0,0,False,0,0,0,0,False,False,False,False,0,0,45,1242,26.622222222222224,26.755924692913148,108,33.27777777777778,25.949321454531663,0.7797792757622203,0.2,1,0,24,False,2,0,0.0,0.0,4,0,1.0,3,0.6,1.0,6,35,29,125,41,154,825.06,10.71,8839.96,0.275,77.34,551,0,0.0,0.0,0.8,ai_mediator_046.cpp,C:\Users\ad\Downloads\codepython\project\fraud_detection_system\dataset_CPP\ai\ai_mediator_046.cpp,1,1242
2,1.5,0,0,0,1,0,0,1,0,0,6,0,0,0,0,0,2,0,1,0,0,1,0,11,0.3333333333333333,0,0,0,0,0.0,0,0,7,False,5,5,0.7142857142857143,0,0,0,0,0.0,0.0,6,6,1.0,6,0.5,2,21,5.7272727272727275,1,2,0,0,0.6666666666666666,False,1.0,0,0.0,0.0,0.0,0.0,0,0,0,0.0,4,1,1,0,1,1,0,True,1,1,1,0,0,6,0,0,False,0,0,0,0,False,False,False,False,0,0,40,1093,26.35,26.904971659527906,98,31.939393939393938,26.43681935888863,0.827718253172035,0.175,1,0,21,False,2,0,0.0,0.0,5,0,1.0,3,0.75,1.5,2,29,8,78,31,86,426.06,2.69,1145.96,0.142,82.18,386,0,0.0,0.0,0.825,ai_joiner_083.cpp,C:\Users\ad\Downloads\codepython\project\fraud_detection_system\dataset_CPP\ai\ai_joiner_083.cpp,1,1093
2,1.1666666666666667,2,0,0,0,0,0,0,0,0,0,0,0,0,3,0,2,0,0,0,0,1,0,4,0.10526315789473684,0,0,3,1,1.0,0,1,6,False,6,6,1.0,5,5,0,0,1.0,0.0,1,1,1.0,2,0.5,0,19,6.0476190476190474,0,1,1,0,0.5,False,1.0,0,0.0,0.0,0.0,0.0,0,0,0,0.0,6,3,1,0,0,0,0,False,0,0,4,2,0,1,0,0,False,0,0,0,0,False,False,False,False,0,0,49,1132,22.122448979591837,23.744071357177642,74,28.526315789473685,23.33027944663698,0.8178511245131044,0.22448979591836735,1,0,19,False,2,0,0.0,0.0,4,0,1.0,1,0.16666666666666666,1.1666666666666667,5,27,11,80,32,91,455.0,7.41,3370.37,0.1517,80.02,389,0,0.0,0.0,0.7755102040816326,ai_listener_064.cpp,C:\Users\ad\Downloads\codepython\project\fraud_detection_system\dataset_CPP\ai\ai_listener_064.cpp,1,1132
2,1.1666666666666667,2,0,0,0,0,0,0,0,0,0,0,0,0,3,0,2,0,0,0,0,1,0,4,0.10526315789473684,0,0,3,1,1.0,0,1,6,False,6,6,1.0,5,5,0,0,1.0,0.0,1,1,1.0,2,0.5,0,19,6.0,0,1,1,0,0.5,False,1.0,0,0.0,0.0,0.0,0.0,0,0,0,0.0,6,3,1,0,0,0,0,False,0,0,4,2,0,1,0,0,False,0,0,0,0,False,False,False,False,0,0,49,1124,21.959183673469386,23.586539903931087,73,28.31578947368421,23.18132785711027,0.8186714298979464,0.22448979591836735,1,0,19,False,2,0,0.0,0.0,4,0,1.0,1,0.16666666666666666,1.1666666666666667,5,27,11,80,32,91,455.0,7.41,3370.37,0.1517,80.02,389,0,0.0,0.0,0.7755102040816326,ai_manager_054.cpp,C:\Users\ad\Downloads\codepython\project\fraud_detection_system\dataset_CPP\ai\ai_manager_054.cpp,1,1124
1,1.0,0,0,1,0,0,0,0,0,0,0,0,0,0,0,0,0,0,0,0,0,2,0,1,0.04,0,0,0,0,0.0,0,0,4,False,4,4,1.0,11,11,0,0,1.0,0.0,5,5,1.0,0,0.0,1,11,4.717948717948718,1,0,0,0,1.0,True,0.0,1,0.0,0.0,78.0,0.0,0,0,4,0.16,3,1,0,1,0,0,2,False,0,0,0,1,0,2,0,0,False,0,0,0,0,False,False,False,False,0,0,29,796,26.482758620689655,26.30539565689659,89,30.56,26.109124841710035,0.8543561793753284,0.13793103448275862,1,0,15,False,2,3,0.2,0.06896551724137931,2,0,1.0,2,0.6666666666666666,1.0,5,16,13,52,21,65,285.5,8.12,2319.69,0.0952,100.0,257,2,0.0,0.007782101167315175,0.8620689655172413,ai_matrix.cpp,C:\Users\ad\Downloads\codepython\project\fraud_detection_system\dataset_CPP\ai\ai_matrix.cpp,1,796
2,1.5,6,0,1,0,0,0,0,0,0,0,0,0,0,0,0,0,0,0,0,0,3,0,7,0.16666666666666666,0,0,0,0,0.0,0,0,5,False,5,5,1.0,3,3,0,0,1.0,0.0,3,3,1.0,10,0.5,1,26,6.257575757575758,2,0,0,0,1.0,True,0.0,1,0.0,0.0,74.0,0.0,0,0,4,0.09523809523809523,3,1,0,1,0,0,0,False,2,1,3,0,0,2,0,0,False,0,0,0,0,False,False,False,False,0,0,47,1370,28.170212765957448,21.671943966194622,92,31.523809523809526,20.490692538946156,0.6500068630179294,0.10638297872340426,1,0,31,False,2,3,0.0967741935483871,0.0,5,0,1.0,3,1.0,1.5,6,37,22,104,43,126,683.71,8.43,5765.33,0.2279,98.82,465,2,0.0,0.004301075268817204,0.8936170212765957,ai_lru_cache.cpp,C:\Users\ad\Downloads\codepython\project\fraud_detection_system\dataset_CPP\ai\ai_lru_cache.cpp,1,1370
2,1.1666666666666667,2,0,0,0,0,0,0,0,0,0,0,0,0,3,0,2,0,0,0,0,1,0,4,0.10526315789473684,0,0,3,1,1.0,0,1,6,False,6,6,1.0,5,5,0,0,1.0,0.0,1,1,1.0,2,0.5,0,19,5.9523809523809526,0,1,1,0,0.5,False,1.0,0,0.0,0.0,0.0,0.0,0,0,0,0.0,6,3,1,0,0,0,0,False,0,0,4,2,0,1,0,0,False,0,0,0,0,False,False,False,False,0,0,49,1116,21.79591836734694,23.43552126174416,72,28.105263157894736,23.04091266659581,0.819807754054907,0.22448979591836735,1,0,19,False,2,0,0.0,0.0,4,0,1.0,1,0.16666666666666666,1.1666666666666667,5,27,11,80,32,91,455.0,7.41,3370.37,0.1517,80.02,389,0,0.0,0.0,0.7755102040816326,ai_mapper_024.cpp,C:\Users\ad\Downloads\codepython\project\fraud_detection_system\dataset_CPP\ai\ai_mapper_024.cpp,1,1116
2,1.1428571428571428,2,0,0,0,1,0,0,0,0,12,0,0,0,2,0,3,0,0,0,0,0,0,18,0.5,0,0,3,1,1.0,2,3,5,False,5,5,1.0,3,3,0,0,1.0,0.0,0,0,0.0,0,0.0,0,16,5.25,1,2,0,0,0.6666666666666666,False,1.0,0,0.0,0.0,0.0,0.0,0,0,0,0.0,11,2,1,0,0,0,0,False,0,0,2,2,0,2,0,0,False,0,0,0,0,False,False,False,False,0,0,48,1007,20.0,21.09601068132709,75,26.666666666666668,20.386542402062965,0.7644953400773611,0.25,1,0,21,False,2,0,0.0,0.0,4,0,1.0,1,0.09090909090909091,1.1428571428571428,3,23,6,60,26,66,310.23,3.91,1213.94,0.1034,82.88,366,0,1.0,0.0,0.75,ai_matcher_095.cpp,C:\Users\ad\Downloads\codepython\project\fraud_detection_system\dataset_CPP\ai\ai_matcher_095.cpp,1,1007
3,1.8571428571428572,2,0,2,0,1,0,0,0,0,0,0,0,0,0,0,4,0,0,0,0,2,0,9,0.24324324324324326,0,0,0,0,0.0,0,0,3,False,3,3,1.0,22,22,0,0,1.0,0.0,16,16,1.0,14,0.5,17,16,4.148936170212766,0,3,0,0,1.0,True,1.0,0,0.0,0.0,0.0,0.0,0,0,0,0.0,3,0,1,2,0,0,0,False,0,0,0,0,0,2,0,0,False,0,0,0,0,False,False,False,False,0,0,44,1244,27.295454545454547,23.91327089281992,77,32.45945945945946,22.636486446150048,0.6973771844359299,0.1590909090909091,1,0,24,False,2,0,0.0,0.0,6,0,1.0,6,2.0,1.8571428571428572,11,34,43,137,45,180,988.53,22.16,21907.65,0.3295,75.26,594,0,1.0,0.0,0.8409090909090909,ai_merge_sort.cpp,C:\Users\ad\Downloads\codepython\project\fraud_detection_system\dataset_CPP\ai\ai_merge_sort.cpp,1,1244
2,1.1428571428571428,2,0,0,0,1,0,0,0,0,12,0,0,0,2,0,3,0,0,0,0,0,0,18,0.5,0,0,3,1,1.0,2,3,5,False,5,5,1.0,3,3,0,0,1.0,0.0,0,0,0.0,0,0.0,0,16,5.125,1,2,0,0,0.6666666666666666,False,1.0,0,0.0,0.0,0.0,0.0,0,0,0,0.0,11,2,1,0,0,0,0,False,0,0,2,2,0,2,0,0,False,0,0,0,0,False,False,False,False,0,0,48,993,19.708333333333332,20.802602334537113,75,26.27777777777778,20.108885696393454,0.7652430074737466,0.25,1,0,21,False,2,0,0.0,0.0,4,0,1.0,1,0.09090909090909091,1.1428571428571428,3,23,6,60,26,66,310.23,3.91,1213.94,0.1034,82.88,366,0,1.0,0.0,0.75,ai_metric_060.cpp,C:\Users\ad\Downloads\codepython\project\fraud_detection_system\dataset_CPP\ai\ai_metric_060.cpp,1,993
1,1.0,0,0,1,0,0,0,0,0,0,0,0,0,0,0,0,0,0,2,0,0,3,0,3,0.08333333333333333,0,0,0,0,0.0,0,0,5,False,5,5,1.0,13,13,0,0,1.0,0.0,19,19,1.0,4,0.5,3,24,4.407407407407407,3,2,0,0,0.6,False,1.0,0,0.0,0.0,0.0,0.0,0,0,0,0.0,5,1,1,1,0,0,1,False,0,0,1,0,0,4,0,0,False,0,0,0,0,False,False,False,False,0,0,45,1238,26.533333333333335,26.71462354425215,108,33.166666666666664,25.924570070366325,0.7816453287547637,0.2,1,0,24,False,2,0,0.0,0.0,4,0,1.0,3,0.6,1.0,6,35,29,125,41,154,825.06,10.71,8839.96,0.275,77.34,551,0,0.0,0.0,0.8,ai_merger_081.cpp,C:\Users\ad\Downloads\codepython\project\fraud_detection_system\dataset_CPP\ai\ai_merger_081.cpp,1,1238
1,1.0,0,0,1,0,0,0,0,0,0,9,0,0,0,0,0,3,0,0,0,0,1,0,13,0.43333333333333335,0,0,0,0,0.0,0,0,5,False,5,5,1.0,0,0,0,0,0.0,0.0,0,0,0.0,8,0.5,0,19,5.589743589743589,2,0,0,0,1.0,True,0.0,0,0.0,0.0,0.0,0.0,0,0,0,0.0,6,1,0,1,0,0,0,False,3,1,0,2,0,4,0,0,False,0,0,0,0,False,False,False,False,0,0,37,905,23.486486486486488,21.16169617380705,71,28.966666666666665,19.83848672544243,0.6848729594514072,0.1891891891891892,1,0,20,False,2,0,0.0,0.0,3,0,1.0,1,0.16666666666666666,1.0,1,26,8,70,27,78,370.88,1.35,499.26,0.1236,84.91,346,0,0.0,0.0,0.8108108108108109,ai_monitor_007.cpp,C:\Users\ad\Downloads\codepython\project\fraud_detection_system\dataset_CPP\ai\ai_monitor_007.cpp,1,905
2,1.1428571428571428,2,0,0,0,1,0,0,0,0,12,0,0,0,2,0,3,0,0,0,0,0,0,18,0.5,0,0,3,1,1.0,2,3,5,False,5,5,1.0,3,3,0,0,1.0,0.0,0,0,0.0,0,0.0,0,16,5.125,1,2,0,0,0.6666666666666666,False,1.0,0,0.0,0.0,0.0,0.0,0,0,0,0.0,11,2,1,0,0,0,0,False,0,0,2,2,0,2,0,0,False,0,0,0,0,False,False,False,False,0,0,48,993,19.708333333333332,20.802602334537113,75,26.27777777777778,20.108885696393454,0.7652430074737466,0.25,1,0,21,False,2,0,0.0,0.0,4,0,1.0,1,0.09090909090909091,1.1428571428571428,3,23,6,60,26,66,310.23,3.91,1213.94,0.1034,82.88,366,0,1.0,0.0,0.75,ai_parser_030.cpp,C:\Users\ad\Downloads\codepython\project\fraud_detection_system\dataset_CPP\ai\ai_parser_030.cpp,1,993
2,1.1428571428571428,2,0,0,0,1,0,0,0,0,12,0,0,0,2,0,3,0,0,0,0,0,0,18,0.5,0,0,3,1,1.0,2,3,5,False,5,5,1.0,3,3,0,0,1.0,0.0,0,0,0.0,0,0.0,0,16,5.625,1,2,0,0,0.6666666666666666,False,1.0,0,0.0,0.0,0.0,0.0,0,0,0,0.0,11,2,1,0,0,0,0,False,0,0,2,2,0,2,0,0,False,0,0,0,0,False,False,False,False,0,0,48,1049,20.875,22.05450161909506,75,27.833333333333332,21.32747315344955,0.7662565204832174,0.25,1,0,21,False,2,0,0.0,0.0,4,0,1.0,1,0.09090909090909091,1.1428571428571428,3,23,6,60,26,66,310.23,3.91,1213.94,0.1034,82.88,366,0,1.0,0.0,0.75,ai_normalizer_090.cpp,C:\Users\ad\Downloads\codepython\project\fraud_detection_system\dataset_CPP\ai\ai_normalizer_090.cpp,1,1049
1,1.0,0,0,1,0,0,0,0,0,0,0,0,0,0,0,0,0,0,2,0,0,3,0,3,0.08333333333333333,0,0,0,0,0.0,0,0,5,False,5,5,1.0,13,13,0,0,1.0,0.0,19,19,1.0,4,0.5,3,24,4.432098765432099,3,2,0,0,0.6,False,1.0,0,0.0,0.0,0.0,0.0,0,0,0,0.0,5,1,1,1,0,0,1,False,0,0,1,0,0,4,0,0,False,0,0,0,0,False,False,False,False,0,0,45,1242,26.622222222222224,26.755924692913148,108,33.27777777777778,25.949321454531663,0.7797792757622203,0.2,1,0,24,False,2,0,0.0,0.0,4,0,1.0,3,0.6,1.0,6,35,29,125,41,154,825.06,10.71,8839.96,0.275,77.34,551,0,0.0,0.0,0.8,ai_migrator_086.cpp,C:\Users\ad\Downloads\codepython\project\fraud_detection_system\dataset_CPP\ai\ai_migrator_086.cpp,1,1242
2,1.1666666666666667,2,0,0,0,0,0,0,0,0,0,0,0,0,3,0,2,0,0,0,0,1,0,4,0.10526315789473684,0,0,3,1,1.0,0,1,6,False,6,6,1.0,5,5,0,0,1.0,0.0,1,1,1.0,2,0.5,0,19,6.095238095238095,0,1,1,0,0.5,False,1.0,0,0.0,0.0,0.0,0.0,0,0,0,0.0,6,3,1,0,0,0,0,False,0,0,4,2,0,1,0,0,False,0,0,0,0,False,False,False,False,0,0,49,1140,22.285714285714285,23.907986881682323,75,28.736842105263158,23.48760502962575,0.8173342409576727,0.22448979591836735,1,0,19,False,2,0,0.0,0.0,4,0,1.0,1,0.16666666666666666,1.1666666666666667,5,27,11,80,32,91,455.0,7.41,3370.37,0.1517,80.02,389,0,0.0,0.0,0.7755102040816326,ai_optimizer_019.cpp,C:\Users\ad\Downloads\codepython\project\fraud_detection_system\dataset_CPP\ai\ai_optimizer_019.cpp,1,1140
1,1.0,0,0,1,0,0,0,0,0,0,9,0,0,0,0,0,3,0,0,0,0,1,0,13,0.43333333333333335,0,0,0,0,0.0,0,0,5,False,5,5,1.0,0,0,0,0,0.0,0.0,0,0,0.0,8,0.5,0,19,5.615384615384615,2,0,0,0,1.0,True,0.0,0,0.0,0.0,0.0,0.0,0,0,0,0.0,6,1,0,1,0,0,0,False,3,1,0,2,0,4,0,0,False,0,0,0,0,False,False,False,False,0,0,37,907,23.54054054054054,21.212686915954386,72,29.033333333333335,19.8871538659731,0.6849765969910367,0.1891891891891892,1,0,20,False,2,0,0.0,0.0,3,0,1.0,1,0.16666666666666666,1.0,1,26,8,70,27,78,370.88,1.35,499.26,0.1236,84.91,346,0,0.0,0.0,0.8108108108108109,ai_profiler_057.cpp,C:\Users\ad\Downloads\codepython\project\fraud_detection_system\dataset_CPP\ai\ai_profiler_057.cpp,1,907
2,1.3333333333333333,2,0,0,0,1,0,0,0,0,0,0,0,0,0,1,2,0,0,0,0,0,0,6,0.2727272727272727,0,0,0,0,0.0,0,0,4,False,4,4,1.0,0,0,0,0,0.0,0.0,0,0,0.0,0,0.0,1,8,5.642857142857143,1,0,0,0,1.0,True,0.0,1,0.0,0.0,88.0,0.0,0,0,4,0.18181818181818182,2,1,0,0,0,0,0,False,0,0,2,0,0,0,0,0,False,0,0,0,0,False,False,False,False,0,0,26,528,19.346153846153847,17.989189718982956,61,22.863636363636363,17.378919975192137,0.7601118080600935,0.15384615384615385,1,0,13,False,2,3,0.23076923076923078,0.0,3,0,1.0,1,0.5,1.3333333333333333,1,15,1,27,16,28,112.0,0.9,100.8,0.0373,100.0,150,2,1.0,0.013333333333333334,0.8461538461538461,ai_observer_pattern.cpp,C:\Users\ad\Downloads\codepython\project\fraud_detection_system\dataset_CPP\ai\ai_observer_pattern.cpp,1,528
2,1.5,2,0,0,0,0,0,0,0,0,0,1,0,0,0,0,0,0,0,0,0,1,0,3,0.1875,0,0,0,0,0.0,0,0,4,False,3,3,0.75,2,2,0,0,1.0,0.0,2,2,1.0,4,0.5,1,11,4.684210526315789,1,1,0,0,0.5,False,1.0,1,0.0,0.0,83.0,0.0,0,0,4,0.25,1,0,0,0,0,0,0,False,0,0,0,0,0,2,0,0,False,0,0,0,0,False,False,False,False,0,0,17,425,24.058823529411764,22.219415432124418,81,25.5625,22.048153976013502,0.8625194709442935,0.058823529411764705,1,0,9,False,2,3,0.3333333333333333,0.0,2,0,1.0,1,1.0,1.5,3,16,5,27,19,32,135.93,2.53,344.08,0.0453,100.0,135,2,0.0,0.014814814814814815,0.9411764705882353,ai_optional_result.cpp,C:\Users\ad\Downloads\codepython\project\fraud_detection_system\dataset_CPP\ai\ai_optional_result.cpp,1,425
2,1.5,0,0,0,1,0,0,1,0,0,6,0,0,0,0,0,2,0,1,0,0,1,0,11,0.3333333333333333,0,0,0,0,0.0,0,0,7,False,5,5,0.7142857142857143,0,0,0,0,0.0,0.0,6,6,1.0,6,0.5,2,21,5.7272727272727275,1,2,0,0,0.6666666666666666,False,1.0,0,0.0,0.0,0.0,0.0,0,0,0,0.0,4,1,1,0,1,1,0,True,1,1,1,0,0,6,0,0,False,0,0,0,0,False,False,False,False,0,0,40,1091,26.3,26.92972335543015,98,31.87878787878788,26.48013271933871,0.8306505510819177,0.175,1,0,21,False,2,0,0.0,0.0,5,0,1.0,3,0.75,1.5,2,29,8,78,31,86,426.06,2.69,1145.96,0.142,82.18,386,0,0.0,0.0,0.825,ai_pool_053.cpp,C:\Users\ad\Downloads\codepython\project\fraud_detection_system\dataset_CPP\ai\ai_pool_053.cpp,1,1091
1,1.0,0,0,1,0,0,0,0,0,0,9,0,0,0,0,0,3,0,0,0,0,1,0,13,0.43333333333333335,0,0,0,0,0.0,0,0,5,False,5,5,1.0,0,0,0,0,0.0,0.0,0,0,0.0,8,0.5,0,19,5.615384615384615,2,0,0,0,1.0,True,0.0,0,0.0,0.0,0.0,0.0,0,0,0,0.0,6,1,0,1,0,0,0,False,3,1,0,2,0,4,0,0,False,0,0,0,0,False,False,False,False,0,0,37,907,23.54054054054054,21.212686915954386,72,29.033333333333335,19.8871538659731,0.6849765969910367,0.1891891891891892,1,0,20,False,2,0,0.0,0.0,3,0,1.0,1,0.16666666666666666,1.0,1,26,8,70,27,78,370.88,1.35,499.26,0.1236,84.91,346,0,0.0,0.0,0.8108108108108109,ai_producer_037.cpp,C:\Users\ad\Downloads\codepython\project\fraud_detection_system\dataset_CPP\ai\ai_producer_037.cpp,1,907
1,1.0,0,0,1,0,0,0,0,0,0,0,0,0,0,0,0,0,0,2,0,0,3,0,3,0.08333333333333333,0,0,0,0,0.0,0,0,5,False,5,5,1.0,13,13,0,0,1.0,0.0,19,19,1.0,4,0.5,3,24,4.432098765432099,3,2,0,0,0.6,False,1.0,0,0.0,0.0,0.0,0.0,0,0,0,0.0,5,1,1,1,0,0,1,False,0,0,1,0,0,4,0,0,False,0,0,0,0,False,False,False,False,0,0,45,1241,26.6,26.762660555333436,108,33.25,25.96512083545925,0.780905889788248,0.2,1,0,24,False,2,0,0.0,0.0,4,0,1.0,3,0.6,1.0,6,35,29,125,41,154,825.06,10.71,8839.96,0.275,77.34,551,0,0.0,0.0,0.8,ai_pipeline_001.cpp,C:\Users\ad\Downloads\codepython\project\fraud_detection_system\dataset_CPP\ai\ai_pipeline_001.cpp,1,1241
1,1.0,0,0,1,0,0,0,0,0,0,0,0,0,0,0,0,0,0,2,0,0,3,0,3,0.08333333333333333,0,0,0,0,0.0,0,0,5,False,5,5,1.0,13,13,0,0,1.0,0.0,19,19,1.0,4,0.5,3,24,4.444444444444445,3,2,0,0,0.6,False,1.0,0,0.0,0.0,0.0,0.0,0,0,0,0.0,5,1,1,1,0,0,1,False,0,0,1,0,0,4,0,0,False,0,0,0,0,False,False,False,False,0,0,45,1244,26.666666666666668,26.77893035785991,108,33.333333333333336,25.96471965314986,0.7789415895944958,0.2,1,0,24,False,2,0,0.0,0.0,4,0,1.0,3,0.6,1.0,6,35,29,125,41,154,825.06,10.71,8839.96,0.275,77.34,551,0,0.0,0.0,0.8,ai_processor_021.cpp,C:\Users\ad\Downloads\codepython\project\fraud_detection_system\dataset_CPP\ai\ai_processor_021.cpp,1,1244
1,1.0,0,0,1,0,0,0,0,0,0,9,0,0,0,0,0,3,0,0,0,0,1,0,13,0.43333333333333335,0,0,0,0,0.0,0,0,5,False,5,5,1.0,0,0,0,0,0.0,0.0,0,0,0.0,8,0.5,0,19,5.538461538461538,2,0,0,0,1.0,True,0.0,0,0.0,0.0,0.0,0.0,0,0,0,0.0,6,1,0,1,0,0,0,False,3,1,0,2,0,4,0,0,False,0,0,0,0,False,False,False,False,0,0,37,901,23.37837837837838,21.066627061509433,71,28.833333333333332,19.75024613067448,0.6849796345898664,0.1891891891891892,1,0,20,False,2,0,0.0,0.0,3,0,1.0,1,0.16666666666666666,1.0,1,26,8,70,27,78,370.88,1.35,499.26,0.1236,84.91,346,0,0.0,0.0,0.8108108108108109,ai_queue_052.cpp,C:\Users\ad\Downloads\codepython\project\fraud_detection_system\dataset_CPP\ai\ai_queue_052.cpp,1,901
2,1.1428571428571428,2,0,0,0,1,0,0,0,0,12,0,0,0,2,0,3,0,0,0,0,0,0,18,0.5,0,0,3,1,1.0,2,3,5,False,5,5,1.0,3,3,0,0,1.0,0.0,0,0,0.0,0,0.0,0,16,5.375,1,2,0,0,0.6666666666666666,False,1.0,0,0.0,0.0,0.0,0.0,0,0,0,0.0,11,2,1,0,0,0,0,False,0,0,2,2,0,2,0,0,False,0,0,0,0,False,False,False,False,0,0,48,1021,20.291666666666668,21.402840868030165,75,27.055555555555557,20.682714796612768,0.7644535243101228,0.25,1,0,21,False,2,0,0.0,0.0,4,0,1.0,1,0.09090909090909091,1.1428571428571428,3,23,6,60,26,66,310.23,3.91,1213.94,0.1034,82.88,366,0,1.0,0.0,0.75,ai_provider_035.cpp,C:\Users\ad\Downloads\codepython\project\fraud_detection_system\dataset_CPP\ai\ai_provider_035.cpp,1,1021
2,1.1428571428571428,2,0,0,0,1,0,0,0,0,12,0,0,0,2,0,3,0,0,0,0,0,0,18,0.5,0,0,3,1,1.0,2,3,5,False,5,5,1.0,3,3,0,0,1.0,0.0,0,0,0.0,0,0.0,0,16,5.25,1,2,0,0,0.6666666666666666,False,1.0,0,0.0,0.0,0.0,0.0,0,0,0,0.0,11,2,1,0,0,0,0,False,0,0,2,2,0,2,0,0,False,0,0,0,0,False,False,False,False,0,0,48,1007,20.0,21.09601068132709,75,26.666666666666668,20.386542402062965,0.7644953400773611,0.25,1,0,21,False,2,0,0.0,0.0,4,0,1.0,1,0.09090909090909091,1.1428571428571428,3,23,6,60,26,66,310.23,3.91,1213.94,0.1034,82.88,366,0,1.0,0.0,0.75,ai_patcher_085.cpp,C:\Users\ad\Downloads\codepython\project\fraud_detection_system\dataset_CPP\ai\ai_patcher_085.cpp,1,1007
2,1.5,0,0,0,1,0,0,1,0,0,6,0,0,0,0,0,2,0,1,0,0,1,0,11,0.3333333333333333,0,0,0,0,0.0,0,0,7,False,5,5,0.7142857142857143,0,0,0,0,0.0,0.0,6,6,1.0,6,0.5,2,21,5.7272727272727275,1,2,0,0,0.6666666666666666,False,1.0,0,0.0,0.0,0.0,0.0,0,0,0,0.0,4,1,1,0,1,1,0,True,1,1,1,0,0,6,0,0,False,0,0,0,0,False,False,False,False,0,0,40,1097,26.45,26.866289286017896,98,32.06060606060606,26.36335771360926,0.822297546832803,0.175,1,0,21,False,2,0,0.0,0.0,5,0,1.0,3,0.75,1.5,2,29,8,78,31,86,426.06,2.69,1145.96,0.142,82.18,386,0,0.0,0.0,0.825,ai_repository_043.cpp,C:\Users\ad\Downloads\codepython\project\fraud_detection_system\dataset_CPP\ai\ai_repository_043.cpp,1,1097
2,1.1428571428571428,2,0,0,0,1,0,0,0,0,12,0,0,0,2,0,3,0,0,0,0,0,0,18,0.5,0,0,3,1,1.0,2,3,5,False,5,5,1.0,3,3,0,0,1.0,0.0,0,0,0.0,0,0.0,0,16,5.0,1,2,0,0,0.6666666666666666,False,1.0,0,0.0,0.0,0.0,0.0,0,0,0,0.0,11,2,1,0,0,0,0,False,0,0,2,2,0,2,0,0,False,0,0,0,0,False,False,False,False,0,0,48,979,19.416666666666668,20.523191488871532,75,25.88888888888889,19.85052165250433,0.766758347092442,0.25,1,0,21,False,2,0,0.0,0.0,4,0,1.0,1,0.09090909090909091,1.1428571428571428,3,23,6,60,26,66,310.23,3.91,1213.94,0.1034,82.88,366,0,1.0,0.0,0.75,ai_proxy_045.cpp,C:\Users\ad\Downloads\codepython\project\fraud_detection_system\dataset_CPP\ai\ai_proxy_045.cpp,1,979
1,1.0,0,0,1,0,0,0,0,0,0,0,0,0,0,0,0,0,0,2,0,0,3,0,3,0.08333333333333333,0,0,0,0,0.0,0,0,5,False,5,5,1.0,13,13,0,0,1.0,0.0,19,19,1.0,4,0.5,3,24,4.444444444444445,3,2,0,0,0.6,False,1.0,0,0.0,0.0,0.0,0.0,0,0,0,0.0,5,1,1,1,0,0,1,False,0,0,1,0,0,4,0,0,False,0,0,0,0,False,False,False,False,0,0,45,1244,26.666666666666668,26.77893035785991,108,33.333333333333336,25.96471965314986,0.7789415895944958,0.2,1,0,24,False,2,0,0.0,0.0,4,0,1.0,3,0.6,1.0,6,35,29,125,41,154,825.06,10.71,8839.96,0.275,77.34,551,0,0.0,0.0,0.8,ai_publisher_066.cpp,C:\Users\ad\Downloads\codepython\project\fraud_detection_system\dataset_CPP\ai\ai_publisher_066.cpp,1,1244
2,1.4,0,0,0,0,0,0,0,0,0,9,0,0,0,0,0,0,0,0,0,0,2,0,9,0.3,0,0,0,0,0.0,2,3,4,False,4,4,1.0,1,1,0,0,1.0,0.0,2,2,1.0,2,0.5,0,12,6.96,2,2,1,0,0.4,False,1.0,0,0.0,0.0,0.0,0.0,0,0,0,0.0,8,1,0,0,0,0,1,False,0,0,3,1,0,3,0,0,False,0,0,0,0,False,False,False,False,0,0,38,883,22.263157894736842,20.06133255075323,69,28.2,18.50297273413113,0.656133784898267,0.21052631578947367,1,0,22,False,2,0,0.0,0.0,5,0,1.0,2,0.25,1.4,4,18,5,48,22,53,236.35,5.33,1260.53,0.0788,87.02,286,0,0.0,0.0,0.7894736842105263,ai_raii_file.cpp,C:\Users\ad\Downloads\codepython\project\fraud_detection_system\dataset_CPP\ai\ai_raii_file.cpp,1,883
2,1.5,0,0,0,1,0,0,1,0,0,6,0,0,0,0,0,2,0,1,0,0,1,0,11,0.3333333333333333,0,0,0,0,0.0,0,0,7,False,5,5,0.7142857142857143,0,0,0,0,0.0,0.0,6,6,1.0,6,0.5,2,21,5.7272727272727275,1,2,0,0,0.6666666666666666,False,1.0,0,0.0,0.0,0.0,0.0,0,0,0,0.0,4,1,1,0,1,1,0,True,1,1,1,0,0,6,0,0,False,0,0,0,0,False,False,False,False,0,0,40,1093,26.35,26.904971659527906,98,31.939393939393938,26.43681935888863,0.827718253172035,0.175,1,0,21,False,2,0,0.0,0.0,5,0,1.0,3,0.75,1.5,2,29,8,78,31,86,426.06,2.69,1145.96,0.142,82.18,386,0,0.0,0.0,0.825,ai_router_068.cpp,C:\Users\ad\Downloads\codepython\project\fraud_detection_system\dataset_CPP\ai\ai_router_068.cpp,1,1093
2,1.5,0,0,0,1,0,0,1,0,0,6,0,0,0,0,0,2,0,1,0,0,1,0,11,0.3333333333333333,0,0,0,0,0.0,0,0,7,False,5,5,0.7142857142857143,0,0,0,0,0.0,0.0,6,6,1.0,6,0.5,2,21,5.7272727272727275,1,2,0,0,0.6666666666666666,False,1.0,0,0.0,0.0,0.0,0.0,0,0,0,0.0,4,1,1,0,1,1,0,True,1,1,1,0,0,6,0,0,False,0,0,0,0,False,False,False,False,0,0,40,1093,26.35,26.904971659527906,98,31.939393939393938,26.43681935888863,0.827718253172035,0.175,1,0,21,False,2,0,0.0,0.0,5,0,1.0,3,0.75,1.5,2,29,8,78,31,86,426.06,2.69,1145.96,0.142,82.18,386,0,0.0,0.0,0.825,ai_ranker_093.cpp,C:\Users\ad\Downloads\codepython\project\fraud_detection_system\dataset_CPP\ai\ai_ranker_093.cpp,1,1093
1,1.0,0,0,1,0,0,0,0,0,0,0,0,0,0,0,0,0,0,2,0,0,3,0,3,0.08333333333333333,0,0,0,0,0.0,0,0,5,False,5,5,1.0,13,13,0,0,1.0,0.0,19,19,1.0,4,0.5,3,24,4.419753086419753,3,2,0,0,0.6,False,1.0,0,0.0,0.0,0.0,0.0,0,0,0,0.0,5,1,1,1,0,0,1,False,0,0,1,0,0,4,0,0,False,0,0,0,0,False,False,False,False,0,0,45,1240,26.57777777777778,26.734487829509153,108,33.22222222222222,25.935937220508784,0.7806803845638096,0.2,1,0,24,False,2,0,0.0,0.0,4,0,1.0,3,0.6,1.0,6,35,29,125,41,154,825.06,10.71,8839.96,0.275,77.34,551,0,0.0,0.0,0.8,ai_reducer_026.cpp,C:\Users\ad\Downloads\codepython\project\fraud_detection_system\dataset_CPP\ai\ai_reducer_026.cpp,1,1240
2,1.5,0,0,0,1,0,0,1,0,0,6,0,0,0,0,0,2,0,1,0,0,1,0,11,0.3333333333333333,0,0,0,0,0.0,0,0,7,False,5,5,0.7142857142857143,0,0,0,0,0.0,0.0,6,6,1.0,6,0.5,2,21,5.7272727272727275,1,2,0,0,0.6666666666666666,False,1.0,0,0.0,0.0,0.0,0.0,0,0,0,0.0,4,1,1,0,1,1,0,True,1,1,1,0,0,6,0,0,False,0,0,0,0,False,False,False,False,0,0,40,1094,26.375,26.89394680964473,98,31.96969696969697,26.41680462461044,0.8263076328077199,0.175,1,0,21,False,2,0,0.0,0.0,5,0,1.0,3,0.75,1.5,2,29,8,78,31,86,426.06,2.69,1145.96,0.142,82.18,386,0,0.0,0.0,0.825,ai_sampler_058.cpp,C:\Users\ad\Downloads\codepython\project\fraud_detection_system\dataset_CPP\ai\ai_sampler_058.cpp,1,1094
1,1.0,0,0,0,0,0,0,0,0,0,0,0,0,0,0,0,0,0,0,0,0,0,0,0,0.0,0,0,0,0,0.0,0,0,1,False,1,1,1.0,6,6,0,0,1.0,0.0,1,1,1.0,0,0.0,14,7,4.351351351351352,1,0,0,0,1.0,True,1.0,1,0.0,0.0,72.0,0.0,0,0,4,0.21052631578947367,4,2,0,0,0,0,0,False,0,0,2,3,0,3,0,0,False,0,0,0,0,False,False,False,False,0,0,24,558,22.291666666666668,23.53451218718775,82,27.94736842105263,23.354191969504672,0.8356490535227661,0.20833333333333334,1,0,12,False,2,3,0.25,0.041666666666666664,1,0,1.0,0,0.0,1.0,3,13,12,46,16,58,232.0,5.31,1231.38,0.0773,100.0,194,2,0.0,0.010309278350515464,0.7916666666666666,ai_raytracer.cpp,C:\Users\ad\Downloads\codepython\project\fraud_detection_system\dataset_CPP\ai\ai_raytracer.cpp,1,558
1,1.0,0,0,1,0,0,0,0,0,0,0,0,0,0,0,0,0,0,2,0,0,3,0,3,0.08333333333333333,0,0,0,0,0.0,0,0,5,False,5,5,1.0,13,13,0,0,1.0,0.0,19,19,1.0,4,0.5,3,24,4.432098765432099,3,2,0,0,0.6,False,1.0,0,0.0,0.0,0.0,0.0,0,0,0,0.0,5,1,1,1,0,0,1,False,0,0,1,0,0,4,0,0,False,0,0,0,0,False,False,False,False,0,0,45,1242,26.622222222222224,26.755924692913148,108,33.27777777777778,25.949321454531663,0.7797792757622203,0.2,1,0,24,False,2,0,0.0,0.0,4,0,1.0,3,0.6,1.0,6,35,29,125,41,154,825.06,10.71,8839.96,0.275,77.34,551,0,0.0,0.0,0.8,ai_registry_041.cpp,C:\Users\ad\Downloads\codepython\project\fraud_detection_system\dataset_CPP\ai\ai_registry_041.cpp,1,1242
2,1.1428571428571428,0,0,1,0,0,0,0,0,0,9,0,0,0,0,0,2,0,0,0,0,4,0,12,0.3076923076923077,0,0,0,0,0.0,0,0,3,False,3,3,1.0,13,13,0,0,1.0,0.0,0,0,0.0,2,0.5,0,16,5.983870967741935,0,0,1,0,1.0,True,0.0,0,0.0,0.0,0.0,0.0,0,0,0,0.0,6,1,0,1,0,0,0,False,0,0,0,3,0,7,0,0,False,0,0,0,0,False,False,False,False,0,0,47,1147,23.425531914893618,19.5096753747392,85,28.23076923076923,17.973572534827188,0.6366660570919712,0.1702127659574468,1,0,31,False,2,0,0.0,0.0,5,0,1.0,4,0.6666666666666666,1.1428571428571428,8,23,20,82,31,102,505.33,14.26,7206.42,0.1684,78.36,391,0,0.0,0.0,0.8297872340425532,ai_ring_buffer.cpp,C:\Users\ad\Downloads\codepython\project\fraud_detection_system\dataset_CPP\ai\ai_ring_buffer.cpp,1,1147
1,1.0,0,0,1,0,0,0,0,0,0,9,0,0,0,0,0,3,0,0,0,0,1,0,13,0.43333333333333335,0,0,0,0,0.0,0,0,5,False,5,5,1.0,0,0,0,0,0.0,0.0,0,0,0.0,8,0.5,0,19,5.564102564102564,2,0,0,0,1.0,True,0.0,0,0.0,0.0,0.0,0.0,0,0,0,0.0,6,1,0,1,0,0,0,False,3,1,0,2,0,4,0,0,False,0,0,0,0,False,False,False,False,0,0,37,903,23.43243243243243,21.113004242346147,71,28.9,19.792843824641942,0.6848734887419358,0.1891891891891892,1,0,20,False,2,0,0.0,0.0,3,0,1.0,1,0.16666666666666666,1.0,1,26,8,70,27,78,370.88,1.35,499.26,0.1236,84.91,346,0,0.0,0.0,0.8108108108108109,ai_seeder_087.cpp,C:\Users\ad\Downloads\codepython\project\fraud_detection_system\dataset_CPP\ai\ai_seeder_087.cpp,1,903
1,1.0,0,0,1,0,0,0,0,0,0,9,0,0,0,0,0,3,0,0,0,0,1,0,13,0.43333333333333335,0,0,0,0,0.0,0,0,5,False,5,5,1.0,0,0,0,0,0.0,0.0,0,0,0.0,8,0.5,0,19,5.589743589743589,2,0,0,0,1.0,True,0.0,0,0.0,0.0,0.0,0.0,0,0,0,0.0,6,1,0,1,0,0,0,False,3,1,0,2,0,4,0,0,False,0,0,0,0,False,False,False,False,0,0,37,905,23.486486486486488,21.16169617380705,71,28.966666666666665,19.83848672544243,0.6848729594514072,0.1891891891891892,1,0,20,False,2,0,0.0,0.0,3,0,1.0,1,0.16666666666666666,1.0,1,26,8,70,27,78,370.88,1.35,499.26,0.1236,84.91,346,0,0.0,0.0,0.8108108108108109,ai_scanner_027.cpp,C:\Users\ad\Downloads\codepython\project\fraud_detection_system\dataset_CPP\ai\ai_scanner_027.cpp,1,905
1,1.0,0,0,1,0,0,0,0,0,0,9,0,0,0,0,0,3,0,0,0,0,1,0,13,0.43333333333333335,0,0,0,0,0.0,0,0,5,False,5,5,1.0,0,0,0,0,0.0,0.0,0,0,0.0,8,0.5,0,19,5.589743589743589,2,0,0,0,1.0,True,0.0,0,0.0,0.0,0.0,0.0,0,0,0,0.0,6,1,0,1,0,0,0,False,3,1,0,2,0,4,0,0,False,0,0,0,0,False,False,False,False,0,0,37,905,23.486486486486488,21.16169617380705,71,28.966666666666665,19.83848672544243,0.6848729594514072,0.1891891891891892,1,0,20,False,2,0,0.0,0.0,3,0,1.0,1,0.16666666666666666,1.0,1,26,8,70,27,78,370.88,1.35,499.26,0.1236,84.91,346,0,0.0,0.0,0.8108108108108109,ai_retrier_072.cpp,C:\Users\ad\Downloads\codepython\project\fraud_detection_system\dataset_CPP\ai\ai_retrier_072.cpp,1,905
2,1.1666666666666667,2,0,0,0,0,0,0,0,0,0,0,0,0,3,0,2,0,0,0,0,1,0,4,0.10526315789473684,0,0,3,1,1.0,0,1,6,False,6,6,1.0,5,5,0,0,1.0,0.0,1,1,1.0,2,0.5,0,19,6.0476190476190474,0,1,1,0,0.5,False,1.0,0,0.0,0.0,0.0,0.0,0,0,0,0.0,6,3,1,0,0,0,0,False,0,0,4,2,0,1,0,0,False,0,0,0,0,False,False,False,False,0,0,49,1131,22.102040816326532,23.744597579289813,74,28.5,23.338188717884233,0.8188838146626046,0.22448979591836735,1,0,19,False,2,0,0.0,0.0,4,0,1.0,1,0.16666666666666666,1.1666666666666667,5,27,11,80,32,91,455.0,7.41,3370.37,0.1517,80.02,389,0,0.0,0.0,0.7755102040816326,ai_resolver_009.cpp,C:\Users\ad\Downloads\codepython\project\fraud_detection_system\dataset_CPP\ai\ai_resolver_009.cpp,1,1131
1,1.0,0,0,1,0,0,0,0,0,0,0,0,0,0,0,0,0,0,2,0,0,3,0,3,0.08333333333333333,0,0,0,0,0.0,0,0,5,False,5,5,1.0,13,13,0,0,1.0,0.0,19,19,1.0,4,0.5,3,24,4.444444444444445,3,2,0,0,0.6,False,1.0,0,0.0,0.0,0.0,0.0,0,0,0,0.0,5,1,1,1,0,0,1,False,0,0,1,0,0,4,0,0,False,0,0,0,0,False,False,False,False,0,0,45,1243,26.644444444444446,26.78569730746082,108,33.30555555555556,25.98056906874448,0.7800671280023362,0.2,1,0,24,False,2,0,0.0,0.0,4,0,1.0,3,0.6,1.0,6,35,29,125,41,154,825.06,10.71,8839.96,0.275,77.34,551,0,0.0,0.0,0.8,ai_scheduler_006.cpp,C:\Users\ad\Downloads\codepython\project\fraud_detection_system\dataset_CPP\ai\ai_scheduler_006.cpp,1,1243
2,1.1666666666666667,2,0,0,0,0,0,0,0,0,0,0,0,0,3,0,2,0,0,0,0,1,0,4,0.10526315789473684,0,0,3,1,1.0,0,1,6,False,6,6,1.0,5,5,0,0,1.0,0.0,1,1,1.0,2,0.5,0,19,6.095238095238095,0,1,1,0,0.5,False,1.0,0,0.0,0.0,0.0,0.0,0,0,0,0.0,6,3,1,0,0,0,0,False,0,0,4,2,0,1,0,0,False,0,0,0,0,False,False,False,False,0,0,49,1140,22.285714285714285,23.907986881682323,75,28.736842105263158,23.48760502962575,0.8173342409576727,0.22448979591836735,1,0,19,False,2,0,0.0,0.0,4,0,1.0,1,0.16666666666666666,1.1666666666666667,5,27,11,80,32,91,455.0,7.41,3370.37,0.1517,80.02,389,0,0.0,0.0,0.7755102040816326,ai_sanitizer_089.cpp,C:\Users\ad\Downloads\codepython\project\fraud_detection_system\dataset_CPP\ai\ai_sanitizer_089.cpp,1,1140
1,1.0,0,0,1,0,0,0,0,0,0,9,0,0,0,0,0,3,0,0,0,0,1,0,13,0.43333333333333335,0,0,0,0,0.0,0,0,5,False,5,5,1.0,0,0,0,0,0.0,0.0,0,0,0.0,8,0.5,0,19,5.615384615384615,2,0,0,0,1.0,True,0.0,0,0.0,0.0,0.0,0.0,0,0,0,0.0,6,1,0,1,0,0,0,False,3,1,0,2,0,4,0,0,False,0,0,0,0,False,False,False,False,0,0,37,907,23.54054054054054,21.212686915954386,72,29.033333333333335,19.8871538659731,0.6849765969910367,0.1891891891891892,1,0,20,False,2,0,0.0,0.0,3,0,1.0,1,0.16666666666666666,1.0,1,26,8,70,27,78,370.88,1.35,499.26,0.1236,84.91,346,0,0.0,0.0,0.8108108108108109,ai_searcher_097.cpp,C:\Users\ad\Downloads\codepython\project\fraud_detection_system\dataset_CPP\ai\ai_searcher_097.cpp,1,907
3,1.75,6,1,1,0,0,3,0,0,0,0,0,0,0,0,0,3,0,0,0,0,1,0,11,0.19298245614035087,0,0,7,2,1.0,0,0,5,False,5,5,1.0,14,14,0,0,1.0,0.0,6,6,1.0,20,0.5,21,22,5.857142857142857,1,4,1,0,0.6666666666666666,False,1.0,0,0.0,0.0,0.0,0.0,0,0,0,0.0,5,2,0,1,0,0,0,False,1,1,1,1,0,2,0,0,False,0,0,0,0,False,False,False,False,0,0,67,1931,27.83582089552239,23.73460035848249,95,32.719298245614034,22.41377582818125,0.6850322907272554,0.14925373134328357,1,0,48,False,2,0,0.0,0.0,10,0,1.0,7,1.4,1.75,11,34,38,157,45,195,1070.91,25.4,27198.0,0.357,67.62,672,0,0.0,0.0,0.8507462686567164,ai_skip_list.cpp,C:\Users\ad\Downloads\codepython\project\fraud_detection_system\dataset_CPP\ai\ai_skip_list.cpp,1,1931
2,1.1666666666666667,2,0,0,0,0,0,0,0,0,0,0,0,0,3,0,2,0,0,0,0,1,0,4,0.10526315789473684,0,0,3,1,1.0,0,1,6,False,6,6,1.0,5,5,0,0,1.0,0.0,1,1,1.0,2,0.5,0,19,5.9523809523809526,0,1,1,0,0.5,False,1.0,0,0.0,0.0,0.0,0.0,0,0,0,0.0,6,3,1,0,0,0,0,False,0,0,4,2,0,1,0,0,False,0,0,0,0,False,False,False,False,0,0,49,1116,21.79591836734694,23.43552126174416,72,28.105263157894736,23.04091266659581,0.819807754054907,0.22448979591836735,1,0,19,False,2,0,0.0,0.0,4,0,1.0,1,0.16666666666666666,1.1666666666666667,5,27,11,80,32,91,455.0,7.41,3370.37,0.1517,80.02,389,0,0.0,0.0,0.7755102040816326,ai_scorer_094.cpp,C:\Users\ad\Downloads\codepython\project\fraud_detection_system\dataset_CPP\ai\ai_scorer_094.cpp,1,1116
2,1.5,4,0,0,1,0,0,0,0,0,0,0,0,0,0,0,0,0,1,0,0,0,0,6,0.3,0,0,0,0,0.0,0,0,5,False,5,5,1.0,4,4,0,0,1.0,0.0,4,4,1.0,12,0.5,1,13,4.333333333333333,0,0,0,0,1.0,True,0.0,1,0.0,0.0,98.0,0.0,0,0,4,0.2,1,0,0,0,0,0,0,False,0,0,0,0,0,1,0,0,False,0,0,0,0,False,False,False,False,0,0,24,740,29.875,24.644662200971634,73,35.45,23.271173154785306,0.6564505826455657,0.16666666666666666,1,0,12,False,2,3,0.25,0.08333333333333333,1,0,1.0,0,0.0,1.5,3,28,9,54,31,63,312.11,2.89,902.9,0.104,100.0,267,2,0.0,0.00749063670411985,0.8333333333333334,ai_sort_benchmark.cpp,C:\Users\ad\Downloads\codepython\project\fraud_detection_system\dataset_CPP\ai\ai_sort_benchmark.cpp,1,740
1,1.0,0,0,0,0,0,0,0,0,0,3,0,0,0,0,0,0,0,0,0,0,0,0,3,0.10714285714285714,0,0,0,0,0.0,0,1,5,False,3,3,0.6,0,0,0,0,0.0,0.0,2,2,1.0,5,0.6,0,13,9.095238095238095,0,2,1,0,0.6666666666666666,False,1.0,0,0.0,0.0,0.0,0.0,0,0,0,0.0,5,1,1,0,0,0,0,False,0,0,0,1,0,2,0,0,False,0,0,0,0,False,False,False,False,0,0,37,706,18.10810810810811,17.249808120803223,55,23.928571428571427,15.934976290781078,0.6659393076744332,0.24324324324324326,1,0,16,False,2,0,0.0,0.0,4,0,1.0,0,0.0,1.0,1,18,2,34,19,36,152.93,0.94,144.43,0.051,90.86,197,0,0.0,0.0,0.7567567567567568,ai_signal_handler.cpp,C:\Users\ad\Downloads\codepython\project\fraud_detection_system\dataset_CPP\ai\ai_signal_handler.cpp,1,706
2,1.1428571428571428,2,0,1,0,0,0,0,0,0,3,0,0,0,0,0,1,0,0,0,0,3,0,7,0.2,0,0,3,2,1.0,0,0,4,False,4,4,1.0,5,5,0,0,1.0,0.0,2,2,1.0,2,0.5,0,18,6.636363636363637,2,2,1,0,0.4,False,0.0,0,0.0,0.0,0.0,0.0,0,0,0,0.0,6,1,0,1,0,0,2,False,0,0,1,2,0,3,0,0,False,0,0,0,0,False,False,False,False,0,0,43,1130,25.302325581395348,23.312373083358924,82,31.085714285714285,22.088615592098797,0.7105712736428841,0.18604651162790697,1,0,26,False,2,0,0.0,0.0,5,0,1.0,3,0.5,1.1428571428571428,7,24,14,75,31,89,440.92,10.94,4822.6,0.147,81.05,398,0,0.0,0.0,0.813953488372093,ai_smart_array.cpp,C:\Users\ad\Downloads\codepython\project\fraud_detection_system\dataset_CPP\ai\ai_smart_array.cpp,1,1130
1,1.0,0,0,1,0,0,0,0,0,0,9,0,0,0,0,0,3,0,0,0,0,1,0,13,0.43333333333333335,0,0,0,0,0.0,0,0,5,False,5,5,1.0,0,0,0,0,0.0,0.0,0,0,0.0,8,0.5,0,19,5.615384615384615,2,0,0,0,1.0,True,0.0,0,0.0,0.0,0.0,0.0,0,0,0,0.0,6,1,0,1,0,0,0,False,3,1,0,2,0,4,0,0,False,0,0,0,0,False,False,False,False,0,0,37,907,23.54054054054054,21.212686915954386,72,29.033333333333335,19.8871538659731,0.6849765969910367,0.1891891891891892,1,0,20,False,2,0,0.0,0.0,3,0,1.0,1,0.16666666666666666,1.0,1,26,8,70,27,78,370.88,1.35,499.26,0.1236,84.91,346,0,0.0,0.0,0.8108108108108109,ai_splitter_082.cpp,C:\Users\ad\Downloads\codepython\project\fraud_detection_system\dataset_CPP\ai\ai_splitter_082.cpp,1,907
2,1.0909090909090908,0,6,1,0,0,0,0,0,0,23,0,0,0,0,0,0,0,0,0,0,1,0,30,0.8108108108108109,0,3,0,0,0.0,2,0,3,False,2,2,0.6666666666666666,2,2,0,0,1.0,0.0,0,0,0.0,2,0.0,0,9,5.0476190476190474,0,0,1,0,1.0,True,0.0,0,0.0,0.0,0.0,0.0,0,0,0,0.0,12,1,0,1,0,0,0,False,0,0,2,3,0,6,0,0,False,0,0,0,0,False,False,False,False,0,0,47,1106,22.5531914893617,21.61343997809549,85,28.64864864864865,20.463832586292224,0.714303590276238,0.2127659574468085,1,0,29,False,2,0,0.0,0.0,5,0,1.0,1,0.08333333333333333,1.0909090909090908,5,12,14,66,17,80,327.0,13.75,4496.21,0.109,82.17,395,0,0.0,0.0,0.7872340425531915,ai_smart_pointer.cpp,C:\Users\ad\Downloads\codepython\project\fraud_detection_system\dataset_CPP\ai\ai_smart_pointer.cpp,1,1106
1,1.0,0,0,0,0,0,0,0,0,0,0,0,0,0,0,0,0,0,0,0,0,0,0,0,0.0,0,0,0,0,0.0,2,2,1,False,1,1,1.0,3,3,0,0,1.0,0.0,0,0,0.0,3,0.6666666666666666,1,6,5.363636363636363,0,1,0,0,1.0,True,1.0,1,0.0,0.0,70.0,0.0,0,0,4,0.2,6,1,0,0,0,0,0,False,0,0,3,0,0,1,0,0,False,0,0,0,0,False,False,False,False,0,0,24,459,18.166666666666668,15.707393871111217,46,21.8,14.726167186338746,0.6755122562540709,0.16666666666666666,1,0,14,False,2,3,0.21428571428571427,0.0,2,0,1.0,0,0.0,1.0,1,11,3,22,12,25,89.62,1.0,89.62,0.0299,100.0,147,2,0.0,0.013605442176870748,0.8333333333333334,ai_singleton.cpp,C:\Users\ad\Downloads\codepython\project\fraud_detection_system\dataset_CPP\ai\ai_singleton.cpp,1,459
2,1.5,0,0,0,0,1,0,0,0,0,0,0,0,0,0,0,0,0,0,0,0,0,0,1,0.07692307692307693,0,0,0,0,0.0,0,0,3,False,3,3,1.0,3,3,0,0,1.0,0.0,0,0,0.0,0,0.0,5,2,2.875,1,0,0,0,1.0,True,1.0,1,0.0,0.0,54.0,0.0,0,0,4,0.3076923076923077,1,0,0,0,0,0,0,False,0,0,0,0,0,0,0,0,False,0,0,0,0,False,False,False,False,0,0,14,243,16.428571428571427,11.818353074255105,41,17.692307692307693,11.316323236706927,0.6396182699008263,0.07142857142857142,1,0,7,False,2,3,0.42857142857142855,0.0,2,0,1.0,1,1.0,1.5,1,9,3,14,10,17,56.47,0.78,43.92,0.0188,100.0,78,2,1.0,0.02564102564102564,0.9285714285714286,ai_span_usage.cpp,C:\Users\ad\Downloads\codepython\project\fraud_detection_system\dataset_CPP\ai\ai_span_usage.cpp,1,243
2,1.2,2,0,0,0,1,0,0,0,0,3,0,0,0,0,0,0,0,0,0,0,0,0,6,0.2222222222222222,0,0,0,0,0.0,0,0,3,False,3,3,1.0,1,1,0,0,1.0,0.0,0,0,0.0,2,0.5,0,10,5.4,1,1,0,0,0.5,False,1.0,0,0.0,0.0,0.0,0.0,0,0,0,0.0,4,1,0,0,0,0,0,False,1,1,2,1,0,3,0,0,False,0,0,0,0,False,False,False,False,0,0,33,642,18.484848484848484,15.624613861160746,55,22.59259259259259,14.337878502244685,0.6346274091157483,0.18181818181818182,1,0,20,False,2,0,0.0,0.0,5,0,1.0,1,0.25,1.2,3,17,8,43,20,51,220.42,3.79,836.29,0.0735,89.32,213,0,1.0,0.0,0.8181818181818182,ai_string_builder.cpp,C:\Users\ad\Downloads\codepython\project\fraud_detection_system\dataset_CPP\ai\ai_string_builder.cpp,1,642
2,1.5,0,0,0,1,0,0,1,0,0,6,0,0,0,0,0,2,0,1,0,0,1,0,11,0.3333333333333333,0,0,0,0,0.0,0,0,7,False,5,5,0.7142857142857143,0,0,0,0,0.0,0.0,6,6,1.0,6,0.5,2,21,5.7272727272727275,1,2,0,0,0.6666666666666666,False,1.0,0,0.0,0.0,0.0,0.0,0,0,0,0.0,4,1,1,0,1,1,0,True,1,1,1,0,0,6,0,0,False,0,0,0,0,False,False,False,False,0,0,40,1096,26.425,26.873674385911578,98,32.03030303030303,26.378922771311935,0.8235614488678277,0.175,1,0,21,False,2,0,0.0,0.0,5,0,1.0,3,0.75,1.5,2,29,8,78,31,86,426.06,2.69,1145.96,0.142,82.18,386,0,0.0,0.0,0.825,ai_serializer_003.cpp,C:\Users\ad\Downloads\codepython\project\fraud_detection_system\dataset_CPP\ai\ai_serializer_003.cpp,1,1096
1,1.0,0,0,1,0,0,0,0,0,0,0,0,0,0,0,0,0,0,2,0,0,3,0,3,0.08333333333333333,0,0,0,0,0.0,0,0,5,False,5,5,1.0,13,13,0,0,1.0,0.0,19,19,1.0,4,0.5,3,24,4.407407407407407,3,2,0,0,0.6,False,1.0,0,0.0,0.0,0.0,0.0,0,0,0,0.0,5,1,1,1,0,0,1,False,0,0,1,0,0,4,0,0,False,0,0,0,0,False,False,False,False,0,0,45,1238,26.533333333333335,26.71462354425215,108,33.166666666666664,25.924570070366325,0.7816453287547637,0.2,1,0,24,False,2,0,0.0,0.0,4,0,1.0,3,0.6,1.0,6,35,29,125,41,154,825.06,10.71,8839.96,0.275,77.34,551,0,0.0,0.0,0.8,ai_signer_076.cpp,C:\Users\ad\Downloads\codepython\project\fraud_detection_system\dataset_CPP\ai\ai_signer_076.cpp,1,1238
2,1.5,0,0,0,1,0,0,0,0,0,0,0,0,0,0,0,3,0,0,0,0,0,0,4,0.25,0,0,0,0,0.0,0,0,3,False,3,3,1.0,0,0,0,0,0.0,0.0,1,1,1.0,0,0.0,3,7,4.538461538461538,1,0,0,0,1.0,True,0.0,1,0.0,0.0,75.0,0.0,0,0,4,0.25,1,1,0,0,0,0,0,False,0,0,0,0,0,0,0,0,False,0,0,0,0,False,False,False,False,0,0,17,401,22.647058823529413,20.978816140182904,80,24.0625,20.82206987189314,0.8653327738968578,0.058823529411764705,1,0,9,False,2,3,0.3333333333333333,0.0,2,0,1.0,0,0.0,1.5,1,15,1,23,16,24,96.0,0.77,73.6,0.032,100.0,125,2,0.0,0.016,0.9411764705882353,ai_task_scheduler.cpp,C:\Users\ad\Downloads\codepython\project\fraud_detection_system\dataset_CPP\ai\ai_task_scheduler.cpp,1,401
1,1.0,0,0,1,0,0,0,0,0,0,6,0,0,0,0,0,3,0,0,0,0,2,0,10,0.4166666666666667,0,0,0,0,0.0,0,0,3,False,3,3,1.0,0,0,0,0,0.0,0.0,0,0,0.0,2,0.5,0,14,5.529411764705882,3,0,0,0,1.0,True,0.0,0,0.0,0.0,0.0,0.0,0,0,0,0.0,5,1,0,1,0,0,1,False,0,0,0,3,0,5,0,0,False,0,0,0,0,False,False,False,False,0,0,30,695,22.2,21.56911372000868,71,27.75,20.676576924948996,0.7451018711693332,0.2,1,0,16,False,2,0,0.0,0.0,3,0,1.0,2,0.4,1.0,2,20,9,50,22,59,263.11,2.5,657.77,0.0877,90.08,276,0,0.0,0.0,0.8,ai_stack.cpp,C:\Users\ad\Downloads\codepython\project\fraud_detection_system\dataset_CPP\ai\ai_stack.cpp,1,695
2,1.5,0,0,0,0,0,0,0,0,0,0,0,0,0,0,1,0,0,0,0,0,2,0,1,0.037037037037037035,0,0,0,0,0.0,0,0,2,False,2,2,1.0,0,0,0,0,0.0,0.0,0,0,0.0,0,0.0,1,3,7.9,1,0,0,0,1.0,True,0.0,1,0.0,0.0,77.0,0.0,0,0,4,0.14814814814814814,2,6,0,0,0,0,0,False,0,0,0,0,0,0,0,0,False,0,0,0,0,False,False,False,False,0,0,33,611,17.545454545454547,15.88040704212872,54,21.444444444444443,14.987237368862125,0.6988867166826899,0.18181818181818182,1,0,14,False,2,3,0.21428571428571427,0.0,4,0,1.0,2,1.0,1.5,1,13,2,32,14,34,129.45,1.23,159.32,0.0432,100.0,183,2,0.0,0.01092896174863388,0.8181818181818182,ai_state_machine.cpp,C:\Users\ad\Downloads\codepython\project\fraud_detection_system\dataset_CPP\ai\ai_state_machine.cpp,1,611
1,1.0,0,0,1,0,0,0,0,0,0,9,0,0,0,0,0,3,0,0,0,0,1,0,13,0.43333333333333335,0,0,0,0,0.0,0,0,5,False,5,5,1.0,0,0,0,0,0.0,0.0,0,0,0.0,8,0.5,0,19,5.589743589743589,2,0,0,0,1.0,True,0.0,0,0.0,0.0,0.0,0.0,0,0,0,0.0,6,1,0,1,0,0,0,False,3,1,0,2,0,4,0,0,False,0,0,0,0,False,False,False,False,0,0,37,905,23.486486486486488,21.16169617380705,71,28.966666666666665,19.83848672544243,0.6848729594514072,0.1891891891891892,1,0,20,False,2,0,0.0,0.0,3,0,1.0,1,0.16666666666666666,1.0,1,26,8,70,27,78,370.88,1.35,499.26,0.1236,84.91,346,0,0.0,0.0,0.8108108108108109,ai_stemmer_092.cpp,C:\Users\ad\Downloads\codepython\project\fraud_detection_system\dataset_CPP\ai\ai_stemmer_092.cpp,1,905
2,1.1666666666666667,2,0,0,0,0,0,0,0,0,0,0,0,0,3,0,2,0,0,0,0,1,0,4,0.10526315789473684,0,0,3,1,1.0,0,1,6,False,6,6,1.0,5,5,0,0,1.0,0.0,1,1,1.0,2,0.5,0,19,6.0476190476190474,0,1,1,0,0.5,False,1.0,0,0.0,0.0,0.0,0.0,0,0,0,0.0,6,3,1,0,0,0,0,False,0,0,4,2,0,1,0,0,False,0,0,0,0,False,False,False,False,0,0,49,1132,22.122448979591837,23.744071357177642,74,28.526315789473685,23.33027944663698,0.8178511245131044,0.22448979591836735,1,0,19,False,2,0,0.0,0.0,4,0,1.0,1,0.16666666666666666,1.1666666666666667,5,27,11,80,32,91,455.0,7.41,3370.37,0.1517,80.02,389,0,0.0,0.0,0.7755102040816326,ai_strategy_049.cpp,C:\Users\ad\Downloads\codepython\project\fraud_detection_system\dataset_CPP\ai\ai_strategy_049.cpp,1,1132
1,1.0,0,0,1,0,0,0,0,0,0,9,0,0,0,0,0,3,0,0,0,0,1,0,13,0.43333333333333335,0,0,0,0,0.0,0,0,5,False,5,5,1.0,0,0,0,0,0.0,0.0,0,0,0.0,8,0.5,0,19,5.666666666666667,2,0,0,0,1.0,True,0.0,0,0.0,0.0,0.0,0.0,0,0,0,0.0,6,1,0,1,0,0,0,False,3,1,0,2,0,4,0,0,False,0,0,0,0,False,False,False,False,0,0,37,911,23.64864864864865,21.321498117103154,74,29.166666666666668,19.99347115657731,0.6854904396540792,0.1891891891891892,1,0,20,False,2,0,0.0,0.0,3,0,1.0,1,0.16666666666666666,1.0,1,26,8,70,27,78,370.88,1.35,499.26,0.1236,84.91,346,0,0.0,0.0,0.8108108108108109,ai_subscriber_067.cpp,C:\Users\ad\Downloads\codepython\project\fraud_detection_system\dataset_CPP\ai\ai_subscriber_067.cpp,1,911
1,1.0,0,0,1,0,0,0,0,0,0,9,0,0,0,0,0,3,0,0,0,0,1,0,13,0.43333333333333335,0,0,0,0,0.0,0,0,5,False,5,5,1.0,0,0,0,0,0.0,0.0,0,0,0.0,8,0.5,0,19,5.538461538461538,2,0,0,0,1.0,True,0.0,0,0.0,0.0,0.0,0.0,0,0,0,0.0,6,1,0,1,0,0,0,False,3,1,0,2,0,4,0,0,False,0,0,0,0,False,False,False,False,0,0,37,901,23.37837837837838,21.066627061509433,71,28.833333333333332,19.75024613067448,0.6849796345898664,0.1891891891891892,1,0,20,False,2,0,0.0,0.0,3,0,1.0,1,0.16666666666666666,1.0,1,26,8,70,27,78,370.88,1.35,499.26,0.1236,84.91,346,0,0.0,0.0,0.8108108108108109,ai_timer_062.cpp,C:\Users\ad\Downloads\codepython\project\fraud_detection_system\dataset_CPP\ai\ai_timer_062.cpp,1,901
1,1.0,0,0,1,0,0,0,0,0,0,0,0,0,0,0,0,0,0,2,0,0,3,0,3,0.08333333333333333,0,0,0,0,0.0,0,0,5,False,5,5,1.0,13,13,0,0,1.0,0.0,19,19,1.0,4,0.5,3,24,4.444444444444445,3,2,0,0,0.6,False,1.0,0,0.0,0.0,0.0,0.0,0,0,0,0.0,5,1,1,1,0,0,1,False,0,0,1,0,0,4,0,0,False,0,0,0,0,False,False,False,False,0,0,45,1244,26.666666666666668,26.77893035785991,108,33.333333333333336,25.96471965314986,0.7789415895944958,0.2,1,0,24,False,2,0,0.0,0.0,4,0,1.0,3,0.6,1.0,6,35,29,125,41,154,825.06,10.71,8839.96,0.275,77.34,551,0,0.0,0.0,0.8,ai_tokenizer_091.cpp,C:\Users\ad\Downloads\codepython\project\fraud_detection_system\dataset_CPP\ai\ai_tokenizer_091.cpp,1,1244
2,1.5555555555555556,10,0,0,3,1,0,1,0,0,3,0,0,0,0,0,0,0,4,0,0,0,0,22,0.3235294117647059,0,0,0,0,0.0,0,0,7,False,5,5,0.7142857142857143,11,11,0,0,1.0,0.0,13,13,1.0,18,0.5,2,32,5.701298701298701,3,3,0,0,0.5,False,1.0,7,0.0,0.42857142857142855,85.42857142857143,78.73256204729154,0,5,25,0.36764705882352944,4,0,1,0,0,0,0,False,1,1,1,0,0,6,1,0,False,0,0,0,0,False,False,False,False,0,0,83,2319,26.951807228915662,25.44112201741519,104,32.720588235294116,24.593665844155463,0.7516266415292456,0.18072289156626506,1,0,56,False,2,18,0.32142857142857145,0.08433734939759036,6,0,1.0,3,0.75,1.5555555555555556,5,47,22,131,52,153,872.17,6.97,6077.34,0.2907,100.0,612,0,1.0,0.0,0.8192771084337349,ai_string_utils.cpp,C:\Users\ad\Downloads\codepython\project\fraud_detection_system\dataset_CPP\ai\ai_string_utils.cpp,1,2319
1,1.0,0,0,0,0,0,0,0,0,0,0,0,0,0,0,0,2,0,0,0,0,0,0,2,0.08695652173913043,0,0,0,0,0.0,0,0,2,False,2,2,1.0,0,0,0,0,0.0,0.0,1,1,1.0,0,0.0,1,10,7.0,0,1,1,0,0.5,False,1.0,2,0.0,0.0,42.0,29.0,0,0,5,0.21739130434782608,3,1,1,0,0,0,0,False,0,0,0,0,0,0,0,0,False,0,0,0,0,False,False,False,False,0,0,27,590,20.88888888888889,18.455819785385238,58,24.52173913043478,17.62870575341941,0.7189011211500824,0.14814814814814814,1,0,18,False,2,3,0.16666666666666666,0.037037037037037035,2,0,1.0,0,0.0,1.0,1,15,1,30,16,31,124.0,1.0,124.0,0.0413,100.0,153,2,0.0,0.013071895424836602,0.8518518518518519,ai_tcp_server.cpp,C:\Users\ad\Downloads\codepython\project\fraud_detection_system\dataset_CPP\ai\ai_tcp_server.cpp,1,590
2,1.3333333333333333,0,0,1,1,0,0,0,0,0,0,0,0,0,0,0,3,0,0,0,0,1,0,5,0.16666666666666666,0,0,0,0,0.0,0,1,4,False,4,4,1.0,0,0,0,0,0.0,0.0,1,1,1.0,6,0.5,1,15,5.129032258064516,1,0,1,0,0.5,False,0.0,1,0.0,0.0,99.0,0.0,0,0,4,0.13333333333333333,3,1,0,1,0,0,0,False,2,2,0,0,0,3,0,0,False,0,0,0,0,False,False,False,False,0,0,36,826,21.97222222222222,17.480919933699003,63,25.833333333333332,16.565191081166425,0.6412332031419261,0.16666666666666666,1,0,20,False,2,3,0.15,0.05555555555555555,2,0,1.0,1,0.3333333333333333,1.3333333333333333,2,25,8,59,27,67,318.58,2.36,751.84,0.1062,100.0,271,2,0.0,0.007380073800738007,0.8333333333333334,ai_thread_safe_queue.cpp,C:\Users\ad\Downloads\codepython\project\fraud_detection_system\dataset_CPP\ai\ai_thread_safe_queue.cpp,1,826
1,1.0,0,0,3,0,0,0,1,0,0,3,0,0,0,0,0,0,0,0,0,0,0,0,7,0.3684210526315789,0,0,0,0,0.0,0,0,4,False,4,4,1.0,20,20,0,0,1.0,0.0,0,0,0.0,3,0.6666666666666666,0,13,8.962962962962964,6,2,0,0,0.75,False,1.0,0,0.0,0.0,0.0,0.0,0,0,0,0.0,2,0,0,3,0,0,0,False,0,0,0,0,0,1,0,0,False,0,0,0,0,False,False,False,False,0,0,23,862,36.52173913043478,33.62435655142213,97,44.21052631578947,32.0732368303485,0.7254660711626446,0.17391304347826086,1,0,7,False,2,0,0.0,0.0,2,0,1.0,0,0.0,1.0,3,22,20,70,25,90,417.95,4.77,1994.75,0.1393,91.92,304,0,0.0,0.0,0.8260869565217391,ai_type_traits.cpp,C:\Users\ad\Downloads\codepython\project\fraud_detection_system\dataset_CPP\ai\ai_type_traits.cpp,1,862
2,1.1428571428571428,2,0,0,0,1,0,0,0,0,12,0,0,0,2,0,3,0,0,0,0,0,0,18,0.5,0,0,3,1,1.0,2,3,5,False,5,5,1.0,3,3,0,0,1.0,0.0,0,0,0.0,0,0.0,0,16,5.5,1,2,0,0,0.6666666666666666,False,1.0,0,0.0,0.0,0.0,0.0,0,0,0,0.0,11,2,1,0,0,0,0,False,0,0,2,2,0,2,0,0,False,0,0,0,0,False,False,False,False,0,0,48,1035,20.583333333333332,21.722524152491015,75,27.444444444444443,20.99661936339653,0.7650590051440032,0.25,1,0,21,False,2,0,0.0,0.0,4,0,1.0,1,0.09090909090909091,1.1428571428571428,3,23,6,60,26,66,310.23,3.91,1213.94,0.1034,82.88,366,0,1.0,0.0,0.75,ai_throttler_070.cpp,C:\Users\ad\Downloads\codepython\project\fraud_detection_system\dataset_CPP\ai\ai_throttler_070.cpp,1,1035
1,1.0,4,0,0,0,0,0,0,0,0,0,0,0,0,0,0,1,0,0,0,0,0,0,5,0.2777777777777778,0,0,0,0,0.0,2,0,3,False,3,3,1.0,6,6,0,0,1.0,0.0,0,0,0.0,4,0.5,0,12,5.409090909090909,1,0,0,0,1.0,True,0.0,0,0.0,0.0,0.0,0.0,0,0,0,0.0,4,1,0,0,0,0,0,False,0,0,2,0,0,0,0,0,False,0,0,0,0,False,False,False,False,0,0,23,651,27.347826086956523,29.65102637075687,92,34.94444444444444,29.29063601263536,0.8382058000436192,0.21739130434782608,1,0,11,False,2,0,0.0,0.0,1,0,1.0,0,0.0,1.0,3,20,7,52,23,59,266.89,3.9,1040.87,0.089,95.12,245,0,0.0,0.0,0.782608695652174,ai_timer.cpp,C:\Users\ad\Downloads\codepython\project\fraud_detection_system\dataset_CPP\ai\ai_timer.cpp,1,651
4,2.111111111111111,0,0,0,0,1,1,0,0,0,0,0,0,0,0,0,0,0,0,0,0,3,0,1,0.02631578947368421,0,0,0,0,0.0,0,0,3,False,3,3,1.0,4,4,0,0,1.0,0.0,2,2,1.0,10,0.5,5,22,5.810344827586207,3,2,1,0,0.5,False,1.0,0,0.0,0.0,0.0,0.0,0,0,0,0.0,3,1,0,0,0,0,1,False,0,0,0,1,0,1,0,0,False,0,0,0,0,False,False,False,False,0,0,47,1155,23.595744680851062,20.425953009843727,86,29.18421052631579,18.78669078609963,0.6437279079096356,0.19148936170212766,1,0,31,False,2,0,0.0,0.0,8,0,1.0,6,2.0,2.111111111111111,8,27,19,79,35,98,502.67,11.7,5883.1,0.1676,78.35,412,0,0.5,0.0,0.8085106382978723,ai_topological_sort.cpp,C:\Users\ad\Downloads\codepython\project\fraud_detection_system\dataset_CPP\ai\ai_topological_sort.cpp,1,1155
1,1.0,0,0,1,0,0,0,0,0,0,0,0,0,0,0,0,0,0,2,0,0,3,0,3,0.08333333333333333,0,0,0,0,0.0,0,0,5,False,5,5,1.0,13,13,0,0,1.0,0.0,19,19,1.0,4,0.5,3,24,4.407407407407407,3,2,0,0,0.6,False,1.0,0,0.0,0.0,0.0,0.0,0,0,0,0.0,5,1,1,1,0,0,1,False,0,0,1,0,0,4,0,0,False,0,0,0,0,False,False,False,False,0,0,45,1238,26.533333333333335,26.71462354425215,108,33.166666666666664,25.924570070366325,0.7816453287547637,0.2,1,0,24,False,2,0,0.0,0.0,4,0,1.0,3,0.6,1.0,6,35,29,125,41,154,825.06,10.71,8839.96,0.275,77.34,551,0,0.0,0.0,0.8,ai_tracer_056.cpp,C:\Users\ad\Downloads\codepython\project\fraud_detection_system\dataset_CPP\ai\ai_tracer_056.cpp,1,1238
6,2.764705882352941,8,0,2,4,1,2,0,0,0,0,0,0,0,0,1,2,2,0,0,0,3,0,20,0.21739130434782608,0,0,1,1,1.0,2,0,10,False,10,10,1.0,6,6,0,0,1.0,0.0,5,5,1.0,23,0.4782608695652174,6,36,6.0588235294117645,6,1,1,0,0.75,False,0.0,4,0.0,0.25,57.25,26.65872277510684,0,1,10,0.10869565217391304,6,1,1,2,0,0,1,False,3,1,2,0,0,5,0,0,False,0,0,0,0,False,False,False,False,0,0,112,3167,27.285714285714285,24.73481806057598,111,33.21739130434783,23.404675344411753,0.7045910116773172,0.17857142857142858,1,0,77,False,2,6,0.07792207792207792,0.017857142857142856,10,0,1.0,6,1.0,2.9285714285714284,11,61,34,184,72,218,1345.04,16.59,22314.49,0.4483,83.35,942,0,0.3333333333333333,0.0,0.8214285714285714,ai_thread_pool.cpp,C:\Users\ad\Downloads\codepython\project\fraud_detection_system\dataset_CPP\ai\ai_thread_pool.cpp,1,3167
2,1.1666666666666667,2,0,0,0,0,0,0,0,0,0,0,0,0,3,0,2,0,0,0,0,1,0,4,0.10526315789473684,0,0,3,1,1.0,0,1,6,False,6,6,1.0,5,5,0,0,1.0,0.0,1,1,1.0,2,0.5,0,19,6.190476190476191,0,1,1,0,0.5,False,1.0,0,0.0,0.0,0.0,0.0,0,0,0,0.0,6,3,1,0,0,0,0,False,0,0,4,2,0,1,0,0,False,0,0,0,0,False,False,False,False,0,0,49,1155,22.591836734693878,24.25537463464999,77,29.13157894736842,23.835147700989346,0.8181893519761474,0.22448979591836735,1,0,19,False,2,0,0.0,0.0,4,0,1.0,1,0.16666666666666666,1.1666666666666667,5,27,11,80,32,91,455.0,7.41,3370.37,0.1517,80.02,389,0,0.0,0.0,0.7755102040816326,ai_transformer_004.cpp,C:\Users\ad\Downloads\codepython\project\fraud_detection_system\dataset_CPP\ai\ai_transformer_004.cpp,1,1155
2,1.5,0,0,0,1,0,0,1,0,0,6,0,0,0,0,0,2,0,1,0,0,1,0,11,0.3333333333333333,0,0,0,0,0.0,0,0,7,False,5,5,0.7142857142857143,0,0,0,0,0.0,0.0,6,6,1.0,6,0.5,2,21,5.7272727272727275,1,2,0,0,0.6666666666666666,False,1.0,0,0.0,0.0,0.0,0.0,0,0,0,0.0,4,1,1,0,1,1,0,True,1,1,1,0,0,6,0,0,False,0,0,0,0,False,False,False,False,0,0,40,1094,26.375,26.89394680964473,98,31.96969696969697,26.41680462461044,0.8263076328077199,0.175,1,0,21,False,2,0,0.0,0.0,5,0,1.0,3,0.75,1.5,2,29,8,78,31,86,426.06,2.69,1145.96,0.142,82.18,386,0,0.0,0.0,0.825,ai_watcher_063.cpp,C:\Users\ad\Downloads\codepython\project\fraud_detection_system\dataset_CPP\ai\ai_watcher_063.cpp,1,1094
3,1.625,10,0,0,0,3,0,0,0,0,0,0,0,0,0,0,0,0,0,0,0,3,0,13,0.325,0,0,5,2,1.0,0,0,3,False,3,3,1.0,3,3,0,0,1.0,0.0,0,0,0.0,10,0.2,0,18,5.533333333333333,1,2,0,0,0.6666666666666666,False,1.0,0,0.0,0.0,0.0,0.0,0,0,0,0.0,4,2,0,0,0,0,0,False,0,0,3,2,0,4,0,0,False,0,0,0,0,False,False,False,False,0,0,47,1347,27.680851063829788,22.348407895103023,72,32.525,20.71954089742338,0.6370343089138626,0.14893617021276595,1,0,34,False,2,0,0.0,0.0,7,0,1.0,6,1.5,1.625,4,25,32,100,29,132,641.25,8.0,5130.03,0.2138,76.25,477,0,1.0,0.0,0.851063829787234,ai_trie.cpp,C:\Users\ad\Downloads\codepython\project\fraud_detection_system\dataset_CPP\ai\ai_trie.cpp,1,1347
2,1.1666666666666667,2,0,0,0,0,0,0,0,0,0,0,0,0,3,0,2,0,0,0,0,1,0,4,0.10526315789473684,0,0,3,1,1.0,0,1,6,False,6,6,1.0,5,5,0,0,1.0,0.0,1,1,1.0,2,0.5,0,19,5.9523809523809526,0,1,1,0,0.5,False,1.0,0,0.0,0.0,0.0,0.0,0,0,0,0.0,6,3,1,0,0,0,0,False,0,0,4,2,0,1,0,0,False,0,0,0,0,False,False,False,False,0,0,49,1116,21.79591836734694,23.43552126174416,72,28.105263157894736,23.04091266659581,0.819807754054907,0.22448979591836735,1,0,19,False,2,0,0.0,0.0,4,0,1.0,1,0.16666666666666666,1.1666666666666667,5,27,11,80,32,91,455.0,7.41,3370.37,0.1517,80.02,389,0,0.0,0.0,0.7755102040816326,ai_worker_039.cpp,C:\Users\ad\Downloads\codepython\project\fraud_detection_system\dataset_CPP\ai\ai_worker_039.cpp,1,1116
1,1.0,0,0,1,0,0,0,0,0,0,0,0,0,0,0,0,0,0,0,0,0,0,0,1,0.1111111111111111,0,0,0,0,0.0,0,0,1,False,1,1,1.0,1,1,0,0,1.0,0.0,0,0,0.0,0,0.0,1,4,5.166666666666667,1,0,0,0,1.0,True,1.0,1,0.0,0.0,78.0,0.0,0,0,4,0.4444444444444444,1,0,0,1,0,0,0,False,0,0,0,0,0,0,0,0,False,0,0,0,0,False,False,False,False,0,0,10,231,22.2,19.229144546755062,59,24.666666666666668,18.708286933869704,0.7584440648866096,0.1,1,0,4,False,2,3,0.75,0.0,1,0,1.0,0,0.0,1.0,1,8,1,12,9,13,41.21,0.75,30.91,0.0137,100.0,69,2,0.0,0.028985507246376812,0.9,ai_variadic_print.cpp,C:\Users\ad\Downloads\codepython\project\fraud_detection_system\dataset_CPP\ai\ai_variadic_print.cpp,1,231
2,1.5,0,0,0,0,0,0,0,0,0,0,0,0,0,0,0,0,0,0,0,0,4,0,0,0.0,0,0,0,0,0.0,0,0,2,False,2,2,1.0,5,5,0,0,1.0,0.0,5,5,1.0,4,0.5,17,12,4.317460317460317,0,2,1,0,0.6666666666666666,False,0.0,0,0.0,0.0,0.0,0.0,0,0,0,0.0,4,1,0,0,0,0,0,False,0,0,0,0,0,4,0,0,False,0,0,0,0,False,False,False,False,0,0,41,900,20.975609756097562,16.736826351955578,57,25.294117647058822,15.118219261315732,0.5976970405636453,0.17073170731707318,1,0,28,False,2,0,0.0,0.0,7,0,1.0,4,1.0,1.5,7,20,12,73,27,85,404.17,12.78,5163.21,0.1347,81.74,357,0,0.0,0.0,0.8292682926829268,ai_union_find.cpp,C:\Users\ad\Downloads\codepython\project\fraud_detection_system\dataset_CPP\ai\ai_union_find.cpp,1,900
1,1.0,0,0,1,0,0,0,0,0,0,9,0,0,0,0,0,3,0,0,0,0,1,0,13,0.43333333333333335,0,0,0,0,0.0,0,0,5,False,5,5,1.0,0,0,0,0,0.0,0.0,0,0,0.0,8,0.5,0,19,5.641025641025641,2,0,0,0,1.0,True,0.0,0,0.0,0.0,0.0,0.0,0,0,0,0.0,6,1,0,1,0,0,0,False,3,1,0,2,0,4,0,0,False,0,0,0,0,False,False,False,False,0,0,37,909,23.594594594594593,21.265959932781623,73,29.1,19.938823101343434,0.6851829244447916,0.1891891891891892,1,0,20,False,2,0,0.0,0.0,3,0,1.0,1,0.16666666666666666,1.0,1,26,8,70,27,78,370.88,1.35,499.26,0.1236,84.91,346,0,0.0,0.0,0.8108108108108109,ai_validator_002.cpp,C:\Users\ad\Downloads\codepython\project\fraud_detection_system\dataset_CPP\ai\ai_validator_002.cpp,1,909
1,1.0,0,0,1,0,0,0,0,0,0,9,0,0,0,0,0,3,0,0,0,0,1,0,13,0.43333333333333335,0,0,0,0,0.0,0,0,5,False,5,5,1.0,0,0,0,0,0.0,0.0,0,0,0.0,8,0.5,0,19,5.615384615384615,2,0,0,0,1.0,True,0.0,0,0.0,0.0,0.0,0.0,0,0,0,0.0,6,1,0,1,0,0,0,False,3,1,0,2,0,4,0,0,False,0,0,0,0,False,False,False,False,0,0,37,907,23.54054054054054,21.212686915954386,72,29.033333333333335,19.8871538659731,0.6849765969910367,0.1891891891891892,1,0,20,False,2,0,0.0,0.0,3,0,1.0,1,0.16666666666666666,1.0,1,26,8,70,27,78,370.88,1.35,499.26,0.1236,84.91,346,0,0.0,0.0,0.8108108108108109,ai_verifier_077.cpp,C:\Users\ad\Downloads\codepython\project\fraud_detection_system\dataset_CPP\ai\ai_verifier_077.cpp,1,907
2,1.5,0,0,0,1,0,0,1,0,0,6,0,0,0,0,0,2,0,1,0,0,1,0,11,0.3333333333333333,0,0,0,0,0.0,0,0,7,False,5,5,0.7142857142857143,0,0,0,0,0.0,0.0,6,6,1.0,6,0.5,2,21,5.7272727272727275,1,2,0,0,0.6666666666666666,False,1.0,0,0.0,0.0,0.0,0.0,0,0,0,0.0,4,1,1,0,1,1,0,True,1,1,1,0,0,6,0,0,False,0,0,0,0,False,False,False,False,0,0,40,1094,26.375,26.89394680964473,98,31.96969696969697,26.41680462461044,0.8263076328077199,0.175,1,0,21,False,2,0,0.0,0.0,5,0,1.0,3,0.75,1.5,2,29,8,78,31,86,426.06,2.69,1145.96,0.142,82.18,386,0,0.0,0.0,0.825,ai_visitor_048.cpp,C:\Users\ad\Downloads\codepython\project\fraud_detection_system\dataset_CPP\ai\ai_visitor_048.cpp,1,1094
1,1.0,0,0,0,0,0,0,2,0,0,6,0,0,0,0,0,0,0,0,0,0,0,0,8,0.4444444444444444,0,0,0,0,0.0,0,0,2,False,2,2,1.0,13,10,3,0,0.7692307692307693,0.23076923076923078,0,0,0.0,0,0.0,22,5,2.9166666666666665,0,0,0,0,1.0,True,0.0,1,0.0,0.0,59.0,0.0,0,0,4,0.2222222222222222,3,1,0,0,0,0,0,False,0,0,2,3,0,3,0,0,False,0,0,0,0,False,False,False,False,0,0,22,548,23.954545454545453,25.5636056510872,86,29.27777777777778,25.354827626127086,0.8660092927329934,0.18181818181818182,1,0,13,False,2,3,0.23076923076923078,0.0,3,0,1.0,0,0.0,1.0,3,12,19,44,15,63,246.13,5.5,1353.74,0.082,100.0,199,2,0.0,0.010050251256281407,0.8181818181818182,ai_vector3d.cpp,C:\Users\ad\Downloads\codepython\project\fraud_detection_system\dataset_CPP\ai\ai_vector3d.cpp,1,548
2,1.1666666666666667,2,0,0,0,0,0,0,0,0,0,0,0,0,3,0,2,0,0,0,0,1,0,4,0.10526315789473684,0,0,3,1,1.0,0,1,6,False,6,6,1.0,5,5,0,0,1.0,0.0,1,1,1.0,2,0.5,0,19,6.0,0,1,1,0,0.5,False,1.0,0,0.0,0.0,0.0,0.0,0,0,0,0.0,6,3,1,0,0,0,0,False,0,0,4,2,0,1,0,0,False,0,0,0,0,False,False,False,False,0,0,49,1124,21.959183673469386,23.586539903931087,73,28.31578947368421,23.18132785711027,0.8186714298979464,0.22448979591836735,1,0,19,False,2,0,0.0,0.0,4,0,1.0,1,0.16666666666666666,1.1666666666666667,5,27,11,80,32,91,455.0,7.41,3370.37,0.1517,80.02,389,0,0.0,0.0,0.7755102040816326,ai_wrapper_034.cpp,C:\Users\ad\Downloads\codepython\project\fraud_detection_system\dataset_CPP\ai\ai_wrapper_034.cpp,1,1124
5,2.5238095238095237,0,0,0,0,0,8,0,0,0,0,0,0,0,0,0,0,0,0,0,0,8,0,0,0.0,0,0,0,0,0.0,0,0,3,False,0,0,0.0,43,43,0,0,1.0,0.0,27,25,0.9259259259259259,32,0.5,57,17,3.4064516129032256,0,0,6,0,1.0,True,0.0,6,0.0,1.0,101.0,94.4810386620864,0,2,21,0.1810344827586207,5,0,0,0,0,0,0,False,0,0,0,0,0,4,0,0,False,0,0,1,0,False,False,False,False,0,0,129,3007,22.31782945736434,24.240712917127762,137,24.81896551724138,24.3185040721907,0.979835523575589,0.10077519379844961,1,0,82,False,2,0,0.0,0.007751937984496124,0,19,1.0,18,3.6,2.5238095238095237,12,35,63,192,47,255,1416.42,32.91,46620.46,0.4721,82.74,887,0,0.0,0.0,0.8992248062015504,0MWNXXrB.cpp,C:\Users\ad\Downloads\codepython\project\fraud_detection_system\dataset_CPP\human\0MWNXXrB.cpp,0,3007
2,1.5,0,0,0,0,0,4,0,0,0,0,0,0,0,0,0,0,0,0,0,0,2,0,0,0.0,0,0,0,0,0.0,0,0,3,False,0,0,0.0,16,16,0,0,1.0,0.0,20,19,0.95,14,0.42857142857142855,37,12,3.7674418604651163,0,0,4,0,1.0,True,0.0,3,0.0,0.3333333333333333,134.0,41.28760911782937,0,0,24,0.32432432432432434,5,0,0,0,0,0,0,False,0,0,0,0,0,1,0,0,False,0,0,0,0,False,False,False,False,0,0,76,1474,18.407894736842106,17.829733911568635,60,18.905405405405407,17.806898844472283,0.9418945779063251,0.02631578947368421,1,0,44,False,2,0,0.0,0.013157894736842105,0,14,1.0,6,1.2,1.5,10,20,23,99,30,122,598.64,24.75,14816.36,0.1995,100.0,500,0,0.0,0.0,0.9736842105263158,0xxh9q7r.cpp,C:\Users\ad\Downloads\codepython\project\fraud_detection_system\dataset_CPP\human\0xxh9q7r.cpp,0,1474
3,1.8,0,0,0,0,0,3,0,0,0,0,0,0,0,0,0,0,0,0,0,0,2,0,0,0.0,0,0,0,0,0.0,0,0,3,False,0,0,0.0,15,15,0,0,1.0,0.0,19,19,1.0,14,0.5,56,8,2.5375,0,0,1,0,1.0,True,0.0,1,0.0,1.0,85.0,0.0,0,0,4,0.06896551724137931,4,0,0,0,0,0,0,False,0,0,0,0,0,1,0,0,False,0,0,1,0,False,False,False,False,0,0,65,1163,16.907692307692308,16.77059980297304,68,18.948275862068964,16.629245544286608,0.8776125946939247,0.1076923076923077,1,0,40,False,2,0,0.0,0.0,0,9,1.0,6,1.5,1.8,9,24,22,100,33,122,615.42,18.75,11539.05,0.2051,90.23,484,0,0.0,0.0,0.8923076923076924,0zGBuTDB.cpp,C:\Users\ad\Downloads\codepython\project\fraud_detection_system\dataset_CPP\human\0zGBuTDB.cpp,0,1163
3,1.9090909090909092,0,0,0,0,0,3,0,0,0,0,0,0,0,0,0,0,0,0,0,0,3,0,0,0.0,0,0,0,0,0.0,0,0,3,False,0,0,0.0,11,11,0,0,1.0,0.0,11,11,1.0,16,0.5,43,10,2.7222222222222223,0,0,1,0,1.0,True,0.0,1,0.0,1.0,85.0,0.0,0,0,4,0.06557377049180328,4,0,0,0,0,0,0,False,0,0,0,0,0,2,0,0,False,0,0,1,0,False,False,False,False,0,0,67,1136,15.970149253731343,14.961612720612841,68,17.540983606557376,14.775449032583927,0.8423386831659996,0.08955223880597014,1,0,43,False,2,0,0.0,0.0,0,10,1.0,7,1.75,1.9090909090909092,8,21,19,88,29,107,519.8,16.76,8712.9,0.1733,89.6,434,0,0.0,0.0,0.9104477611940298,0wj3KWgH.cpp,C:\Users\ad\Downloads\codepython\project\fraud_detection_system\dataset_CPP\human\0wj3KWgH.cpp,0,1136
3,1.9230769230769231,0,0,0,0,0,0,0,0,0,0,0,0,0,0,0,0,0,0,0,0,10,0,0,0.0,0,0,0,0,0.0,0,0,2,False,2,2,1.0,84,84,0,0,1.0,0.0,42,41,0.9761904761904762,41,0.5121951219512195,61,25,4.121052631578947,1,5,4,0,0.5,False,0.0,14,0.0,0.8571428571428571,63.714285714285715,142.0183230489385,0,9,31,0.24603174603174602,4,0,0,0,0,0,0,False,0,0,0,0,0,4,0,0,True,0,0,0,0,False,False,False,False,1,1,131,4565,33.85496183206107,34.55035536044302,143,35.13492063492063,34.61244687914963,0.9851295023205,0.03816793893129771,1,0,108,False,2,5,0.046296296296296294,0.03816793893129771,0,6,1.0,12,3.0,1.9230769230769231,10,50,119,263,60,382,2256.43,26.3,59344.17,0.7521,84.49,1088,0,0.0,0.0,0.9618320610687023,18ocSsBW.cpp,C:\Users\ad\Downloads\codepython\project\fraud_detection_system\dataset_CPP\human\18ocSsBW.cpp,0,4565
4,2.0588235294117645,0,0,0,0,0,4,0,0,0,0,0,0,0,0,0,0,0,0,0,0,7,0,0,0.0,0,0,0,0,0.0,0,0,3,False,0,0,0.0,18,18,0,0,1.0,0.0,11,11,1.0,14,0.5,49,11,2.9210526315789473,0,0,2,0,1.0,True,0.0,1,0.0,1.0,85.0,0.0,0,0,4,0.04938271604938271,5,0,0,0,0,0,0,False,0,0,0,0,0,5,0,0,False,0,0,1,0,False,False,False,False,0,0,87,1467,15.873563218390805,14.46978985120231,68,17.049382716049383,14.312130083261371,0.8394515110385018,0.06896551724137931,1,0,60,False,2,0,0.0,0.0,0,16,1.0,12,2.4,2.0588235294117645,10,27,25,106,37,131,682.44,19.63,13396.01,0.2275,79.99,537,0,0.0,0.0,0.9310344827586207,0UI2YFH8.cpp,C:\Users\ad\Downloads\codepython\project\fraud_detection_system\dataset_CPP\human\0UI2YFH8.cpp,0,1467
3,2.0,0,0,0,0,0,11,0,0,0,0,0,0,0,0,0,0,0,0,0,0,3,0,0,0.0,0,0,0,0,0.0,0,0,3,False,0,0,0.0,35,35,0,0,1.0,0.0,29,27,0.9310344827586207,36,0.5,79,16,3.3125,0,0,5,0,1.0,True,0.0,6,0.0,1.0,62.333333333333336,44.95429777995524,0,2,11,0.09821428571428571,7,0,0,0,0,0,0,False,0,0,0,0,0,1,0,0,False,0,0,1,0,False,False,False,False,0,0,124,2670,20.54032258064516,22.839693515805813,130,22.741071428571427,22.967269232429405,1.0099466643235546,0.0967741935483871,1,0,81,False,2,0,0.0,0.008064516129032258,0,21,1.0,16,2.2857142857142856,2.0,10,31,54,211,41,265,1419.75,34.03,48317.34,0.4733,76.47,975,0,0.0,0.0,0.9032258064516129,07WSJBhm.cpp,C:\Users\ad\Downloads\codepython\project\fraud_detection_system\dataset_CPP\human\07WSJBhm.cpp,0,2670
3,1.6666666666666667,0,0,0,0,0,1,0,0,0,0,0,0,0,0,0,0,0,0,0,0,1,0,0,0.0,0,0,0,0,0.0,0,0,5,False,0,0,0.0,6,6,0,0,1.0,0.0,3,3,1.0,18,0.5,14,16,3.5970149253731343,0,0,0,1,1.0,True,0.0,1,0.0,1.0,85.0,0.0,0,0,4,0.06557377049180328,4,0,0,0,0,0,0,False,0,0,0,0,0,2,0,0,False,0,0,0,0,False,False,False,False,0,0,66,1121,16.0,12.670653280137316,56,17.311475409836067,12.288260402709783,0.7098332240201674,0.07575757575757576,1,0,42,False,2,0,0.0,0.0,1,8,0.8888888888888888,5,1.25,1.6666666666666667,6,27,16,84,33,100,504.44,9.33,4708.1,0.1681,90.21,448,0,0.0,0.0,0.9242424242424242,1CVdhK2Z.cpp,C:\Users\ad\Downloads\codepython\project\fraud_detection_system\dataset_CPP\human\1CVdhK2Z.cpp,0,1121
1,1.0,0,0,0,0,0,0,0,0,0,0,0,0,0,0,0,0,0,0,0,0,3,0,0,0.0,0,0,0,0,0.0,0,0,2,False,0,0,0.0,3,3,0,0,1.0,0.0,6,6,1.0,6,0.5,18,4,2.689655172413793,0,0,0,0,1.0,True,0.0,1,0.0,1.0,85.0,0.0,0,0,4,0.14814814814814814,1,0,0,0,0,0,0,False,0,0,0,0,0,1,0,0,False,0,0,0,0,False,False,False,False,0,0,34,504,13.852941176470589,12.173095582281581,56,17.40740740740741,11.189476733733352,0.6427997272570223,0.20588235294117646,1,0,20,False,2,6,0.3,0.029411764705882353,0,1,1.0,3,3.0,1.0,4,15,12,42,19,54,229.39,5.6,1284.57,0.0765,100.0,211,0,0.0,0.0,0.7941176470588235,1BoZOolV.cpp,C:\Users\ad\Downloads\codepython\project\fraud_detection_system\dataset_CPP\human\1BoZOolV.cpp,0,504
4,2.1333333333333333,0,0,0,0,0,6,0,0,0,0,0,0,0,0,0,0,0,0,0,0,3,0,0,0.0,0,0,0,0,0.0,0,0,3,False,0,0,0.0,14,14,0,0,1.0,0.0,11,8,0.7272727272727273,20,0.5,57,9,3.218390804597701,0,0,3,0,1.0,True,0.0,1,0.0,1.0,85.0,0.0,0,0,4,0.05555555555555555,4,0,0,0,0,0,0,False,0,0,0,0,0,2,0,0,False,0,0,1,0,False,False,False,False,0,0,78,1439,17.46153846153846,16.779636855955836,68,18.916666666666668,16.658122810075433,0.8806056111053092,0.07692307692307693,2,0,54,False,2,0,0.0,0.0,0,13,1.0,10,2.5,2.1333333333333333,8,23,23,108,31,131,649.0,18.78,12189.91,0.2163,83.6,536,0,0.0,0.0,0.9230769230769231,1JGDY4x2.cpp,C:\Users\ad\Downloads\codepython\project\fraud_detection_system\dataset_CPP\human\1JGDY4x2.cpp,0,1439
4,2.5789473684210527,0,0,0,0,0,6,0,0,0,0,0,0,0,0,0,0,0,0,0,0,6,0,0,0.0,0,0,0,0,0.0,0,0,3,False,0,0,0.0,28,28,0,0,1.0,0.0,15,13,0.8666666666666667,30,0.5,42,15,3.15625,0,0,3,0,1.0,True,0.0,8,0.0,0.5,32.5,34.230834053525484,0,5,11,0.11578947368421053,4,0,0,0,0,0,0,False,0,0,0,0,0,1,0,0,False,0,0,1,0,False,False,False,False,0,0,103,2162,20.0,18.627154205256577,109,21.68421052631579,18.430103039889435,0.8499319363055806,0.07766990291262135,1,0,77,False,2,0,0.0,0.009708737864077669,0,17,1.0,15,3.75,2.5789473684210527,10,28,48,150,38,198,1039.09,26.79,27832.76,0.3464,82.81,703,0,0.0,0.0,0.9223300970873787,1CbygrgO.cpp,C:\Users\ad\Downloads\codepython\project\fraud_detection_system\dataset_CPP\human\1CbygrgO.cpp,0,2162
1,1.0,0,0,0,0,0,0,0,0,0,0,0,0,0,0,0,0,0,0,0,0,0,0,0,0.0,0,0,0,0,0.0,0,0,2,False,0,0,0.0,0,0,0,0,0.0,0.0,8,8,1.0,16,0.5,22,10,4.032786885245901,0,0,4,0,1.0,True,0.0,1,0.0,1.0,85.0,0.0,0,0,4,0.07017543859649122,5,4,0,0,0,0,0,False,0,0,0,0,0,1,0,0,False,0,0,0,0,False,False,False,False,0,4,68,1006,13.808823529411764,13.65031496398222,60,16.473684210526315,13.356259145300276,0.8107633346987388,0.16176470588235295,1,0,26,False,2,0,0.0,0.0,0,5,1.0,0,0.0,1.0,3,26,17,87,29,104,505.23,5.02,2535.87,0.1684,93.08,377,0,0.0,0.0,0.8382352941176471,1a5PqasS.cpp,C:\Users\ad\Downloads\codepython\project\fraud_detection_system\dataset_CPP\human\1a5PqasS.cpp,0,1006
2,1.3333333333333333,0,0,0,0,0,1,0,0,0,0,0,0,0,0,0,0,0,0,0,0,10,0,0,0.0,0,0,0,0,0.0,0,0,2,False,0,0,0.0,23,21,2,0,0.9130434782608695,0.08695652173913043,23,23,1.0,10,0.5,53,9,2.5384615384615383,0,3,0,0,1.0,True,1.0,6,0.0,0.3333333333333333,45.5,50.56596351961136,0,3,15,0.234375,4,0,0,0,0,0,0,False,0,0,0,0,0,13,0,0,False,0,0,0,0,False,False,False,False,0,0,77,1425,17.51948051948052,17.74100129651275,64,20.9375,17.57650686996708,0.8394749549835023,0.16883116883116883,3,0,42,False,2,0,0.0,0.05194805194805195,0,3,1.0,11,2.75,1.3333333333333333,11,25,28,112,36,140,723.79,24.64,17834.17,0.2413,100.0,473,0,0.0,0.0,0.8311688311688312,1VM1MjQi.cpp,C:\Users\ad\Downloads\codepython\project\fraud_detection_system\dataset_CPP\human\1VM1MjQi.cpp,0,1425
5,2.4615384615384617,0,0,0,0,0,12,0,0,0,0,0,0,0,0,0,0,0,0,0,0,6,0,0,0.0,0,0,0,0,0.0,0,0,3,False,0,0,0.0,48,48,0,0,1.0,0.0,25,23,0.92,36,0.5,95,14,2.772020725388601,0,0,5,0,1.0,True,0.0,11,0.0,0.9,41.0,30.977411124882597,0,7,14,0.11570247933884298,6,0,0,0,0,0,0,False,0,0,0,0,0,1,0,0,False,0,0,1,0,False,False,False,False,0,0,134,2919,20.791044776119403,19.69471276380393,109,23.024793388429753,19.445394113517953,0.8445415246718134,0.09701492537313433,1,0,97,False,2,0,0.0,0.007462686567164179,0,24,1.0,20,3.3333333333333335,2.4615384615384617,12,31,71,229,43,300,1627.88,44.32,72151.82,0.5426,75.4,1049,0,0.0,0.0,0.9029850746268657,1Nasxk9o.cpp,C:\Users\ad\Downloads\codepython\project\fraud_detection_system\dataset_CPP\human\1Nasxk9o.cpp,0,2919
3,1.6666666666666667,0,0,0,0,0,3,0,0,0,0,0,0,0,0,0,0,0,0,0,0,1,0,0,0.0,0,0,0,0,0.0,0,0,3,False,0,0,0.0,11,11,0,0,1.0,0.0,12,12,1.0,16,0.5,47,10,2.220779220779221,0,0,0,0,1.0,True,0.0,1,0.0,1.0,85.0,0.0,0,0,4,0.07407407407407407,4,0,0,0,0,0,0,False,0,0,0,0,0,1,2,0,False,0,0,1,0,False,False,False,False,0,0,61,1074,16.62295081967213,17.001604489785354,81,18.703703703703702,16.98651930603885,0.9081901411149486,0.11475409836065574,2,0,36,False,2,1,0.027777777777777776,0.01639344262295082,0,8,1.0,7,1.75,1.6666666666666667,9,22,22,92,31,114,564.78,18.82,10628.1,0.1883,92.28,438,0,0.0,0.0,0.8852459016393442,1q4yxqsm.cpp,C:\Users\ad\Downloads\codepython\project\fraud_detection_system\dataset_CPP\human\1q4yxqsm.cpp,0,1074
2,1.75,0,0,0,0,0,0,0,0,0,0,0,0,0,0,0,0,0,0,0,0,3,0,0,0.0,0,0,0,0,0.0,0,0,2,False,0,0,0.0,3,3,0,0,1.0,0.0,6,5,0.8333333333333334,8,0.5,27,5,2.395348837209302,0,0,0,0,1.0,True,0.0,2,0.0,0.5,80.0,5.0,0,0,11,0.2894736842105263,1,0,0,0,0,0,0,False,0,0,0,0,0,1,0,0,False,0,0,0,0,False,False,False,False,0,0,45,657,13.622222222222222,12.965405060971358,56,16.026315789473685,12.710308377776355,0.7930898495164228,0.15555555555555556,2,0,24,False,2,0,0.0,0.044444444444444446,0,4,1.0,3,3.0,1.75,3,14,15,51,17,66,269.77,5.46,1474.11,0.0899,100.0,229,0,0.0,0.0,0.8444444444444444,1uZClglr.cpp,C:\Users\ad\Downloads\codepython\project\fraud_detection_system\dataset_CPP\human\1uZClglr.cpp,0,657
3,1.8888888888888888,0,0,0,0,0,4,0,0,0,0,0,0,0,0,0,0,0,0,0,0,6,0,0,0.0,0,0,0,0,0.0,0,0,3,False,0,0,0.0,21,21,0,0,1.0,0.0,16,16,1.0,22,0.5,67,14,4.481132075471698,0,0,3,0,1.0,True,0.0,1,0.0,1.0,85.0,0.0,0,0,4,0.043478260869565216,6,0,0,0,0,0,0,False,0,0,0,0,0,6,0,0,False,0,0,1,0,False,False,False,False,0,0,106,1863,16.58490566037736,18.044425222069933,71,19.02173913043478,18.1628971190731,0.9548494485455573,0.1320754716981132,3,0,68,False,2,0,0.0,0.018867924528301886,0,16,1.0,12,2.0,1.8888888888888888,11,29,30,131,40,161,856.83,24.84,21287.8,0.2856,75.74,638,0,0.0,0.0,0.8679245283018868,1ukIkvFi.cpp,C:\Users\ad\Downloads\codepython\project\fraud_detection_system\dataset_CPP\human\1ukIkvFi.cpp,0,1863
4,2.0588235294117645,0,0,0,0,0,7,0,0,0,0,0,0,0,0,0,0,0,0,0,0,3,0,0,0.0,0,0,0,0,0.0,0,0,3,False,0,0,0.0,17,17,0,0,1.0,0.0,15,15,1.0,22,0.5,61,12,2.950980392156863,0,0,4,0,1.0,True,0.0,1,0.0,1.0,85.0,0.0,0,0,4,0.04819277108433735,6,0,0,0,0,0,0,False,0,0,0,0,0,3,0,0,False,0,0,1,0,False,False,False,False,0,0,91,1570,16.263736263736263,14.97311522185436,68,17.83132530120482,14.759778687984303,0.8277443453396601,0.08791208791208792,1,0,59,False,2,0,0.0,0.0,0,16,1.0,11,1.8333333333333333,2.0588235294117645,10,26,30,126,36,156,806.51,24.23,19542.32,0.2688,78.76,609,0,0.0,0.0,0.9120879120879121,1vmqMf4W.cpp,C:\Users\ad\Downloads\codepython\project\fraud_detection_system\dataset_CPP\human\1vmqMf4W.cpp,0,1570
2,1.3333333333333333,0,0,0,0,0,0,0,0,0,0,0,0,0,0,0,0,0,0,0,0,0,0,0,0.0,0,0,0,0,0.0,0,0,2,False,0,0,0.0,2,2,0,0,1.0,0.0,2,2,1.0,8,0.5,13,6,2.6818181818181817,0,0,0,0,1.0,True,0.0,1,0.0,1.0,85.0,0.0,0,0,4,0.14814814814814814,2,0,0,0,0,0,0,False,0,0,0,0,0,2,0,0,False,0,0,0,0,False,False,False,False,0,0,32,429,12.4375,12.226859521152601,56,14.592592592592593,12.123620224691042,0.830806462098117,0.15625,1,0,17,False,2,0,0.0,0.03125,0,3,1.0,1,0.5,1.3333333333333333,5,14,5,28,19,33,140.18,5.0,700.91,0.0467,100.0,146,0,0.0,0.0,0.84375,25jWeIkn.cpp,C:\Users\ad\Downloads\codepython\project\fraud_detection_system\dataset_CPP\human\25jWeIkn.cpp,0,429
4,2.142857142857143,0,0,0,0,0,8,0,0,0,0,0,0,0,0,0,0,0,0,0,0,5,0,0,0.0,0,0,0,0,0.0,0,0,5,False,0,0,0.0,23,23,0,0,1.0,0.0,38,36,0.9473684210526315,28,0.5,62,15,3.4834437086092715,0,0,5,0,1.0,True,0.0,4,0.0,1.0,51.5,40.26474885057648,0,2,7,0.06862745098039216,6,0,0,0,0,0,0,False,0,0,0,0,0,5,0,0,False,0,0,1,0,False,False,False,False,0,0,116,2415,19.82758620689655,21.69589022820434,109,22.54901960784314,21.77047265061069,0.9654731349401261,0.1206896551724138,2,0,76,False,2,0,0.0,0.0,0,19,1.0,15,2.5,2.142857142857143,6,33,35,181,39,216,1141.65,16.45,18785.28,0.3805,75.76,849,0,0.0,0.0,0.8793103448275862,2D5eHpMd.cpp,C:\Users\ad\Downloads\codepython\project\fraud_detection_system\dataset_CPP\human\2D5eHpMd.cpp,0,2415
3,2.0714285714285716,0,0,0,0,0,6,0,0,0,0,0,0,0,0,0,0,0,0,0,0,2,0,0,0.0,0,0,0,0,0.0,0,0,3,False,0,0,0.0,19,19,0,0,1.0,0.0,28,26,0.9285714285714286,22,0.5,51,10,3.2635658914728682,0,0,3,0,1.0,True,0.0,4,0.0,1.0,51.5,40.26474885057648,0,3,7,0.08974358974358974,4,0,0,0,0,0,0,False,0,0,0,0,0,1,0,0,False,0,0,1,0,False,False,False,False,0,0,93,1970,20.193548387096776,20.702323418781553,109,24.025641025641026,20.488254520750047,0.8527661967014427,0.16129032258064516,1,0,60,False,2,0,0.0,0.010752688172043012,0,12,1.0,10,2.5,2.0714285714285716,7,30,29,155,37,184,958.54,18.08,17333.59,0.3195,84.8,727,0,0.0,0.0,0.8387096774193549,2ILXUBfR.cpp,C:\Users\ad\Downloads\codepython\project\fraud_detection_system\dataset_CPP\human\2ILXUBfR.cpp,0,1970
4,1.962962962962963,0,0,0,0,0,14,0,0,0,0,0,0,0,0,0,0,0,0,0,0,3,0,0,0.0,0,0,0,0,0.0,0,0,3,False,0,0,0.0,29,29,0,0,1.0,0.0,38,34,0.8947368421052632,34,0.5,109,17,3.078602620087336,0,0,7,0,1.0,True,0.0,18,0.0,0.2222222222222222,25.333333333333332,23.99536992375358,0,14,21,0.15441176470588236,8,0,0,0,0,0,0,False,0,0,0,0,0,1,0,0,False,0,0,1,0,False,False,False,False,0,0,149,3224,20.644295302013422,20.20235677177971,109,22.61764705882353,20.06279070653571,0.8870414616673786,0.087248322147651,1,0,106,False,2,5,0.04716981132075472,0.040268456375838924,0,23,1.0,19,2.375,1.962962962962963,10,32,78,260,42,338,1822.6,40.62,74043.26,0.6075,76.6,1208,0,0.0,0.0,0.912751677852349,2QT7P27R.cpp,C:\Users\ad\Downloads\codepython\project\fraud_detection_system\dataset_CPP\human\2QT7P27R.cpp,0,3224
1,1.0,0,0,0,0,0,3,0,0,0,0,0,0,0,0,0,0,0,0,0,0,1,0,0,0.0,0,0,0,0,0.0,0,0,2,False,0,0,0.0,9,9,0,0,1.0,0.0,3,3,1.0,6,0.5,18,3,1.5714285714285714,0,0,0,0,1.0,True,0.0,2,0.0,1.0,140.0,55.0,0,0,11,0.4583333333333333,1,0,0,0,0,0,0,False,0,0,0,0,0,1,0,0,False,0,0,0,0,False,False,False,False,0,0,26,657,24.307692307692307,22.72370708985058,95,26.208333333333332,22.632902241844484,0.8635765561276115,0.07692307692307693,1,0,10,False,2,0,0.0,0.038461538461538464,0,1,1.0,4,4.0,1.0,6,15,15,33,21,48,210.83,6.6,1391.49,0.0703,100.0,131,0,0.0,0.0,0.9230769230769231,339T5xvx.cpp,C:\Users\ad\Downloads\codepython\project\fraud_detection_system\dataset_CPP\human\339T5xvx.cpp,0,657
3,2.0588235294117645,0,0,0,0,0,5,0,0,0,0,0,0,0,0,0,0,0,0,0,0,4,0,0,0.0,0,0,0,0,0.0,0,0,3,False,0,0,0.0,26,26,0,0,1.0,0.0,22,19,0.8636363636363636,20,0.5,65,12,3.1451612903225805,0,0,4,0,1.0,True,0.0,1,0.0,1.0,85.0,0.0,0,0,4,0.047619047619047616,5,0,0,0,0,0,0,False,0,0,0,0,0,1,0,0,False,0,0,1,0,False,False,False,False,0,0,97,1846,18.04123711340206,18.203272349848156,76,20.833333333333332,18.013112507898853,0.864629400379145,0.13402061855670103,2,0,63,False,2,0,0.0,0.0,0,14,1.0,12,2.4,2.0588235294117645,8,29,39,152,37,191,995.01,20.97,20860.81,0.3317,77.15,724,0,0.0,0.0,0.865979381443299,2bK9Zjpj.cpp,C:\Users\ad\Downloads\codepython\project\fraud_detection_system\dataset_CPP\human\2bK9Zjpj.cpp,0,1846
1,1.0,0,0,0,0,0,0,0,0,0,0,0,0,0,0,0,0,0,0,0,0,0,0,0,0.0,0,0,0,0,0.0,0,0,1,False,1,1,1.0,4,3,0,1,0.75,0.0,2,2,1.0,6,0.5,12,6,2.45,0,0,1,0,1.0,True,0.0,2,0.0,0.5,55.5,29.5,0,1,5,0.25,2,0,0,0,0,0,0,False,0,0,0,0,0,0,0,0,True,0,0,0,0,False,False,False,True,2,0,23,374,15.304347826086957,16.4301810903479,57,17.6,16.432893841317178,0.9336871500748396,0.13043478260869565,1,0,10,False,2,0,0.0,0.0,0,1,1.0,0,0.0,1.0,4,15,12,25,19,37,157.17,3.33,523.91,0.0524,100.0,129,0,0.0,0.0,0.8695652173913043,2XkUvmnZ.cpp,C:\Users\ad\Downloads\codepython\project\fraud_detection_system\dataset_CPP\human\2XkUvmnZ.cpp,0,374
2,1.3333333333333333,0,0,0,0,0,1,0,0,0,0,0,0,0,0,0,0,0,0,0,0,1,0,0,0.0,0,0,0,0,0.0,0,0,2,False,0,0,0.0,6,6,0,0,1.0,0.0,2,2,1.0,8,0.5,19,5,2.3333333333333335,0,1,0,0,1.0,True,1.0,1,0.0,1.0,85.0,0.0,0,0,4,0.15384615384615385,2,0,0,0,0,0,0,False,0,0,0,0,0,3,0,0,False,0,0,0,0,False,False,False,False,0,0,30,448,13.966666666666667,13.979707515617852,56,16.115384615384617,13.81561803811715,0.8572937207423529,0.13333333333333333,1,0,16,False,2,0,0.0,0.0,0,3,1.0,2,1.0,1.3333333333333333,8,13,9,35,21,44,193.26,10.77,2081.28,0.0644,100.0,170,0,0.0,0.0,0.8666666666666667,3f7J3ZsY.cpp,C:\Users\ad\Downloads\codepython\project\fraud_detection_system\dataset_CPP\human\3f7J3ZsY.cpp,0,448
2,1.5,0,0,0,0,0,0,0,0,0,0,0,0,0,0,0,0,0,0,0,0,0,0,0,0.0,0,0,0,0,0.0,0,0,2,False,0,0,0.0,3,3,0,0,1.0,0.0,3,2,0.6666666666666666,10,0.5,20,4,2.111111111111111,0,0,0,0,1.0,True,0.0,1,0.0,1.0,85.0,0.0,0,0,4,0.14814814814814814,1,0,0,0,0,0,0,False,0,0,0,0,0,1,0,0,False,0,0,0,0,False,False,False,False,0,0,32,447,13.0,11.784523749392676,56,15.407407407407407,11.291620161476219,0.73286957778812,0.15625,1,0,20,False,2,0,0.0,0.0,0,2,1.0,1,1.0,1.5,6,16,11,36,22,47,209.59,6.75,1414.75,0.0699,100.0,164,0,0.0,0.0,0.84375,2zoYbT2y.cpp,C:\Users\ad\Downloads\codepython\project\fraud_detection_system\dataset_CPP\human\2zoYbT2y.cpp,0,447
3,2.0,0,0,0,0,0,0,0,0,0,0,0,0,0,0,0,0,0,0,0,0,3,0,0,0.0,0,0,0,0,0.0,0,0,2,False,0,0,0.0,17,17,0,0,1.0,0.0,22,22,1.0,31,0.5161290322580645,50,10,3.070588235294118,0,0,4,0,1.0,True,0.0,4,0.0,0.6666666666666666,38.333333333333336,33.6386021641143,0,0,12,0.19672131147540983,2,0,0,0,0,0,0,False,0,0,0,0,0,2,0,0,False,0,0,0,0,False,False,False,False,0,1,70,1307,17.685714285714287,17.36461332475812,79,20.16393442622951,17.258098909292215,0.8558894581031098,0.12857142857142856,2,0,43,False,2,0,0.0,0.02857142857142857,0,5,1.0,3,1.5,2.0,8,32,28,110,40,138,734.43,13.75,10098.36,0.2448,100.0,481,0,0.0,0.0,0.8714285714285714,37Y3OFHq.cpp,C:\Users\ad\Downloads\codepython\project\fraud_detection_system\dataset_CPP\human\37Y3OFHq.cpp,0,1307
0,0.0,0,0,0,0,0,0,0,0,0,0,0,0,0,0,0,0,0,0,0,0,0,0,0,0.0,0,0,0,0,0.0,0,0,0,False,0,0,0.0,0,0,0,0,0.0,0.0,0,0,0.0,0,0.0,0,3,4.666666666666667,0,2,0,0,1.0,True,0.0,1,0.0,1.0,85.0,0.0,0,0,4,0.3333333333333333,0,4,0,0,0,0,0,False,0,0,0,0,0,0,0,0,False,0,0,0,0,False,False,False,False,0,0,14,220,14.785714285714286,15.404909103587595,56,17.25,15.308630463456444,0.8874568384612431,0.14285714285714285,1,0,5,False,2,0,0.0,0.0,0,0,1.0,0,0.0,0.0,0,6,0,10,6,10,25.85,0.0,0.0,0.0,100.0,43,0,0.0,0.0,0.8571428571428571,3DANQmYb.cpp,C:\Users\ad\Downloads\codepython\project\fraud_detection_system\dataset_CPP\human\3DANQmYb.cpp,0,220
2,1.2,0,0,0,0,0,0,0,0,0,0,0,0,0,0,0,0,0,0,0,0,2,0,0,0.0,0,0,0,0,0.0,0,0,2,False,0,0,0.0,14,14,0,0,1.0,0.0,9,9,1.0,6,0.5,20,9,3.466666666666667,0,3,0,0,1.0,True,1.0,0,0.0,0.0,0.0,0.0,0,0,0,0.0,4,0,0,0,0,0,0,False,0,0,0,0,0,6,0,0,False,0,0,0,0,False,False,False,False,0,0,40,644,15.125,16.839221329978415,63,16.805555555555557,16.9358584804295,1.007753562471838,0.1,2,22,0,False,2,18,0.8181818181818182,0.0,0,5,1.0,3,0.75,1.2,9,17,18,67,26,85,399.54,17.74,7085.91,0.1332,81.11,294,0,0.0,0.0,0.9,3IzPD3qP.cpp,C:\Users\ad\Downloads\codepython\project\fraud_detection_system\dataset_CPP\human\3IzPD3qP.cpp,0,644
5,2.111111111111111,0,0,0,0,0,5,0,0,0,0,0,0,0,0,0,0,0,0,0,0,5,0,0,0.0,0,0,0,0,0.0,0,0,3,False,0,0,0.0,20,20,0,0,1.0,0.0,13,13,1.0,18,0.5,70,12,2.75,0,0,3,0,1.0,True,0.0,1,0.0,1.0,85.0,0.0,0,0,4,0.047058823529411764,6,0,0,0,0,0,0,False,0,0,0,0,0,3,0,0,False,0,0,1,0,False,False,False,False,0,0,93,1532,15.483870967741936,15.222799046892142,68,16.941176470588236,15.127966265225455,0.892970230933447,0.08602150537634409,1,0,61,False,2,0,0.0,0.0,0,16,1.0,11,1.8333333333333333,2.111111111111111,13,25,30,122,38,152,797.68,31.72,25302.57,0.2659,78.24,593,0,0.0,0.0,0.9139784946236559,3ALZzT4a.cpp,C:\Users\ad\Downloads\codepython\project\fraud_detection_system\dataset_CPP\human\3ALZzT4a.cpp,0,1532
3,2.066666666666667,0,0,0,0,0,5,0,0,0,0,0,0,0,0,0,0,0,0,0,0,3,0,0,0.0,0,0,0,0,0.0,0,0,3,False,0,0,0.0,25,25,0,0,1.0,0.0,21,18,0.8571428571428571,24,0.5,42,12,3.1621621621621623,0,0,3,0,1.0,True,0.0,4,0.0,1.0,51.5,40.26474885057648,0,2,7,0.08536585365853659,4,0,0,0,0,0,0,False,0,0,0,0,0,2,0,0,False,0,0,1,0,False,False,False,False,0,0,94,1945,19.70212765957447,19.80158482118317,109,22.585365853658537,19.605220322417736,0.8680497118997054,0.1276595744680851,1,0,64,False,2,0,0.0,0.0,0,12,1.0,11,2.75,2.066666666666667,8,30,36,140,38,176,923.64,18.67,17241.19,0.3079,83.44,665,0,0.0,0.0,0.8723404255319149,3dhhHTrE.cpp,C:\Users\ad\Downloads\codepython\project\fraud_detection_system\dataset_CPP\human\3dhhHTrE.cpp,0,1945
3,1.9090909090909092,0,0,0,0,0,5,0,0,0,0,0,0,0,0,0,0,0,0,0,0,1,0,0,0.0,0,0,0,0,0.0,0,0,3,False,0,0,0.0,12,12,0,0,1.0,0.0,12,9,0.75,18,0.5,54,9,3.0823529411764707,0,0,3,0,1.0,True,0.0,1,0.0,1.0,85.0,0.0,0,0,4,0.06896551724137931,4,0,0,0,0,0,0,False,0,0,0,0,0,2,1,0,False,0,0,1,0,False,False,False,False,0,0,64,1233,18.28125,17.943025063726015,68,20.17241379310345,17.80753224111725,0.8827665555425646,0.09375,1,0,40,False,2,0,0.0,0.0,0,10,1.0,8,2.0,1.9090909090909092,8,22,22,103,30,125,613.36,18.73,11486.58,0.2045,89.79,493,0,0.0,0.0,0.90625,3fHKMIyT.cpp,C:\Users\ad\Downloads\codepython\project\fraud_detection_system\dataset_CPP\human\3fHKMIyT.cpp,0,1233
3,1.8666666666666667,0,0,0,0,0,4,0,0,0,0,0,0,0,0,0,0,0,0,0,0,5,0,0,0.0,0,0,0,0,0.0,0,0,3,False,0,0,0.0,19,19,0,0,1.0,0.0,11,11,1.0,20,0.5,55,13,2.7032967032967035,0,0,2,0,1.0,True,0.0,4,0.0,0.5,32.0,30.86259872402193,0,2,7,0.08641975308641975,5,0,0,0,0,0,0,False,0,0,0,0,0,5,1,0,False,0,0,1,0,False,False,False,False,0,0,90,1498,15.655555555555555,14.622783677164058,68,17.395061728395063,14.398798828799537,0.8277520973263041,0.1,2,0,60,False,2,0,0.0,0.011111111111111112,0,14,1.0,12,2.4,1.8666666666666667,13,26,32,117,39,149,787.52,29.25,23035.1,0.2625,84.36,566,0,0.0,0.0,0.9,3gOArQYD.cpp,C:\Users\ad\Downloads\codepython\project\fraud_detection_system\dataset_CPP\human\3gOArQYD.cpp,0,1498
4,2.25,0,0,0,0,0,12,0,0,0,0,0,0,0,0,0,0,0,0,0,0,4,0,0,0.0,0,0,0,0,0.0,0,0,3,False,0,0,0.0,42,42,0,0,1.0,0.0,25,23,0.92,38,0.5,91,14,2.7936507936507935,0,0,5,0,1.0,True,0.0,11,0.0,0.9,41.0,30.977411124882597,0,7,14,0.11864406779661017,6,0,0,0,0,0,0,False,0,0,0,0,0,1,0,0,False,0,0,1,0,False,False,False,False,0,0,130,2823,20.723076923076924,19.633180464405882,109,22.83050847457627,19.40483300132341,0.8499518538070389,0.09230769230769231,1,0,94,False,2,0,0.0,0.007692307692307693,0,22,1.0,18,3.0,2.25,11,31,66,221,42,287,1547.6,39.21,60680.7,0.5159,76.82,1010,0,0.0,0.0,0.9076923076923077,3e9zCu7v.cpp,C:\Users\ad\Downloads\codepython\project\fraud_detection_system\dataset_CPP\human\3e9zCu7v.cpp,0,2823
3,1.625,0,0,0,0,0,2,0,0,0,0,0,0,0,0,0,0,0,0,0,0,4,0,0,0.0,0,0,0,0,0.0,0,0,3,False,0,0,0.0,17,17,0,0,1.0,0.0,13,13,1.0,10,0.5,44,9,4.313432835820896,0,1,0,0,1.0,True,1.0,0,0.0,0.0,0.0,0.0,0,0,0,0.0,4,0,0,0,0,0,0,False,0,0,0,0,0,5,0,0,False,0,0,1,0,False,False,False,False,0,0,55,918,15.709090909090909,18.014814839986787,71,17.632653061224488,18.175666484201884,1.0307959001457088,0.10909090909090909,1,33,0,False,2,22,0.6666666666666666,0.0,0,7,1.0,7,1.75,1.625,9,22,21,88,31,109,540.01,18.0,9720.13,0.18,73.63,420,0,0.0,0.0,0.8909090909090909,3mWGabm5.cpp,C:\Users\ad\Downloads\codepython\project\fraud_detection_system\dataset_CPP\human\3mWGabm5.cpp,0,918
3,1.8333333333333333,0,0,0,0,0,3,0,0,0,0,0,0,0,0,0,0,0,0,0,0,3,0,0,0.0,0,0,0,0,0.0,0,0,3,False,0,0,0.0,13,13,0,0,1.0,0.0,10,10,1.0,14,0.5,40,9,2.6307692307692307,0,0,1,0,1.0,True,0.0,1,0.0,1.0,85.0,0.0,0,0,4,0.06349206349206349,4,0,0,0,0,0,0,False,0,0,0,0,0,2,0,0,False,0,0,1,0,False,False,False,False,0,0,71,1112,14.67605633802817,14.081027739267086,68,16.41269841269841,14.010919687741652,0.8536633852299073,0.11267605633802817,3,0,45,False,2,0,0.0,0.028169014084507043,0,10,1.0,7,1.75,1.8333333333333333,10,21,19,84,31,103,510.28,20.0,10205.64,0.1701,88.88,428,0,0.0,0.0,0.8873239436619719,3nSAgFO0.cpp,C:\Users\ad\Downloads\codepython\project\fraud_detection_system\dataset_CPP\human\3nSAgFO0.cpp,0,1112
2,1.3333333333333333,0,0,0,0,0,1,0,0,0,0,0,0,0,0,0,0,0,0,0,0,0,0,0,0.0,0,0,0,0,0.0,0,0,5,False,0,0,0.0,5,5,0,0,1.0,0.0,3,3,1.0,10,0.5,17,11,3.4146341463414633,0,0,1,0,1.0,True,0.0,3,0.0,0.3333333333333333,38.666666666666664,32.78549814916481,1,2,6,0.13953488372093023,4,0,0,0,0,0,0,False,0,0,0,0,0,2,0,0,False,0,0,0,0,False,False,False,False,0,0,49,740,14.122448979591837,13.164008838358342,56,16.093023255813954,12.874734503450659,0.8000196295496796,0.12244897959183673,2,0,24,False,2,0,0.0,0.0,0,6,1.0,2,0.5,1.3333333333333333,6,22,9,50,28,59,283.63,6.82,1933.87,0.0945,100.0,260,0,0.0,0.0,0.8775510204081632,3vRVOak5.cpp,C:\Users\ad\Downloads\codepython\project\fraud_detection_system\dataset_CPP\human\3vRVOak5.cpp,0,740
3,1.3076923076923077,0,0,0,0,0,0,0,0,0,0,0,0,0,0,0,0,0,0,0,0,1,0,0,0.0,0,0,0,0,0.0,0,0,3,False,0,0,0.0,20,20,0,0,1.0,0.0,38,37,0.9736842105263158,52,0.5,97,21,4.100456621004566,0,0,9,0,1.0,True,0.0,8,0.0,0.75,108.125,55.64494024617153,0,0,30,0.20689655172413793,10,2,0,0,0,0,0,False,0,0,0,0,0,8,0,0,False,0,0,0,0,False,False,False,False,0,9,164,3803,22.195121951219512,23.591513058720132,137,25.103448275862068,23.58980613796212,0.9397038159353043,0.11585365853658537,2,0,71,False,2,0,0.0,0.012195121951219513,0,12,1.0,3,0.3,1.3076923076923077,12,46,90,291,58,381,2231.89,37.96,84714.81,0.744,81.98,1085,0,0.0,0.0,0.8841463414634146,45v9HDNI.cpp,C:\Users\ad\Downloads\codepython\project\fraud_detection_system\dataset_CPP\human\45v9HDNI.cpp,0,3803
2,1.2,0,0,0,0,0,4,0,0,0,0,0,0,0,0,0,0,0,0,0,0,2,0,0,0.0,0,0,0,0,0.0,0,0,3,False,0,0,0.0,16,16,0,0,1.0,0.0,12,12,1.0,30,0.5,37,19,4.670454545454546,0,1,0,1,1.0,True,1.0,13,0.0,0.3076923076923077,22.23076923076923,19.842277498597813,0,12,16,0.2857142857142857,4,0,0,0,0,0,0,False,0,0,0,0,0,6,0,0,False,0,0,0,0,False,False,False,False,0,0,67,1731,24.850746268656717,22.694107152366296,67,29.642857142857142,21.81531946282947,0.735938487902681,0.16417910447761194,1,0,39,False,2,0,0.0,0.029850746268656716,0,2,1.0,6,1.5,1.2,8,35,22,117,43,139,754.25,13.37,10085.41,0.2514,100.0,532,0,0.0,0.0,0.835820895522388,4jCYt2x5.cpp,C:\Users\ad\Downloads\codepython\project\fraud_detection_system\dataset_CPP\human\4jCYt2x5.cpp,0,1731
4,2.1538461538461537,0,0,0,0,0,6,0,0,0,0,0,0,0,0,0,0,0,0,0,0,2,0,0,0.0,0,0,0,0,0.0,0,0,3,False,0,0,0.0,26,26,0,0,1.0,0.0,12,9,0.75,18,0.5,78,9,2.4205607476635516,0,0,3,0,1.0,True,0.0,1,0.0,1.0,85.0,0.0,0,0,4,0.06060606060606061,4,0,0,0,0,0,0,False,0,0,0,0,0,1,0,0,False,0,0,1,0,False,False,False,False,0,0,72,1414,18.65277777777778,16.629257785787456,68,20.348484848484848,16.345226737437915,0.8032650518770681,0.08333333333333333,2,0,48,False,2,0,0.0,0.013888888888888888,0,12,1.0,9,2.25,2.1538461538461537,8,22,37,130,30,167,819.45,23.64,19368.84,0.2732,84.78,598,0,0.0,0.0,0.9166666666666666,4AqCUmiT.cpp,C:\Users\ad\Downloads\codepython\project\fraud_detection_system\dataset_CPP\human\4AqCUmiT.cpp,0,1414
2,1.5,0,0,0,0,0,0,0,0,0,0,0,0,0,0,0,0,0,0,0,0,0,0,0,0.0,0,0,0,0,0.0,0,0,3,False,0,0,0.0,3,3,0,0,1.0,0.0,4,3,0.75,10,0.5,20,5,2.142857142857143,0,0,0,0,1.0,True,0.0,2,0.0,1.0,49.5,35.5,0,0,5,0.1724137931034483,1,0,0,0,0,0,0,False,0,0,0,0,0,1,0,0,False,0,0,0,0,False,False,False,False,0,0,33,499,14.151515151515152,11.796561420205443,56,16.103448275862068,11.265892460740949,0.6995950350353052,0.12121212121212122,1,0,21,False,2,0,0.0,0.0,0,2,1.0,1,1.0,1.5,6,18,11,38,24,49,224.66,6.33,1422.87,0.0749,100.0,178,0,0.0,0.0,0.8787878787878788,4OjpKF6f.cpp,C:\Users\ad\Downloads\codepython\project\fraud_detection_system\dataset_CPP\human\4OjpKF6f.cpp,0,499
2,1.5555555555555556,0,0,0,0,0,3,0,0,0,0,0,0,0,0,0,0,0,0,0,0,2,0,0,0.0,0,0,0,0,0.0,0,0,2,False,0,0,0.0,5,5,0,0,1.0,0.0,18,18,1.0,14,0.35714285714285715,44,11,3.3043478260869565,0,0,4,0,1.0,True,0.0,1,0.0,1.0,85.0,0.0,0,0,4,0.07142857142857142,4,0,0,0,0,0,0,False,0,0,0,0,0,3,0,0,False,0,0,0,0,False,False,False,False,0,0,63,1055,15.761904761904763,14.980107747206423,56,17.732142857142858,14.748475794647595,0.8317368021150707,0.1111111111111111,1,0,40,False,2,0,0.0,0.015873015873015872,0,9,1.0,5,1.25,1.5555555555555556,5,28,12,88,33,100,504.44,7.86,3963.45,0.1681,92.39,446,0,0.0,0.0,0.8888888888888888,4FaxgWyV.cpp,C:\Users\ad\Downloads\codepython\project\fraud_detection_system\dataset_CPP\human\4FaxgWyV.cpp,0,1055
3,2.0,0,0,0,0,0,0,0,0,0,0,0,0,0,0,0,0,0,0,0,0,1,0,0,0.0,0,0,0,0,0.0,0,0,2,False,0,0,0.0,6,6,0,0,1.0,0.0,2,2,1.0,8,0.5,20,4,2.0,0,0,0,0,1.0,True,0.0,1,0.0,1.0,85.0,0.0,0,0,4,0.125,1,0,0,0,0,0,0,False,0,0,0,0,0,1,0,0,False,0,0,0,0,False,False,False,False,0,0,36,517,13.38888888888889,12.396858423222884,56,15.0625,12.152513886023748,0.8068059011468048,0.1111111111111111,1,0,25,False,2,2,0.08,0.0,0,3,1.0,3,3.0,2.0,7,15,13,37,22,50,222.97,8.63,1924.99,0.0743,100.0,176,0,0.0,0.0,0.8888888888888888,4PPCP0br.cpp,C:\Users\ad\Downloads\codepython\project\fraud_detection_system\dataset_CPP\human\4PPCP0br.cpp,0,517
3,1.6666666666666667,0,0,0,0,0,3,0,0,0,0,0,0,0,0,0,0,0,0,0,0,1,0,0,0.0,0,0,0,0,0.0,0,0,3,False,0,0,0.0,10,10,0,0,1.0,0.0,13,13,1.0,16,0.5,51,9,2.0136986301369864,0,0,0,0,1.0,True,0.0,1,0.0,1.0,85.0,0.0,0,0,4,0.07547169811320754,4,0,0,0,0,0,0,False,0,0,0,0,0,2,1,0,False,0,0,1,0,False,False,False,False,0,0,59,1068,17.11864406779661,19.16129993269247,107,18.9811320754717,19.348336739044566,1.019345772534157,0.1016949152542373,1,0,35,False,2,2,0.05714285714285714,0.01694915254237288,0,8,1.0,6,1.5,1.6666666666666667,9,23,18,87,32,105,525.0,17.02,8936.41,0.175,93.37,424,0,0.0,0.0,0.8983050847457628,4ZoS79Li.cpp,C:\Users\ad\Downloads\codepython\project\fraud_detection_system\dataset_CPP\human\4ZoS79Li.cpp,0,1068
4,2.28,0,0,0,0,0,10,0,0,0,0,0,0,0,0,0,0,0,0,0,0,6,0,0,0.0,0,0,0,0,0.0,0,0,3,False,0,0,0.0,32,32,0,0,1.0,0.0,26,24,0.9230769230769231,34,0.5,67,13,3.723684210526316,0,0,5,0,1.0,True,0.0,4,0.0,1.0,51.5,40.26474885057648,0,2,7,0.0603448275862069,6,0,0,0,0,0,0,False,0,0,0,0,0,4,0,0,False,0,0,1,0,False,False,False,False,0,0,125,2627,20.024,20.571616951518422,109,21.57758620689655,20.55486806258202,0.9526027547980481,0.072,1,0,92,False,2,0,0.0,0.008,0,22,1.0,18,3.0,2.28,9,31,48,190,40,238,1266.62,27.58,34934.17,0.4222,71.27,902,0,0.0,0.0,0.928,4Mhtxvfv.cpp,C:\Users\ad\Downloads\codepython\project\fraud_detection_system\dataset_CPP\human\4Mhtxvfv.cpp,0,2627
3,1.8333333333333333,0,0,0,0,0,0,0,0,0,0,0,0,0,0,0,0,0,0,0,0,3,0,0,0.0,0,0,0,0,0.0,0,0,3,False,0,0,0.0,2,2,0,0,1.0,0.0,7,7,1.0,10,0.2,0,17,5.071428571428571,0,5,0,0,1.0,True,1.0,1,0.0,1.0,85.0,0.0,0,0,4,0.09090909090909091,2,0,0,0,0,0,0,False,0,0,0,0,0,2,0,0,False,0,0,0,0,False,False,False,True,1,0,47,867,17.46808510638298,15.129021095626308,60,18.65909090909091,14.908727129708264,0.7990060824691396,0.06382978723404255,1,0,33,False,2,0,0.0,0.0,0,6,1.0,4,2.0,1.8333333333333333,3,25,7,52,28,59,283.63,3.12,884.94,0.0945,100.0,275,0,0.0,0.0,0.9361702127659575,4cwEaV3P.cpp,C:\Users\ad\Downloads\codepython\project\fraud_detection_system\dataset_CPP\human\4cwEaV3P.cpp,0,867
4,2.5,0,0,0,0,0,0,0,0,0,0,0,0,0,0,0,0,0,0,0,0,3,0,0,0.0,0,0,0,0,0.0,0,0,2,False,0,0,0.0,9,9,0,0,1.0,0.0,4,3,0.75,6,0.5,16,5,2.586206896551724,0,0,0,0,1.0,True,0.0,1,0.0,1.0,85.0,0.0,0,0,4,0.10810810810810811,1,0,0,0,0,0,0,False,0,0,0,0,0,1,0,0,False,0,0,0,0,False,False,False,False,0,0,40,694,16.375,14.32076726296465,56,17.7027027027027,14.078668673362444,0.7952835739151305,0.075,1,0,30,False,2,2,0.06666666666666667,0.0,0,5,1.0,5,5.0,2.5,8,16,14,43,24,57,261.34,10.75,2809.44,0.0871,100.0,220,0,0.0,0.0,0.925,4ttE48fZ.cpp,C:\Users\ad\Downloads\codepython\project\fraud_detection_system\dataset_CPP\human\4ttE48fZ.cpp,0,694
3,2.125,0,0,0,0,0,5,0,0,0,0,0,0,0,0,0,0,0,0,0,0,4,0,0,0.0,0,0,0,0,0.0,0,0,3,False,0,0,0.0,26,26,0,0,1.0,0.0,21,18,0.8571428571428571,24,0.5,45,12,3.3859649122807016,0,0,3,0,1.0,True,0.0,4,0.0,1.0,51.5,40.26474885057648,0,2,7,0.08235294117647059,4,0,0,0,0,0,0,False,0,0,0,0,0,2,0,0,False,0,0,1,0,False,False,False,False,0,0,97,2021,19.84536082474227,20.128115539689357,109,22.647058823529413,19.972160554928298,0.8818876089189118,0.12371134020618557,1,0,67,False,2,0,0.0,0.0,0,13,1.0,12,3.0,2.125,8,30,37,144,38,181,949.87,19.2,18237.6,0.3166,82.12,687,0,0.0,0.0,0.8762886597938144,56fYTStY.cpp,C:\Users\ad\Downloads\codepython\project\fraud_detection_system\dataset_CPP\human\56fYTStY.cpp,0,2021
4,2.0714285714285716,0,0,0,0,0,7,0,0,0,0,0,0,0,0,0,0,0,0,0,0,0,0,0,0.0,0,0,0,0,0.0,0,0,3,False,0,0,0.0,20,20,0,0,1.0,0.0,31,31,1.0,26,0.5,57,16,2.949275362318841,0,0,3,0,1.0,True,0.0,1,0.0,1.0,85.0,0.0,0,0,4,0.06060606060606061,4,0,0,0,0,0,0,False,0,0,0,0,0,1,0,0,False,0,0,1,0,False,False,False,False,0,0,75,1769,22.6,22.902110528653616,93,25.681818181818183,22.73507441851526,0.8852595348802402,0.12,1,0,48,False,2,0,0.0,0.14666666666666667,0,11,1.0,10,2.5,2.0714285714285716,9,36,33,166,45,199,1092.88,20.75,22677.23,0.3643,83.06,772,0,0.0,0.0,0.88,4ppX47gC.cpp,C:\Users\ad\Downloads\codepython\project\fraud_detection_system\dataset_CPP\human\4ppX47gC.cpp,0,1769
2,1.4,0,0,0,0,0,0,0,0,0,0,0,0,0,0,0,0,0,0,0,0,0,0,0,0.0,0,0,0,0,0.0,0,0,3,False,0,0,0.0,2,2,0,0,1.0,0.0,2,2,1.0,10,0.5,11,8,3.6296296296296298,0,0,1,0,1.0,True,0.0,2,0.0,1.0,85.0,0.0,0,0,7,0.1891891891891892,3,0,0,0,0,0,0,False,0,0,0,0,0,3,0,0,False,0,0,0,0,False,False,False,False,0,0,43,614,13.30232558139535,14.159448950848024,56,15.45945945945946,14.129888954623036,0.9139963134983432,0.13953488372093023,1,0,21,False,2,0,0.0,0.046511627906976744,0,5,1.0,2,0.6666666666666666,1.4,2,14,4,35,16,39,156.0,2.5,390.0,0.052,100.0,201,0,0.0,0.0,0.8604651162790697,5Pp1OHL4.cpp,C:\Users\ad\Downloads\codepython\project\fraud_detection_system\dataset_CPP\human\5Pp1OHL4.cpp,0,614
0,0.0,0,0,0,0,0,0,0,0,0,0,0,0,0,0,0,0,0,0,0,0,0,0,0,0.0,0,0,0,0,0.0,0,0,1,False,1,1,1.0,0,0,0,0,0.0,0.0,0,0,0.0,0,0.0,0,11,6.2727272727272725,0,3,6,0,0.6666666666666666,False,0.0,1,0.0,1.0,85.0,0.0,0,0,4,0.14814814814814814,0,7,0,0,0,0,0,False,0,0,0,0,0,0,0,0,True,0,0,0,0,False,False,False,False,1,0,30,465,14.533333333333333,12.698381349167652,56,16.14814814814815,12.372920562151501,0.7662129705919507,0.1,1,0,11,False,2,0,0.0,0.0,0,0,1.0,0,0.0,0.0,0,19,0,25,19,25,106.2,0.0,0.0,0.0,100.0,106,0,0.0,0.0,0.9,58yeTBTO.cpp,C:\Users\ad\Downloads\codepython\project\fraud_detection_system\dataset_CPP\human\58yeTBTO.cpp,0,465
3,2.0,0,0,0,0,0,1,0,0,0,0,0,0,0,0,0,0,0,0,0,0,0,0,0,0.0,0,0,0,0,0.0,0,0,2,False,0,0,0.0,9,9,0,0,1.0,0.0,4,4,1.0,10,0.5,11,7,3.0,0,0,0,0,1.0,True,0.0,79,0.0,0.08108108108108109,20.04054054054054,20.28209114784364,26,0,82,0.7884615384615384,1,0,0,0,0,0,0,False,0,0,0,0,0,1,1,0,False,0,0,0,0,False,False,False,False,0,0,108,2641,23.462962962962962,20.407617462117173,89,24.365384615384617,20.260826968992546,0.8315414383485497,0.037037037037037035,1,0,19,False,2,0,0.0,0.018518518518518517,0,3,1.0,3,3.0,2.0,12,25,20,47,37,67,349.03,11.28,3937.1,0.1163,100.0,282,0,0.0,0.0,0.9629629629629629,5s0hO3hJ.cpp,C:\Users\ad\Downloads\codepython\project\fraud_detection_system\dataset_CPP\human\5s0hO3hJ.cpp,0,2641
5,2.4,0,0,0,0,0,4,0,0,0,0,0,0,0,0,0,0,0,0,0,0,2,0,0,0.0,0,0,0,0,0.0,0,0,3,False,0,0,0.0,12,12,0,0,1.0,0.0,8,8,1.0,14,0.5,52,8,1.8714285714285714,0,0,0,0,1.0,True,0.0,1,0.0,1.0,85.0,0.0,0,0,4,0.07272727272727272,3,0,0,0,0,0,0,False,0,0,0,0,0,1,0,0,False,0,0,1,0,False,False,False,False,0,0,62,1060,16.112903225806452,14.288620374845193,68,18.09090909090909,13.973055535269857,0.7723799542108967,0.11290322580645161,2,0,40,False,2,0,0.0,0.016129032258064516,0,9,1.0,7,2.3333333333333335,2.4,9,20,23,83,29,106,514.95,18.68,9616.62,0.1716,92.29,396,0,0.0,0.0,0.8870967741935484,5dwAMYF5.cpp,C:\Users\ad\Downloads\codepython\project\fraud_detection_system\dataset_CPP\human\5dwAMYF5.cpp,0,1060
3,2.0,0,0,0,0,0,5,0,0,0,0,0,0,0,0,0,0,0,0,0,0,2,0,0,0.0,0,0,0,0,0.0,0,0,3,False,0,0,0.0,27,27,0,0,1.0,0.0,20,17,0.85,18,0.5,45,11,3.3275862068965516,0,0,3,0,1.0,True,0.0,4,0.0,1.0,51.5,40.26474885057648,0,2,7,0.1,4,0,0,0,0,0,0,False,0,0,0,0,0,1,1,0,False,0,0,1,0,False,False,False,False,0,0,81,1791,21.123456790123456,23.355218686675872,109,24.32857142857143,23.561907167879156,0.9684870826491726,0.13580246913580246,1,0,52,False,2,0,0.0,0.024691358024691357,0,11,1.0,10,2.5,2.0,11,26,38,138,37,176,916.86,29.19,26765.37,0.3056,87.93,640,0,0.0,0.0,0.8641975308641975,5YtEJoD2.cpp,C:\Users\ad\Downloads\codepython\project\fraud_detection_system\dataset_CPP\human\5YtEJoD2.cpp,0,1791
5,2.4615384615384617,0,0,0,0,0,12,0,0,0,0,0,0,0,0,0,0,0,0,0,0,6,0,0,0.0,0,0,0,0,0.0,0,0,3,False,0,0,0.0,46,46,0,0,1.0,0.0,25,23,0.92,36,0.5,95,14,2.7461139896373057,0,0,5,0,1.0,True,0.0,11,0.0,0.9,41.0,30.977411124882597,0,7,14,0.11570247933884298,6,0,0,0,0,0,0,False,0,0,0,0,0,1,0,0,False,0,0,1,0,False,False,False,False,0,0,134,2904,20.67910447761194,19.60490372188317,109,22.90082644628099,19.358900384845594,0.8453363213880609,0.09701492537313433,1,0,97,False,2,0,0.0,0.007462686567164179,0,24,1.0,20,3.3333333333333335,2.4615384615384617,11,30,69,227,41,296,1585.84,41.62,65997.18,0.5286,75.54,1043,0,0.0,0.0,0.9029850746268657,5kWGqOOr.cpp,C:\Users\ad\Downloads\codepython\project\fraud_detection_system\dataset_CPP\human\5kWGqOOr.cpp,0,2904
4,2.235294117647059,0,0,0,0,0,8,0,0,0,0,0,0,0,0,0,0,0,0,0,0,3,0,0,0.0,0,0,0,0,0.0,0,0,3,False,0,0,0.0,26,25,0,1,0.9615384615384616,0.0,19,17,0.8947368421052632,28,0.5,56,13,2.9846153846153847,0,0,3,0,1.0,True,0.0,4,0.0,1.0,51.5,40.26474885057648,0,2,7,0.08333333333333333,4,0,0,0,0,0,0,False,0,0,0,0,0,2,1,0,False,0,0,1,0,False,False,False,False,0,0,93,2009,20.612903225806452,20.07621620631432,109,22.821428571428573,19.89565680906126,0.8717971684721679,0.0967741935483871,1,0,66,False,2,0,0.0,0.24731182795698925,0,15,1.0,14,3.5,2.235294117647059,10,27,41,158,37,199,1036.68,29.26,30332.52,0.3456,81.52,738,0,0.0,0.0,0.9032258064516129,5lRbHFlO.cpp,C:\Users\ad\Downloads\codepython\project\fraud_detection_system\dataset_CPP\human\5lRbHFlO.cpp,0,2009
1,1.0,0,0,0,0,0,0,0,0,0,0,0,0,0,0,0,0,0,0,0,0,1,0,0,0.0,0,0,0,0,0.0,0,0,2,False,0,0,0.0,2,2,0,0,1.0,0.0,6,6,1.0,4,0.5,10,4,2.9444444444444446,0,0,0,0,1.0,True,0.0,1,0.0,1.0,85.0,0.0,0,0,4,0.2,1,0,0,0,0,0,0,False,0,0,0,0,0,1,0,0,False,0,0,0,0,False,False,False,False,0,0,23,423,17.434782608695652,17.120610734119932,58,20.05,16.871499636961737,0.841471303589114,0.13043478260869565,1,0,13,False,2,0,0.0,0.0,0,1,1.0,1,1.0,1.0,3,12,4,26,15,30,117.21,3.25,380.92,0.0391,100.0,135,0,0.0,0.0,0.8695652173913043,62tXx1st.cpp,C:\Users\ad\Downloads\codepython\project\fraud_detection_system\dataset_CPP\human\62tXx1st.cpp,0,423
3,2.1333333333333333,0,0,0,0,0,1,0,0,0,0,0,0,0,0,0,0,0,0,0,0,7,0,0,0.0,0,0,0,0,0.0,0,0,4,False,0,0,0.0,15,15,0,0,1.0,0.0,9,8,0.8888888888888888,18,0.5555555555555556,17,16,3.7037037037037037,0,0,1,0,1.0,True,0.0,5,0.0,0.2,35.2,25.427544120500507,1,0,8,0.09523809523809523,5,0,0,0,0,0,0,False,0,0,0,0,0,2,0,0,False,0,0,0,0,False,False,False,False,0,0,92,1598,16.380434782608695,13.609333746673844,67,17.94047619047619,13.223672127482121,0.7370859049160572,0.08695652173913043,2,0,63,False,2,1,0.015873015873015872,0.010869565217391304,0,15,1.0,10,2.0,2.1333333333333333,10,42,35,108,52,143,815.16,12.86,10480.67,0.2717,85.07,551,0,0.0,0.0,0.9130434782608695,5og6T42F.cpp,C:\Users\ad\Downloads\codepython\project\fraud_detection_system\dataset_CPP\human\5og6T42F.cpp,0,1598
4,2.2,0,0,0,0,0,6,0,0,0,0,0,0,0,0,0,0,0,0,0,0,3,0,0,0.0,0,0,0,0,0.0,0,0,3,False,0,0,0.0,19,19,0,0,1.0,0.0,19,17,0.8947368421052632,24,0.5,36,12,3.262135922330097,0,0,3,0,1.0,True,0.0,4,0.0,1.0,51.5,40.26474885057648,0,2,7,0.08860759493670886,4,0,0,0,0,0,0,False,0,0,0,0,0,2,0,0,False,0,0,1,0,False,False,False,False,0,0,89,1819,19.44943820224719,19.47398797240955,109,21.911392405063292,19.320868152401275,0.8817727233042754,0.11235955056179775,1,0,61,False,2,0,0.0,0.0,0,13,1.0,11,2.75,2.2,6,27,30,127,33,157,791.97,14.11,11175.57,0.264,85.23,609,0,0.0,0.0,0.8876404494382022,63W3gY2G.cpp,C:\Users\ad\Downloads\codepython\project\fraud_detection_system\dataset_CPP\human\63W3gY2G.cpp,0,1819
3,1.8,0,0,0,0,0,5,0,0,0,0,0,0,0,0,0,0,0,0,0,0,3,0,0,0.0,0,0,0,0,0.0,0,0,3,False,0,0,0.0,14,14,0,0,1.0,0.0,24,24,1.0,22,0.5,78,12,2.210526315789474,0,0,3,0,1.0,True,0.0,4,0.0,1.0,55.75,24.324627438051337,0,0,7,0.08536585365853659,6,0,0,0,0,0,0,False,0,0,0,0,0,2,0,0,False,0,0,1,0,False,False,False,False,0,0,92,1707,17.565217391304348,18.640946250838613,93,19.70731707317073,18.645268676568215,0.9461089303704169,0.10869565217391304,1,0,56,False,2,0,0.0,0.010869565217391304,0,14,1.0,9,1.5,1.8,9,28,24,134,37,158,823.09,21.54,17725.91,0.2744,84.5,649,0,0.0,0.0,0.8913043478260869,6HMG7by5.cpp,C:\Users\ad\Downloads\codepython\project\fraud_detection_system\dataset_CPP\human\6HMG7by5.cpp,0,1707
3,1.8181818181818181,0,0,0,0,0,3,0,0,0,0,0,0,0,0,0,0,0,0,0,0,2,0,0,0.0,0,0,0,0,0.0,0,0,3,False,0,0,0.0,14,14,0,0,1.0,0.0,15,15,1.0,12,0.5,45,9,3.1153846153846154,0,0,2,0,1.0,True,0.0,1,0.0,1.0,85.0,0.0,0,0,4,0.06557377049180328,4,0,0,0,0,0,0,False,0,0,0,0,0,1,0,0,False,0,0,1,0,False,False,False,False,0,0,69,1257,17.231884057971016,17.29969835335265,68,19.491803278688526,17.16040328810722,0.8803907490113879,0.11594202898550725,1,0,43,False,2,0,0.0,0.0,0,9,1.0,7,1.75,1.8181818181818181,10,22,23,96,32,119,595.0,21.82,12981.82,0.1983,88.89,474,0,0.0,0.0,0.8840579710144928,6LWtZZrw.cpp,C:\Users\ad\Downloads\codepython\project\fraud_detection_system\dataset_CPP\human\6LWtZZrw.cpp,0,1257
2,1.6666666666666667,0,0,0,0,0,0,0,0,0,0,0,0,0,0,0,0,0,0,0,0,0,0,0,0.0,0,0,0,0,0.0,0,0,2,False,0,0,0.0,3,3,0,0,1.0,0.0,2,2,1.0,6,0.5,7,5,3.9411764705882355,0,0,0,0,1.0,True,0.0,3,0.0,0.3333333333333333,70.66666666666667,44.04795366668266,0,2,10,0.3448275862068966,1,0,0,0,0,0,0,False,0,0,0,0,0,1,0,0,False,0,0,0,0,False,False,False,False,0,0,37,609,15.486486486486486,15.030818110157151,56,19.482758620689655,14.613693837029219,0.7500834004846856,0.21621621621621623,2,0,22,False,2,0,0.0,0.13513513513513514,0,1,1.0,2,2.0,1.6666666666666667,6,13,7,25,19,32,135.93,5.77,784.23,0.0453,100.0,135,0,0.0,0.0,0.7837837837837838,7ANa5fgC.cpp,C:\Users\ad\Downloads\codepython\project\fraud_detection_system\dataset_CPP\human\7ANa5fgC.cpp,0,609
1,1.0,0,0,0,0,0,0,0,0,0,0,0,0,0,0,0,0,0,0,0,0,0,0,0,0.0,0,0,0,0,0.0,0,0,2,False,0,0,0.0,0,0,0,0,0.0,0.0,6,6,1.0,6,0.5,0,10,4.485714285714286,0,0,2,0,1.0,True,0.0,1,0.0,1.0,85.0,0.0,0,0,4,0.1111111111111111,3,2,0,0,0,0,0,False,0,0,0,0,0,1,0,0,False,0,0,0,0,False,False,False,False,0,2,45,649,13.444444444444445,13.726787364785128,56,16.805555555555557,13.380789389694394,0.7962122612049556,0.2,1,0,17,False,2,0,0.0,0.0,0,3,1.0,0,0.0,1.0,2,18,9,51,20,60,259.32,2.83,734.73,0.0864,100.0,241,0,0.0,0.0,0.8,6PUdXlzz.cpp,C:\Users\ad\Downloads\codepython\project\fraud_detection_system\dataset_CPP\human\6PUdXlzz.cpp,0,649
3,1.5833333333333333,0,0,0,0,0,4,0,0,0,0,0,0,0,0,0,0,0,0,0,0,12,0,0,0.0,0,0,0,0,0.0,0,0,3,False,0,0,0.0,38,38,0,0,1.0,0.0,17,17,1.0,24,0.5,71,12,2.7017543859649122,0,0,0,0,1.0,True,0.0,3,0.0,0.3333333333333333,71.66666666666667,10.624918300339486,0,0,6,0.06593406593406594,6,0,0,0,0,0,0,False,0,0,0,0,0,11,0,0,False,0,0,1,0,False,False,False,False,0,0,106,1896,16.89622641509434,15.997599610792454,74,19.373626373626372,15.939892833790037,0.8227624775240462,0.14150943396226415,1,0,65,False,2,0,0.0,0.0660377358490566,0,11,1.0,17,2.8333333333333335,1.5833333333333333,11,24,48,161,35,209,1072.02,36.9,39553.08,0.3573,77.1,731,0,0.0,0.0,0.8584905660377359,7xEOeRDV.cpp,C:\Users\ad\Downloads\codepython\project\fraud_detection_system\dataset_CPP\human\7xEOeRDV.cpp,0,1896
2,1.4,0,0,0,0,0,2,0,0,0,0,0,0,0,0,0,0,0,0,0,0,0,0,0,0.0,0,0,0,0,0.0,0,0,2,False,0,0,0.0,4,4,0,0,1.0,0.0,9,8,0.8888888888888888,18,0.5,29,7,2.522727272727273,0,0,0,0,1.0,True,0.0,1,0.0,1.0,85.0,0.0,0,0,4,0.10256410256410256,3,0,0,0,0,0,0,False,0,0,0,0,0,3,0,0,False,0,0,0,0,False,False,False,False,0,2,47,677,13.425531914893616,12.72080667997934,56,16.17948717948718,12.266008472179497,0.7581209673771797,0.1702127659574468,1,0,24,False,2,0,0.0,0.0,0,5,1.0,2,0.6666666666666666,1.4,6,19,10,54,25,64,297.21,8.53,2534.08,0.0991,100.0,270,0,0.0,0.0,0.8297872340425532,6dKDfthn.cpp,C:\Users\ad\Downloads\codepython\project\fraud_detection_system\dataset_CPP\human\6dKDfthn.cpp,0,677
4,2.3125,0,0,0,0,0,6,0,0,0,0,0,0,0,0,0,0,0,0,0,0,4,0,0,0.0,0,0,0,0,0.0,0,0,3,False,0,0,0.0,20,20,0,0,1.0,0.0,19,17,0.8947368421052632,24,0.5,43,12,3.125,0,0,3,0,1.0,True,0.0,4,0.0,1.0,51.5,40.26474885057648,0,2,7,0.08536585365853659,4,0,0,0,0,0,0,False,0,0,0,0,0,2,0,0,False,0,0,1,0,False,False,False,False,0,0,95,1910,19.11578947368421,19.11178372126239,109,22.146341463414632,18.86933371658345,0.8520293858809709,0.1368421052631579,3,0,64,False,2,0,0.0,0.16842105263157894,0,14,1.0,12,3.0,2.3125,7,26,32,138,33,170,857.55,18.58,15930.58,0.2858,83.6,660,0,0.0,0.0,0.8631578947368421,6nxHuwKy.cpp,C:\Users\ad\Downloads\codepython\project\fraud_detection_system\dataset_CPP\human\6nxHuwKy.cpp,0,1910
3,2.125,0,0,0,0,0,5,0,0,0,0,0,0,0,0,0,0,0,0,0,0,4,0,0,0.0,0,0,0,0,0.0,0,0,3,False,0,0,0.0,26,26,0,0,1.0,0.0,21,19,0.9047619047619048,24,0.5,45,12,3.087719298245614,0,0,3,0,1.0,True,0.0,4,0.0,1.0,51.5,40.26474885057648,0,2,7,0.08235294117647059,4,0,0,0,0,0,0,False,0,0,0,0,0,2,0,0,False,0,0,1,0,False,False,False,False,0,0,97,1985,19.47422680412371,19.494695436845483,109,22.223529411764705,19.302774241688823,0.8685737483025675,0.12371134020618557,1,0,67,False,2,0,0.0,0.0,0,13,1.0,12,3.0,2.125,8,30,37,144,38,181,949.87,19.2,18237.6,0.3166,82.12,687,0,0.0,0.0,0.8762886597938144,8Gnf4JxS.cpp,C:\Users\ad\Downloads\codepython\project\fraud_detection_system\dataset_CPP\human\8Gnf4JxS.cpp,0,1985
4,2.0625,0,0,0,0,0,4,0,0,0,0,0,0,0,0,0,0,0,0,0,0,6,0,0,0.0,0,0,0,0,0.0,0,0,3,False,0,0,0.0,19,19,0,0,1.0,0.0,11,11,1.0,16,0.5,50,11,2.5714285714285716,0,0,1,0,1.0,True,0.0,4,0.0,0.25,33.5,29.769951293208393,0,2,7,0.08974358974358974,5,0,0,0,0,0,0,False,0,0,0,0,0,6,0,0,False,0,0,1,0,False,False,False,False,0,0,85,1461,16.2,15.868429626889025,76,17.602564102564102,15.822201007047951,0.898857741114159,0.08235294117647059,1,0,56,False,2,0,0.0,0.011764705882352941,0,13,1.0,11,2.2,2.0625,10,26,26,104,36,130,672.09,20.0,13441.81,0.224,86.42,523,0,0.0,0.0,0.9176470588235294,6vi3oR91.cpp,C:\Users\ad\Downloads\codepython\project\fraud_detection_system\dataset_CPP\human\6vi3oR91.cpp,0,1461
2,1.2,0,0,0,0,0,0,0,0,0,0,0,0,0,0,0,0,0,0,0,0,1,0,0,0.0,1,1,0,0,0.0,0,0,3,False,0,0,0.0,3,3,0,0,1.0,0.0,2,1,0.5,8,0.125,17,5,2.888888888888889,0,0,1,0,1.0,True,0.0,9,0.1111111111111111,0.6666666666666666,53.22222222222222,32.488554489843125,0,6,12,0.3076923076923077,4,0,0,0,0,0,0,False,0,0,0,0,0,2,0,0,False,0,0,0,0,False,False,False,False,0,0,47,1046,21.27659574468085,28.382420486392004,149,25.53846153846154,29.38938073858036,1.1507890048239298,0.1702127659574468,3,0,22,False,2,0,0.0,0.0425531914893617,0,1,1.0,1,0.25,1.2,3,12,4,31,15,35,136.74,3.88,529.87,0.0456,100.0,236,0,0.0,0.0,0.8297872340425532,7IMBDZ2Y.cpp,C:\Users\ad\Downloads\codepython\project\fraud_detection_system\dataset_CPP\human\7IMBDZ2Y.cpp,0,1046
2,1.2,0,0,0,0,0,1,0,0,0,0,0,0,0,0,0,0,0,0,0,0,2,0,0,0.0,0,0,0,0,0.0,0,0,2,False,0,0,0.0,11,11,0,0,1.0,0.0,9,9,1.0,6,0.5,22,8,3.268292682926829,0,3,0,0,1.0,True,1.0,0,0.0,0.0,0.0,0.0,0,0,0,0.0,4,0,0,0,0,0,0,False,0,0,0,0,0,6,0,0,False,0,0,0,0,False,False,False,False,0,0,38,577,14.210526315789474,15.012552457924638,50,16.363636363636363,14.97638177328836,0.9152233305898442,0.13157894736842105,1,19,0,False,2,16,0.8421052631578947,0.0,0,5,1.0,3,0.75,1.2,8,21,14,61,29,75,364.35,11.62,4233.38,0.1214,83.0,285,0,0.0,0.0,0.868421052631579,7VSpdGlv.cpp,C:\Users\ad\Downloads\codepython\project\fraud_detection_system\dataset_CPP\human\7VSpdGlv.cpp,0,577
3,1.8888888888888888,0,0,0,0,0,2,0,0,0,0,0,0,0,0,0,0,0,0,0,0,5,0,0,0.0,0,0,0,0,0.0,0,0,3,False,0,0,0.0,11,11,0,0,1.0,0.0,11,11,1.0,14,0.35714285714285715,16,17,4.461538461538462,0,5,0,0,1.0,True,1.0,1,0.0,1.0,85.0,0.0,0,0,4,0.07547169811320754,3,0,0,0,0,0,0,False,0,0,0,0,0,0,0,0,False,0,0,1,0,False,False,False,True,1,0,57,1111,18.50877192982456,16.543534070581025,73,19.90566037735849,16.325999811555818,0.8201687109122828,0.07017543859649122,1,0,38,False,2,0,0.0,0.0,0,9,1.0,8,2.6666666666666665,1.8888888888888888,11,28,20,82,39,102,539.11,16.11,8683.54,0.1797,92.78,402,0,0.0,0.0,0.9298245614035088,6qcOeA58.cpp,C:\Users\ad\Downloads\codepython\project\fraud_detection_system\dataset_CPP\human\6qcOeA58.cpp,0,1111
4,2.1904761904761907,0,0,0,0,0,8,0,0,0,0,0,0,0,0,0,0,0,0,0,0,5,0,0,0.0,0,0,0,0,0.0,0,0,3,False,0,0,0.0,25,25,0,0,1.0,0.0,23,21,0.9130434782608695,26,0.5,59,14,4.314285714285714,0,0,6,0,1.0,True,0.0,4,0.0,1.0,51.5,40.26474885057648,0,2,7,0.07142857142857142,6,0,0,0,0,0,0,False,0,0,0,0,0,6,1,0,False,0,0,1,0,False,False,False,False,0,0,111,2392,20.55855855855856,21.62484585569587,109,23.285714285714285,21.590814373388568,0.9272128872007361,0.11711711711711711,2,0,74,False,2,0,0.0,0.13513513513513514,0,19,1.0,16,2.6666666666666665,2.1904761904761907,9,30,39,169,39,208,1099.36,25.35,27868.87,0.3665,76.75,821,0,0.0,0.0,0.8828828828828829,7srrmMVC.cpp,C:\Users\ad\Downloads\codepython\project\fraud_detection_system\dataset_CPP\human\7srrmMVC.cpp,0,2392
4,2.0588235294117645,0,0,0,0,0,7,0,0,0,0,0,0,0,0,0,0,0,0,0,0,3,0,0,0.0,0,0,0,0,0.0,0,0,3,False,0,0,0.0,18,18,0,0,1.0,0.0,16,16,1.0,24,0.5,62,13,3.0093457943925235,0,0,4,0,1.0,True,0.0,1,0.0,1.0,85.0,0.0,0,0,4,0.047058823529411764,6,0,0,0,0,0,0,False,0,0,0,0,0,3,0,0,False,0,0,1,0,False,False,False,False,0,0,93,1666,16.9247311827957,15.762509324233699,68,18.51764705882353,15.567395614821825,0.8406789245615343,0.08602150537634409,1,0,61,False,2,0,0.0,0.010752688172043012,0,16,1.0,11,1.8333333333333333,2.0588235294117645,10,28,32,133,38,165,865.91,23.75,20565.32,0.2886,77.82,637,0,0.0,0.0,0.9139784946236559,8ExWCdpx.cpp,C:\Users\ad\Downloads\codepython\project\fraud_detection_system\dataset_CPP\human\8ExWCdpx.cpp,0,1666
2,1.4285714285714286,0,0,0,0,0,1,0,0,0,0,0,0,0,0,0,0,0,0,0,0,0,0,0,0.0,0,0,0,0,0.0,0,0,5,False,0,0,0.0,3,3,0,0,1.0,0.0,4,2,0.5,12,0.5,13,13,3.2916666666666665,0,0,0,1,1.0,True,0.0,5,0.0,0.2,44.6,31.626571107219323,1,3,8,0.16326530612244897,4,0,0,0,0,0,0,False,0,0,0,0,0,2,0,0,False,0,0,0,0,False,False,False,False,0,0,54,966,16.90740740740741,16.941367864795204,84,18.53061224489796,16.95865565621204,0.9151697435621036,0.09259259259259259,2,0,29,False,2,0,0.0,0.037037037037037035,0,6,1.0,3,0.75,1.4285714285714286,4,20,10,60,24,70,320.95,6.0,1925.68,0.107,100.0,322,0,0.0,0.0,0.9074074074074074,8tOpVPdR.cpp,C:\Users\ad\Downloads\codepython\project\fraud_detection_system\dataset_CPP\human\8tOpVPdR.cpp,0,966
4,2.0714285714285716,0,0,0,0,0,6,0,0,0,0,0,0,0,0,0,0,0,0,0,0,2,0,0,0.0,0,0,0,0,0.0,0,0,3,False,0,0,0.0,26,26,0,0,1.0,0.0,14,13,0.9285714285714286,18,0.5,82,10,2.189189189189189,0,0,4,0,1.0,True,0.0,1,0.0,1.0,85.0,0.0,0,0,4,0.057971014492753624,5,0,0,0,0,0,0,False,0,0,0,0,0,1,0,0,False,0,0,1,0,False,False,False,False,0,0,75,1399,17.666666666666668,16.662399453726806,68,19.202898550724637,16.500838547110984,0.8592889507552135,0.08,1,0,48,False,2,0,0.0,0.0,0,13,1.0,9,1.8,2.0714285714285716,12,26,36,130,38,166,871.16,30.0,26134.68,0.2904,83.36,605,0,0.0,0.0,0.92,8LBaXVKJ.cpp,C:\Users\ad\Downloads\codepython\project\fraud_detection_system\dataset_CPP\human\8LBaXVKJ.cpp,0,1399
3,2.0588235294117645,0,0,0,0,0,8,0,0,0,0,0,0,0,0,0,0,0,0,0,0,2,0,0,0.0,0,0,0,0,0.0,0,0,3,False,0,0,0.0,23,23,0,0,1.0,0.0,22,20,0.9090909090909091,24,0.5,50,11,3.680327868852459,0,0,3,0,1.0,True,0.0,5,0.0,0.8,128.0,157.18142383882392,0,2,24,0.24242424242424243,5,0,0,0,0,0,0,False,0,0,0,0,0,1,0,0,False,0,0,1,0,False,False,False,False,0,0,111,2492,21.45945945945946,21.561470383840284,109,24.060606060606062,21.41641878494358,0.8901030477369497,0.10810810810810811,1,0,63,False,2,0,0.0,0.09009009009009009,0,15,1.0,12,2.4,2.0588235294117645,9,26,35,152,35,187,959.18,26.31,25233.71,0.3197,92.64,731,0,0.0,0.0,0.8918918918918919,8f6E4zJf.cpp,C:\Users\ad\Downloads\codepython\project\fraud_detection_system\dataset_CPP\human\8f6E4zJf.cpp,0,2492
1,1.0,0,0,0,0,0,0,0,0,0,0,0,0,0,0,0,0,0,0,0,0,0,0,0,0.0,0,0,0,0,0.0,0,0,2,False,0,0,0.0,0,0,0,0,0.0,0.0,6,6,1.0,8,0.5,9,8,4.5476190476190474,0,0,2,0,1.0,True,0.0,1,0.0,1.0,85.0,0.0,0,0,4,0.1,3,2,0,0,0,0,0,False,0,0,0,0,0,1,0,0,False,0,0,0,0,False,False,False,False,0,2,48,789,15.458333333333334,14.910787947731741,60,18.55,14.472301130089848,0.7801779584954096,0.16666666666666666,1,0,21,False,2,0,0.0,0.0,0,3,1.0,0,0.0,1.0,3,19,12,58,22,70,312.16,4.58,1429.37,0.1041,100.0,263,0,0.0,0.0,0.8333333333333334,8hs4jJSE.cpp,C:\Users\ad\Downloads\codepython\project\fraud_detection_system\dataset_CPP\human\8hs4jJSE.cpp,0,789
3,1.7692307692307692,0,0,0,0,0,3,0,0,0,0,0,0,0,0,0,0,0,0,0,0,3,0,0,0.0,0,0,0,0,0.0,0,0,3,False,0,0,0.0,14,14,0,0,1.0,0.0,11,11,1.0,16,0.5,47,13,3.1447368421052633,0,0,3,0,1.0,True,0.0,1,0.0,1.0,85.0,0.0,0,0,4,0.05714285714285714,5,0,0,0,0,0,0,False,0,0,0,0,0,4,0,0,False,0,0,1,0,False,False,False,False,0,0,77,1263,15.415584415584416,15.379485956780933,68,16.957142857142856,15.29839927600804,0.9021802437409965,0.09090909090909091,1,0,49,False,2,0,0.0,0.0,0,12,1.0,8,1.6,1.7692307692307692,12,26,23,98,38,121,635.0,22.62,14360.75,0.2117,84.87,475,0,0.0,0.0,0.9090909090909091,8QIdbGgT.cpp,C:\Users\ad\Downloads\codepython\project\fraud_detection_system\dataset_CPP\human\8QIdbGgT.cpp,0,1263
3,2.0,0,0,0,0,0,6,0,0,0,0,0,0,0,0,0,0,0,0,0,0,2,0,0,0.0,0,0,0,0,0.0,0,0,3,False,0,0,0.0,21,21,0,0,1.0,0.0,19,17,0.8947368421052632,22,0.5,41,11,3.3545454545454545,0,0,3,0,1.0,True,0.0,7,0.0,0.5714285714285714,42.57142857142857,32.13745986431741,0,5,10,0.1282051282051282,4,0,0,0,0,0,0,False,0,0,0,0,0,2,0,0,False,0,0,1,0,False,False,False,False,0,0,89,1920,20.584269662921347,20.853587511674267,109,23.435897435897434,20.741751368571414,0.8850419074116906,0.12359550561797752,1,0,60,False,2,0,0.0,0.011235955056179775,0,11,1.0,10,2.5,2.0,7,25,34,138,32,172,860.0,19.32,16615.2,0.2867,89.32,646,0,0.0,0.0,0.8764044943820225,8mlm9TOM.cpp,C:\Users\ad\Downloads\codepython\project\fraud_detection_system\dataset_CPP\human\8mlm9TOM.cpp,0,1920
3,2.8,0,0,0,0,0,0,0,0,0,0,0,0,0,0,0,0,0,0,0,0,18,0,0,0.0,0,0,0,0,0.0,0,0,2,False,0,0,0.0,22,22,0,0,1.0,0.0,1,1,1.0,6,0.5,0,7,4.877551020408164,1,0,0,0,1.0,True,0.0,5,0.0,0.8,23.8,30.798701271319867,0,2,8,0.0851063829787234,1,0,0,0,0,0,0,False,0,0,0,0,0,2,0,0,False,0,0,0,0,False,False,False,False,0,0,98,1798,17.357142857142858,10.301822703794125,56,18.095744680851062,9.862964412317528,0.5450433008570533,0.04081632653061224,1,0,88,False,2,0,0.0,0.01020408163265306,2,17,0.8947368421052632,18,18.0,2.8,7,32,23,93,39,116,613.11,10.17,6236.44,0.2044,81.72,561,0,0.0,0.0,0.9591836734693877,8rJH32tO.cpp,C:\Users\ad\Downloads\codepython\project\fraud_detection_system\dataset_CPP\human\8rJH32tO.cpp,0,1798
3,1.75,0,0,0,0,0,0,0,0,0,0,0,0,0,0,0,0,0,0,0,0,6,0,0,0.0,0,0,0,0,0.0,0,0,2,False,0,0,0.0,34,33,1,0,0.9705882352941176,0.029411764705882353,9,8,0.8888888888888888,13,0.5384615384615384,31,25,5.364341085271318,0,2,10,0,0.8333333333333334,False,0.0,1,0.0,1.0,85.0,0.0,0,0,4,0.035398230088495575,8,4,0,0,0,0,0,False,0,0,0,0,0,6,0,0,False,0,0,0,0,False,False,False,False,0,1,127,2569,19.236220472440944,18.006760188518786,73,21.61946902654867,17.688713757883374,0.8181844677203526,0.11023622047244094,2,0,76,False,2,0,0.0,0.0,0,12,1.0,10,1.25,1.75,10,70,70,202,80,272,1719.56,14.43,24810.86,0.5732,67.75,877,0,0.0,0.0,0.889763779527559,8quzy87e.cpp,C:\Users\ad\Downloads\codepython\project\fraud_detection_system\dataset_CPP\human\8quzy87e.cpp,0,2569
3,2.0,0,0,0,0,0,0,0,0,0,0,0,0,0,0,0,0,0,0,0,0,2,0,0,0.0,0,0,0,0,0.0,0,0,2,False,0,0,0.0,5,5,0,0,1.0,0.0,2,2,1.0,4,0.5,12,4,2.4444444444444446,0,0,0,0,1.0,True,0.0,1,0.0,1.0,85.0,0.0,0,0,4,0.14285714285714285,1,0,0,0,0,0,0,False,0,0,0,0,0,1,0,0,False,0,0,0,0,False,False,False,False,0,0,32,471,13.75,13.358050007392546,56,15.714285714285714,13.155273637967243,0.8371537769615519,0.125,1,0,21,False,2,2,0.09523809523809523,0.0,0,3,1.0,4,4.0,2.0,6,12,8,27,18,35,145.95,6.75,985.14,0.0486,100.0,148,0,0.0,0.0,0.875,9RHO1DxZ.cpp,C:\Users\ad\Downloads\codepython\project\fraud_detection_system\dataset_CPP\human\9RHO1DxZ.cpp,0,471
3,1.8181818181818181,0,0,0,0,0,3,0,0,0,0,0,0,0,0,0,0,0,0,0,0,2,0,0,0.0,0,0,0,0,0.0,0,0,3,False,0,0,0.0,16,16,0,0,1.0,0.0,19,19,1.0,14,0.5,47,10,3.6551724137931036,0,0,3,0,1.0,True,0.0,2,0.0,0.5,52.0,33.0,0,1,5,0.07575757575757576,4,0,0,0,0,0,0,False,0,0,0,0,0,1,0,0,False,0,0,1,0,False,False,False,False,0,0,77,1447,17.805194805194805,18.00940516265599,68,20.772727272727273,17.79751042731731,0.8567729308555379,0.14285714285714285,1,0,48,False,2,0,0.0,0.0,0,9,1.0,7,1.75,1.8181818181818181,9,24,26,108,33,134,675.95,20.25,13687.96,0.2253,88.31,522,0,0.0,0.0,0.8571428571428571,9FNGD0m0.cpp,C:\Users\ad\Downloads\codepython\project\fraud_detection_system\dataset_CPP\human\9FNGD0m0.cpp,0,1447
4,2.0588235294117645,0,0,0,0,0,7,0,0,0,0,0,0,0,0,0,0,0,0,0,0,3,0,0,0.0,0,0,0,0,0.0,0,0,3,False,0,0,0.0,18,18,0,0,1.0,0.0,16,16,1.0,24,0.5,62,13,3.0093457943925235,0,0,4,0,1.0,True,0.0,2,0.0,0.5,53.0,32.0,0,1,5,0.058823529411764705,6,0,0,0,0,0,0,False,0,0,0,0,0,3,0,0,False,0,0,1,0,False,False,False,False,0,0,93,1701,17.301075268817204,16.961553582118167,91,18.929411764705883,16.850755427502605,0.8901890685753396,0.08602150537634409,1,0,61,False,2,0,0.0,0.0,0,15,1.0,11,1.8333333333333333,2.0588235294117645,10,29,32,133,39,165,872.09,22.93,19997.96,0.2907,79.64,638,0,0.0,0.0,0.9139784946236559,9F5vDPpf.cpp,C:\Users\ad\Downloads\codepython\project\fraud_detection_system\dataset_CPP\human\9F5vDPpf.cpp,0,1701
4,2.176470588235294,0,0,0,0,0,6,0,0,0,0,0,0,0,0,0,0,0,0,0,0,4,0,0,0.0,0,0,0,0,0.0,0,0,3,False,0,0,0.0,20,20,0,0,1.0,0.0,18,16,0.8888888888888888,22,0.5,36,11,3.495049504950495,0,0,3,0,1.0,True,0.0,5,0.0,0.8,48.4,36.543672502910816,0,3,8,0.09523809523809523,4,0,0,0,0,0,0,False,0,0,0,0,0,2,0,0,False,0,0,1,0,False,False,False,False,0,0,94,1912,19.351063829787233,19.73047510336323,109,21.654761904761905,19.640515733469016,0.9069836842283657,0.10638297872340426,1,0,66,False,2,0,0.0,0.0,0,14,1.0,12,3.0,2.176470588235294,7,26,30,128,33,158,797.01,17.23,13733.17,0.2657,84.72,629,0,0.0,0.0,0.8936170212765957,9U08ZkOq.cpp,C:\Users\ad\Downloads\codepython\project\fraud_detection_system\dataset_CPP\human\9U08ZkOq.cpp,0,1912
2,1.5,0,0,0,0,0,1,0,0,0,0,0,0,0,0,0,0,0,0,0,0,0,0,0,0.0,0,0,0,0,0.0,0,0,0,False,0,0,0.0,2,2,0,0,1.0,0.0,0,0,0.0,4,0.0,15,4,3.4347826086956523,0,2,2,0,0.5,False,0.0,2,0.0,1.0,49.5,35.5,0,0,5,0.22727272727272727,2,0,0,0,0,0,0,False,0,0,0,0,0,0,0,0,False,0,0,0,0,False,False,False,False,0,0,25,369,13.8,15.136710342739601,56,15.681818181818182,15.193857501803944,0.9688836667817008,0.12,1,0,13,False,2,0,0.0,0.0,0,4,1.0,2,1.0,1.5,4,8,9,27,12,36,129.06,6.75,871.15,0.043,100.0,114,0,0.0,0.0,0.88,9g4VAEqb.cpp,C:\Users\ad\Downloads\codepython\project\fraud_detection_system\dataset_CPP\human\9g4VAEqb.cpp,0,369
4,2.4,0,0,0,0,0,1,0,0,0,0,0,0,0,0,0,0,0,0,0,0,5,0,0,0.0,0,0,0,0,0.0,0,0,2,False,0,0,0.0,19,19,0,0,1.0,0.0,5,5,1.0,10,0.5,33,6,2.3461538461538463,1,0,0,0,1.0,True,0.0,12,0.0,0.25,23.25,27.928853061544316,1,11,15,0.23809523809523808,1,0,0,0,0,0,0,False,0,0,0,0,0,1,2,0,False,0,0,0,0,False,False,False,False,0,0,71,1428,19.12676056338028,19.283598502255522,78,21.555555555555557,19.15001577170205,0.8884027935325693,0.11267605633802817,1,0,56,False,2,0,0.0,0.0,0,7,1.0,11,11.0,2.4,14,17,28,71,31,99,490.47,29.24,14338.9,0.1635,100.0,361,0,0.0,0.0,0.8873239436619719,98Tb2shJ.cpp,C:\Users\ad\Downloads\codepython\project\fraud_detection_system\dataset_CPP\human\98Tb2shJ.cpp,0,1428
1,1.0,0,0,0,0,0,0,0,0,0,0,0,0,0,0,0,0,0,0,0,0,1,0,0,0.0,0,0,0,0,0.0,0,0,0,False,0,0,0.0,1,1,0,0,1.0,0.0,0,0,0.0,0,0.0,2,2,3.5,0,1,1,0,0.5,False,0.0,2,0.0,1.0,56.0,29.0,0,1,5,0.5,1,0,0,0,0,0,0,False,0,0,0,0,0,2,0,0,False,0,0,0,0,False,False,False,False,0,0,11,214,18.545454545454547,19.50460848276929,56,20.4,19.50999743721152,0.9563724233927217,0.09090909090909091,1,0,5,False,2,0,0.0,0.0,0,0,1.0,1,1.0,1.0,2,6,2,7,8,9,27.0,1.17,31.5,0.009,100.0,37,0,0.0,0.0,0.9090909090909091,97Rhqdui.cpp,C:\Users\ad\Downloads\codepython\project\fraud_detection_system\dataset_CPP\human\97Rhqdui.cpp,0,214
3,2.0,0,0,0,0,0,11,0,0,0,0,0,0,0,0,0,0,0,0,0,0,3,0,0,0.0,0,0,0,0,0.0,0,0,3,False,0,0,0.0,35,35,0,0,1.0,0.0,29,27,0.9310344827586207,36,0.5,79,18,3.403409090909091,0,0,5,0,1.0,True,0.0,10,0.1,0.9,62.7,60.784948794911394,0,4,26,0.20634920634920634,7,0,0,0,0,0,0,False,0,0,0,0,0,1,0,0,False,0,0,1,0,False,False,False,False,0,0,141,2972,20.085106382978722,21.266125083157785,109,22.476190476190474,21.26839606556672,0.9462633842730956,0.10638297872340426,1,0,91,False,2,5,0.054945054945054944,0.0,0,21,1.0,16,2.2857142857142856,2.0,10,33,54,211,43,265,1437.96,31.97,45971.15,0.4793,83.52,979,0,0.0,0.0,0.8936170212765957,9xtXcCzx.cpp,C:\Users\ad\Downloads\codepython\project\fraud_detection_system\dataset_CPP\human\9xtXcCzx.cpp,0,2972
1,1.0,0,0,0,0,0,0,0,0,0,0,0,0,0,0,0,0,0,0,0,0,0,0,0,0.0,0,0,0,0,0.0,0,0,1,False,1,1,1.0,5,0,5,0,0.0,1.0,0,0,0.0,8,0.375,13,5,2.1904761904761907,0,0,0,0,1.0,True,0.0,4,0.0,0.5,54.75,45.838711805634325,0,3,7,0.30434782608695654,1,0,0,0,0,0,0,False,0,0,0,0,0,1,0,0,True,0,0,0,0,False,False,False,False,1,0,29,524,17.103448275862068,23.245829922785052,120,21.565217391304348,24.18915690778128,1.1216746146753416,0.20689655172413793,1,0,16,False,2,0,0.0,0.0,0,1,1.0,0,0.0,1.0,4,14,14,26,18,40,166.8,3.71,619.53,0.0556,100.0,152,0,0.0,0.0,0.7931034482758621,ALctcYUx.cpp,C:\Users\ad\Downloads\codepython\project\fraud_detection_system\dataset_CPP\human\ALctcYUx.cpp,0,524
4,2.1666666666666665,0,0,0,0,0,8,0,0,0,0,0,0,0,0,0,0,0,0,0,0,9,0,0,0.0,0,0,0,0,0.0,0,0,3,False,0,0,0.0,51,51,0,0,1.0,0.0,27,25,0.9259259259259259,32,0.5,59,16,4.065934065934066,0,0,4,0,1.0,True,0.0,13,0.0,0.3076923076923077,63.38461538461539,132.89413858784712,0,10,26,0.174496644295302,5,0,0,0,0,0,0,False,0,0,0,0,0,9,0,0,False,0,0,1,0,False,False,False,False,0,0,162,3722,21.98148148148148,21.65141121686427,145,23.899328859060404,21.537152219457106,0.901161381830696,0.08024691358024691,1,0,118,False,2,0,0.0,0.0,0,22,1.0,23,4.6,2.1666666666666665,12,33,77,231,45,308,1691.49,42.0,71042.61,0.5638,76.14,1052,0,0.0,0.0,0.9197530864197531,A6gXnKNu.cpp,C:\Users\ad\Downloads\codepython\project\fraud_detection_system\dataset_CPP\human\A6gXnKNu.cpp,0,3722
4,2.05,0,0,0,0,0,9,0,0,0,0,0,0,0,0,0,0,0,0,0,0,3,0,0,0.0,0,0,0,0,0.0,0,0,3,False,0,0,0.0,25,25,0,0,1.0,0.0,25,21,0.84,30,0.5,104,14,3.006622516556291,0,0,6,0,1.0,True,0.0,1,0.0,1.0,85.0,0.0,0,0,4,0.043478260869565216,7,0,0,0,0,0,0,False,0,0,0,0,0,1,0,0,False,0,0,1,0,False,False,False,False,0,0,99,1933,18.535353535353536,17.577713811949796,68,19.945652173913043,17.445794391943675,0.8746665308222442,0.0707070707070707,1,0,65,False,2,0,0.0,0.050505050505050504,0,19,1.0,13,1.8571428571428572,2.05,11,28,39,175,39,214,1131.08,34.38,38880.74,0.377,74.07,810,0,0.0,0.0,0.9292929292929293,AE2mbHtT.cpp,C:\Users\ad\Downloads\codepython\project\fraud_detection_system\dataset_CPP\human\AE2mbHtT.cpp,0,1933
3,2.0714285714285716,0,0,0,0,0,5,0,0,0,0,0,0,0,0,0,0,0,0,0,0,3,0,0,0.0,0,0,0,0,0.0,0,0,3,False,0,0,0.0,24,24,0,0,1.0,0.0,20,18,0.9,28,0.5,38,16,3.5739130434782607,0,1,3,0,0.75,False,0.0,4,0.0,1.0,51.5,40.26474885057648,0,2,7,0.08974358974358974,4,0,0,0,0,0,0,False,0,0,0,0,0,2,0,0,False,0,0,1,0,False,False,False,False,0,0,88,1910,20.71590909090909,20.64524425956714,109,23.371794871794872,20.464546562511586,0.875608684517775,0.11363636363636363,1,0,60,False,2,0,0.0,0.0,0,12,1.0,10,2.5,2.0714285714285716,10,32,36,140,42,176,949.05,21.88,20760.42,0.3163,84.85,645,0,0.0,0.0,0.8863636363636364,AjTRpf1f.cpp,C:\Users\ad\Downloads\codepython\project\fraud_detection_system\dataset_CPP\human\AjTRpf1f.cpp,0,1910
3,1.8666666666666667,0,0,0,0,0,4,0,0,0,0,0,0,0,0,0,0,0,0,0,0,4,0,0,0.0,0,0,0,0,0.0,0,0,3,False,0,0,0.0,17,17,0,0,1.0,0.0,15,15,1.0,18,0.5,54,11,3.413793103448276,0,0,4,0,1.0,True,0.0,12,0.0,0.08333333333333333,14.25,22.935144066112457,3,0,15,0.17647058823529413,5,0,0,0,0,0,0,False,0,0,0,0,0,4,0,0,False,0,0,1,0,False,False,False,False,0,0,94,1589,15.914893617021276,15.633882717305703,68,17.6,15.51257554373225,0.8813963377120596,0.09574468085106383,1,0,53,False,2,0,0.0,0.0,0,13,1.0,9,1.8,1.8666666666666667,10,24,24,108,34,132,671.55,22.5,15109.76,0.2238,93.4,541,0,0.0,0.0,0.9042553191489362,9v0EctOh.cpp,C:\Users\ad\Downloads\codepython\project\fraud_detection_system\dataset_CPP\human\9v0EctOh.cpp,0,1589
2,1.2,0,0,0,0,0,0,0,0,0,0,0,0,0,0,0,0,0,0,0,0,2,0,0,0.0,0,0,0,0,0.0,0,0,2,False,0,0,0.0,9,9,0,0,1.0,0.0,9,9,1.0,4,0.5,22,8,3.25,0,3,0,0,1.0,True,1.0,0,0.0,0.0,0.0,0.0,0,0,0,0.0,4,0,0,0,0,0,0,False,0,0,0,0,0,6,0,0,False,0,0,0,0,False,False,False,False,0,0,38,586,14.447368421052632,17.49390475568871,66,16.636363636363637,17.776078890358622,1.0685074742838516,0.13157894736842105,1,19,0,False,2,16,0.8421052631578947,0.0,0,4,1.0,3,0.75,1.2,7,17,12,57,24,69,316.36,11.74,3712.61,0.1055,83.73,265,0,0.0,0.0,0.868421052631579,AqKfXzPa.cpp,C:\Users\ad\Downloads\codepython\project\fraud_detection_system\dataset_CPP\human\AqKfXzPa.cpp,0,586
3,2.0,0,0,0,0,0,0,0,0,0,0,0,0,0,0,0,0,0,0,0,0,1,0,0,0.0,0,0,0,0,0.0,0,0,3,False,0,0,0.0,8,7,1,0,0.875,0.125,3,3,1.0,8,0.5,21,5,2.0,0,0,0,0,1.0,True,0.0,1,0.0,1.0,85.0,0.0,0,0,4,0.12121212121212122,1,0,0,0,0,0,0,False,0,0,0,0,0,1,0,0,False,0,0,0,0,False,False,False,False,0,0,36,578,15.083333333333334,13.86918046124812,56,16.454545454545453,13.68496389891477,0.8316828888843231,0.08333333333333333,1,0,25,False,2,0,0.0,0.0,0,3,1.0,3,3.0,2.0,8,16,15,41,24,56,256.76,10.25,2631.77,0.0856,100.0,198,0,0.0,0.0,0.9166666666666666,BGfFubzQ.cpp,C:\Users\ad\Downloads\codepython\project\fraud_detection_system\dataset_CPP\human\BGfFubzQ.cpp,0,578
4,2.2,0,0,0,0,0,6,0,0,0,0,0,0,0,0,0,0,0,0,0,0,3,0,0,0.0,0,0,0,0,0.0,0,0,3,False,0,0,0.0,19,19,0,0,1.0,0.0,19,17,0.8947368421052632,24,0.5,40,13,2.9722222222222223,0,0,3,0,1.0,True,0.0,4,0.0,1.0,51.5,40.26474885057648,0,2,7,0.08860759493670886,4,0,0,0,0,0,0,False,0,0,0,0,0,2,0,0,False,0,0,1,0,False,False,False,False,0,0,90,1820,19.233333333333334,19.219232265855176,109,21.911392405063292,19.029750108723142,0.8684865734194848,0.12222222222222222,1,0,61,False,2,0,0.0,0.0,0,12,1.0,11,2.75,2.142857142857143,6,28,30,132,34,162,824.17,14.14,11656.1,0.2747,85.02,632,0,0.0,0.0,0.8777777777777778,AjteiGOM.cpp,C:\Users\ad\Downloads\codepython\project\fraud_detection_system\dataset_CPP\human\AjteiGOM.cpp,0,1820
3,1.9090909090909092,0,0,0,0,0,5,0,0,0,0,0,0,0,0,0,0,0,0,0,0,1,0,0,0.0,0,0,0,0,0.0,0,0,3,False,0,0,0.0,11,11,0,0,1.0,0.0,12,9,0.75,18,0.5,53,9,3.1645569620253164,0,0,3,0,1.0,True,0.0,1,0.0,1.0,85.0,0.0,0,0,4,0.06896551724137931,4,0,0,0,0,0,0,False,0,0,0,0,0,2,0,0,False,0,0,1,0,False,False,False,False,0,0,64,1213,17.96875,17.701490712295957,68,19.75862068965517,17.645269313104453,0.8930415533682883,0.09375,1,0,40,False,2,0,0.0,0.046875,0,10,1.0,7,1.75,1.9090909090909092,6,23,19,96,29,115,558.67,12.52,6995.49,0.1862,90.5,462,0,0.0,0.0,0.90625,B5uDpTln.cpp,C:\Users\ad\Downloads\codepython\project\fraud_detection_system\dataset_CPP\human\B5uDpTln.cpp,0,1213
4,2.0625,0,0,0,0,0,4,0,0,0,0,0,0,0,0,0,0,0,0,0,0,6,0,0,0.0,0,0,0,0,0.0,0,0,3,False,0,0,0.0,17,17,0,0,1.0,0.0,11,11,1.0,18,0.5,54,11,2.9397590361445785,0,0,2,0,1.0,True,0.0,1,0.0,1.0,85.0,0.0,0,0,4,0.05063291139240506,5,0,0,0,0,0,0,False,0,0,0,0,0,5,0,0,False,0,0,1,0,False,False,False,False,0,0,85,1452,16.094117647058823,14.820195703567537,68,17.31645569620253,14.668095321114565,0.8470610602105634,0.07058823529411765,1,0,58,False,2,0,0.0,0.0,0,15,1.0,11,2.2,2.0625,10,27,25,110,37,135,703.28,20.37,14326.0,0.2344,80.67,546,0,0.0,0.0,0.9294117647058824,BKh76Btp.cpp,C:\Users\ad\Downloads\codepython\project\fraud_detection_system\dataset_CPP\human\BKh76Btp.cpp,0,1452
2,1.2,0,0,0,0,0,0,0,0,0,0,0,0,0,0,0,0,0,0,0,0,2,0,0,0.0,0,0,0,0,0.0,0,0,2,False,0,0,0.0,8,8,0,0,1.0,0.0,9,9,1.0,6,0.5,29,7,2.840909090909091,0,3,0,0,1.0,True,1.0,4,0.0,0.25,28.0,32.96209944769902,0,3,7,0.1794871794871795,4,0,0,0,0,0,0,False,0,0,0,0,0,6,0,0,False,0,0,0,0,False,False,False,False,0,0,50,771,14.44,16.248273754463888,56,18.17948717948718,16.548098961034604,0.9102621431316638,0.22,3,0,23,False,2,0,0.0,0.06,0,2,1.0,3,0.75,1.2,7,18,11,58,25,69,320.43,11.28,3613.69,0.1068,100.0,273,0,0.0,0.0,0.78,BRTiDTj4.cpp,C:\Users\ad\Downloads\codepython\project\fraud_detection_system\dataset_CPP\human\BRTiDTj4.cpp,0,771
5,2.25,0,0,0,0,0,0,0,0,0,0,0,0,0,0,0,0,0,0,0,0,6,0,0,0.0,0,0,0,0,0.0,0,0,3,False,0,0,0.0,10,10,0,0,1.0,0.0,20,20,1.0,28,0.4642857142857143,67,15,2.303921568627451,0,4,0,0,1.0,True,1.0,1,0.0,1.0,85.0,0.0,0,0,4,0.056338028169014086,4,0,0,0,0,0,0,False,0,0,0,0,0,2,0,0,False,0,0,1,0,False,False,False,True,1,0,76,1375,17.105263157894736,14.278783439414413,56,18.309859154929576,14.00662976754049,0.7649774719195191,0.06578947368421052,1,0,52,False,2,0,0.0,0.0,0,12,1.0,9,2.25,2.25,10,30,30,121,40,151,803.61,20.17,16206.16,0.2679,83.07,521,0,0.0,0.0,0.9342105263157895,BLUojeXO.cpp,C:\Users\ad\Downloads\codepython\project\fraud_detection_system\dataset_CPP\human\BLUojeXO.cpp,0,1375
4,2.25,0,0,0,0,0,8,0,0,0,0,0,0,0,0,0,0,0,0,0,0,5,0,0,0.0,0,0,0,0,0.0,0,0,3,False,0,0,0.0,24,24,0,0,1.0,0.0,23,21,0.9130434782608695,26,0.5,56,12,3.4166666666666665,0,0,5,0,1.0,True,0.0,4,0.0,1.0,51.5,40.26474885057648,0,2,7,0.07446808510638298,5,0,0,0,0,0,0,False,0,0,0,0,0,5,1,0,False,0,0,1,0,False,False,False,False,0,0,105,2187,19.83809523809524,19.918464183252215,109,22.159574468085108,19.792166509457008,0.893165459380201,0.10476190476190476,1,0,73,False,2,0,0.0,0.17142857142857143,0,18,1.0,16,3.2,2.25,9,27,38,161,36,199,1028.82,26.83,27606.54,0.3429,78.16,766,0,0.0,0.0,0.8952380952380953,AmQKWIdv.cpp,C:\Users\ad\Downloads\codepython\project\fraud_detection_system\dataset_CPP\human\AmQKWIdv.cpp,0,2187
4,2.1333333333333333,0,0,0,0,0,6,0,0,0,0,0,0,0,0,0,0,0,0,0,0,3,0,0,0.0,0,0,0,0,0.0,0,0,3,False,0,0,0.0,21,21,0,0,1.0,0.0,11,8,0.7272727272727273,20,0.5,60,9,3.1,0,0,3,0,1.0,True,0.0,1,0.0,1.0,85.0,0.0,0,0,4,0.05555555555555555,4,0,0,0,0,0,0,False,0,0,0,0,0,2,0,0,False,0,0,1,0,False,False,False,False,0,0,78,1461,17.743589743589745,17.048524936144954,68,19.22222222222222,16.92485206091772,0.8804836332269333,0.07692307692307693,1,0,54,False,2,0,0.0,0.0,0,13,1.0,10,2.5,2.1333333333333333,9,23,30,115,32,145,725.0,22.5,16312.5,0.2417,83.02,557,0,0.0,0.0,0.9230769230769231,BaUJbyom.cpp,C:\Users\ad\Downloads\codepython\project\fraud_detection_system\dataset_CPP\human\BaUJbyom.cpp,0,1461
3,1.8888888888888888,0,0,0,0,0,7,0,0,0,0,0,0,0,0,0,0,0,0,0,0,4,0,0,0.0,0,0,0,0,0.0,0,0,3,False,0,0,0.0,22,22,0,0,1.0,0.0,17,17,1.0,20,0.5,79,14,3.393162393162393,0,0,5,0,1.0,True,0.0,4,0.0,0.5,58.25,21.533404282648853,0,2,7,0.07865168539325842,6,0,0,0,0,0,0,False,0,0,0,0,0,1,0,0,False,0,0,1,0,False,False,False,False,0,0,97,1875,18.34020618556701,18.957840691092105,83,19.98876404494382,18.940767744262057,0.9475707303200243,0.08247422680412371,1,0,65,False,2,0,0.0,0.020618556701030927,0,16,1.0,12,2.0,1.8888888888888888,13,26,38,143,39,181,956.66,35.75,34200.52,0.3189,80.88,667,0,0.0,0.0,0.9175257731958762,BZuCvo6m.cpp,C:\Users\ad\Downloads\codepython\project\fraud_detection_system\dataset_CPP\human\BZuCvo6m.cpp,0,1875
2,1.5,0,0,0,0,0,1,0,0,0,0,0,0,0,0,0,0,0,0,0,0,1,0,0,0.0,0,0,0,0,0.0,0,0,2,False,0,0,0.0,6,6,0,0,1.0,0.0,1,1,1.0,2,0.5,8,3,2.090909090909091,0,0,0,0,1.0,True,0.0,1,0.0,1.0,85.0,0.0,0,0,4,0.2222222222222222,1,0,0,0,0,0,0,False,0,0,0,0,0,1,0,0,False,0,0,0,0,False,False,False,False,0,0,20,320,15.05,15.147524550235923,56,16.72222222222222,15.065802171199792,0.9009449803375291,0.1,1,0,11,False,2,0,0.0,0.0,0,2,1.0,2,2.0,1.5,5,12,8,19,17,27,110.36,3.96,436.85,0.0368,100.0,100,0,0.0,0.0,0.9,BQT0Bwns.cpp,C:\Users\ad\Downloads\codepython\project\fraud_detection_system\dataset_CPP\human\BQT0Bwns.cpp,0,320
3,2.0588235294117645,0,0,0,0,0,5,0,0,0,0,0,0,0,0,0,0,0,0,0,0,4,0,0,0.0,0,0,0,0,0.0,0,0,3,False,0,0,0.0,26,26,0,0,1.0,0.0,22,19,0.8636363636363636,20,0.5,65,12,2.935483870967742,0,0,4,0,1.0,True,0.0,1,0.0,1.0,85.0,0.0,0,0,4,0.047619047619047616,5,0,0,0,0,0,0,False,0,0,0,0,0,1,0,0,False,0,0,1,0,False,False,False,False,0,0,97,1814,17.711340206185568,17.67983227685908,72,20.452380952380953,17.461116504083037,0.8537449280226863,0.13402061855670103,2,0,63,False,2,0,0.0,0.0,0,14,1.0,12,2.4,2.0588235294117645,8,29,39,152,37,191,995.01,20.97,20860.81,0.3317,77.15,724,0,0.0,0.0,0.865979381443299,BuRU7eXl.cpp,C:\Users\ad\Downloads\codepython\project\fraud_detection_system\dataset_CPP\human\BuRU7eXl.cpp,0,1814
4,2.263157894736842,0,0,0,0,0,7,0,0,0,0,0,0,0,0,0,0,0,0,0,0,6,0,0,0.0,0,0,0,0,0.0,0,0,3,False,0,0,0.0,20,20,0,0,1.0,0.0,12,9,0.75,22,0.5,64,11,2.8333333333333335,0,0,4,0,1.0,True,0.0,1,0.0,1.0,85.0,0.0,0,0,4,0.046511627906976744,5,0,0,0,0,0,0,False,0,0,0,0,0,6,0,0,False,0,0,1,0,False,False,False,False,0,0,92,1645,16.891304347826086,15.597837448867246,68,18.069767441860463,15.458715234135813,0.8555016152739253,0.06521739130434782,1,0,65,False,2,0,0.0,0.0,0,18,1.0,14,2.8,2.263157894736842,9,26,30,126,35,156,800.17,21.81,17449.82,0.2667,77.25,618,0,0.0,0.0,0.9347826086956522,BdzeZ954.cpp,C:\Users\ad\Downloads\codepython\project\fraud_detection_system\dataset_CPP\human\BdzeZ954.cpp,0,1645
4,2.3333333333333335,0,0,0,0,0,3,0,0,0,0,0,0,0,0,0,0,0,0,0,0,2,0,0,0.0,0,0,0,0,0.0,0,0,2,False,0,0,0.0,13,4,9,0,0.3076923076923077,0.6923076923076923,6,1,0.16666666666666666,12,0.4166666666666667,25,8,3.6363636363636362,0,1,0,0,1.0,True,1.0,8,0.0,0.125,31.75,13.77270852083932,0,8,8,0.1509433962264151,3,0,0,0,0,0,0,False,0,0,0,0,0,0,0,0,False,0,0,1,0,False,False,False,False,0,1,71,1438,19.267605633802816,18.262528207248078,76,25.39622641509434,17.256488659469415,0.679490266680445,0.2535211267605634,1,0,43,False,2,26,0.6046511627906976,0.2535211267605634,8,0,1.0,5,1.6666666666666667,2.3333333333333335,7,32,25,100,39,125,660.68,10.94,7226.14,0.2202,100.0,461,0,0.0,0.0,0.7464788732394366,Bubble_Sort.cpp,C:\Users\ad\Downloads\codepython\project\fraud_detection_system\dataset_CPP\human\Bubble_Sort.cpp,0,1438
3,2.0,0,0,0,0,0,0,0,0,0,0,0,0,0,0,0,0,0,0,0,0,4,0,0,0.0,0,0,0,0,0.0,0,0,2,False,0,0,0.0,9,9,0,0,1.0,0.0,4,4,1.0,12,0.5,0,14,4.109090909090909,0,0,0,0,1.0,True,0.0,0,0.0,0.0,0.0,0.0,0,0,0,0.0,1,0,0,0,0,0,0,False,0,0,0,0,0,1,0,0,False,0,0,0,0,False,False,False,False,0,0,42,862,19.547619047619047,15.478406434760561,60,24.147058823529413,13.59743131655036,0.5631092140836933,0.19047619047619047,1,0,30,False,2,18,0.6,0.0,4,0,1.0,5,5.0,2.0,4,24,15,69,28,84,403.82,5.75,2321.95,0.1346,81.52,336,0,0.0,0.0,0.8095238095238095,CompareFile.cpp,C:\Users\ad\Downloads\codepython\project\fraud_detection_system\dataset_CPP\human\CompareFile.cpp,0,862
3,2.0,0,0,0,0,0,0,0,0,0,0,0,0,0,0,0,0,0,0,0,0,4,0,0,0.0,0,0,0,0,0.0,0,0,2,False,0,0,0.0,9,9,0,0,1.0,0.0,4,4,1.0,12,0.5,0,14,4.109090909090909,0,0,0,0,1.0,True,0.0,0,0.0,0.0,0.0,0.0,0,0,0,0.0,1,0,0,0,0,0,0,False,0,0,0,0,0,1,0,0,False,0,0,0,0,False,False,False,False,0,0,42,862,19.547619047619047,15.478406434760561,60,24.147058823529413,13.59743131655036,0.5631092140836933,0.19047619047619047,1,0,30,False,2,18,0.6,0.0,4,0,1.0,5,5.0,2.0,4,24,15,69,28,84,403.82,5.75,2321.95,0.1346,81.52,336,0,0.0,0.0,0.8095238095238095,CompareFile1.cpp,C:\Users\ad\Downloads\codepython\project\fraud_detection_system\dataset_CPP\human\CompareFile1.cpp,0,862
2,1.5,0,0,0,0,0,0,0,0,0,0,0,0,0,0,0,0,0,0,0,0,0,0,0,0.0,0,0,0,0,0.0,0,0,2,False,0,0,0.0,3,3,0,0,1.0,0.0,2,2,1.0,6,0.5,14,4,2.1052631578947367,0,0,0,0,1.0,True,0.0,1,0.0,1.0,85.0,0.0,0,0,4,0.17391304347826086,1,0,0,0,0,0,0,False,0,0,0,0,0,1,0,0,False,0,0,0,0,False,False,False,False,0,0,27,363,12.481481481481481,12.013481224796834,56,14.652173913043478,11.731076141940905,0.8006372441087265,0.14814814814814814,1,0,16,False,2,0,0.0,0.0,0,2,1.0,1,1.0,1.5,4,12,8,26,16,34,136.0,4.33,589.33,0.0453,100.0,124,0,0.0,0.0,0.8518518518518519,BgVDTW7R.cpp,C:\Users\ad\Downloads\codepython\project\fraud_detection_system\dataset_CPP\human\BgVDTW7R.cpp,0,363
4,2.25,0,0,0,0,0,8,0,0,0,0,0,0,0,0,0,0,0,0,0,0,5,0,0,0.0,0,0,0,0,0.0,0,0,3,False,0,0,0.0,24,24,0,0,1.0,0.0,23,21,0.9130434782608695,26,0.5,56,12,3.1755725190839694,0,0,5,0,1.0,True,0.0,4,0.0,1.0,51.5,40.26474885057648,0,2,7,0.07446808510638298,5,0,0,0,0,0,0,False,0,0,0,0,0,5,1,0,False,0,0,1,0,False,False,False,False,0,0,103,2169,20.067961165048544,19.515123404022322,109,21.98936170212766,19.366287158771037,0.8807116559866848,0.08737864077669903,1,0,73,False,2,0,0.0,0.32038834951456313,0,18,1.0,16,3.2,2.25,9,27,38,161,36,199,1028.82,26.83,27606.54,0.3429,78.16,766,0,0.0,0.0,0.912621359223301,CQG12gdt.cpp,C:\Users\ad\Downloads\codepython\project\fraud_detection_system\dataset_CPP\human\CQG12gdt.cpp,0,2169
3,2.0,0,0,0,0,0,0,0,0,0,0,0,0,0,0,0,0,0,0,0,0,3,0,0,0.0,0,0,0,0,0.0,0,0,2,False,0,0,0.0,21,21,0,0,1.0,0.0,4,4,1.0,11,0.5454545454545454,0,13,5.891304347826087,0,2,2,0,0.5,False,0.0,1,0.0,1.0,85.0,0.0,0,0,4,0.07142857142857142,3,0,0,0,0,0,0,False,0,0,0,0,0,2,0,0,False,0,0,0,0,False,False,False,False,0,1,61,1334,20.885245901639344,19.20561594836067,70,22.75,18.956953115639955,0.8332726644237343,0.08196721311475409,1,0,42,False,2,0,0.0,0.0,0,6,1.0,6,2.0,2.0,8,39,23,82,47,105,583.23,8.41,4905.13,0.1944,91.41,414,0,0.0,0.0,0.9180327868852459,CgtrGRz0.cpp,C:\Users\ad\Downloads\codepython\project\fraud_detection_system\dataset_CPP\human\CgtrGRz0.cpp,0,1334
3,1.625,0,0,0,0,0,2,0,0,0,0,0,0,0,0,0,0,0,0,0,0,3,0,0,0.0,0,0,0,0,0.0,0,0,3,False,0,0,0.0,14,14,0,0,1.0,0.0,13,13,1.0,10,0.5,39,9,2.4838709677419355,0,1,0,0,1.0,True,1.0,2,0.0,0.5,99.5,14.5,0,0,10,0.17543859649122806,4,0,0,0,0,0,0,False,0,0,0,0,0,4,0,0,False,0,0,1,0,False,False,False,False,0,0,65,1097,15.892307692307693,14.5360274722689,68,18.12280701754386,14.160818411573702,0.7813810740171355,0.12307692307692308,1,0,39,False,2,0,0.0,0.0,0,7,1.0,6,1.5,1.625,9,21,18,81,30,99,485.78,17.36,8431.79,0.1619,100.0,393,0,0.0,0.0,0.8769230769230769,C9n7y9si.cpp,C:\Users\ad\Downloads\codepython\project\fraud_detection_system\dataset_CPP\human\C9n7y9si.cpp,0,1097
2,1.4,0,0,0,0,0,1,0,0,0,0,0,0,0,0,0,0,0,0,0,0,1,0,0,0.0,0,0,0,0,0.0,0,0,3,False,0,0,0.0,8,8,0,0,1.0,0.0,15,14,0.9333333333333333,8,0.5,28,8,2.608695652173913,0,2,0,0,1.0,True,1.0,1,0.0,1.0,85.0,0.0,0,0,4,0.11428571428571428,3,0,0,0,0,0,0,False,0,0,0,0,0,4,0,0,False,0,0,0,0,False,False,False,False,0,0,44,706,15.068181818181818,17.23025579833431,62,18.82857142857143,17.426557260663497,0.9255379425238579,0.20454545454545456,3,0,21,False,2,0,0.0,0.022727272727272728,0,5,1.0,2,0.6666666666666666,1.4,8,20,12,61,28,73,350.94,12.2,4281.43,0.117,100.0,276,0,0.0,0.0,0.7954545454545454,DD8XgAZq.cpp,C:\Users\ad\Downloads\codepython\project\fraud_detection_system\dataset_CPP\human\DD8XgAZq.cpp,0,706
4,2.2,0,0,0,0,0,6,0,0,0,0,0,0,0,0,0,0,0,0,0,0,3,0,0,0.0,0,0,0,0,0.0,0,0,3,False,0,0,0.0,19,19,0,0,1.0,0.0,19,17,0.8947368421052632,24,0.5,39,13,3.207547169811321,0,0,3,0,1.0,True,0.0,4,0.0,1.0,51.5,40.26474885057648,0,2,7,0.08860759493670886,4,0,0,0,0,0,0,False,0,0,0,0,0,2,0,0,False,0,0,1,0,False,False,False,False,0,0,89,1818,19.43820224719101,19.24411776824796,109,21.89873417721519,19.06125697285031,0.870427341534783,0.11235955056179775,1,0,61,False,2,0,0.0,0.0,0,13,1.0,11,2.75,2.2,7,28,30,130,35,160,820.69,16.25,13336.14,0.2736,85.04,620,0,0.0,0.0,0.8876404494382022,DNYEn5H3.cpp,C:\Users\ad\Downloads\codepython\project\fraud_detection_system\dataset_CPP\human\DNYEn5H3.cpp,0,1818
3,1.625,0,0,0,0,0,2,0,0,0,0,0,0,0,0,0,0,0,0,0,0,3,0,0,0.0,0,0,0,0,0.0,0,0,3,False,0,0,0.0,13,13,0,0,1.0,0.0,12,12,1.0,12,0.5,39,9,2.707692307692308,0,1,0,0,1.0,True,1.0,1,0.0,1.0,85.0,0.0,0,0,4,0.07692307692307693,4,0,0,0,0,0,0,False,0,0,0,0,0,3,0,0,False,0,0,1,0,False,False,False,False,0,0,60,1018,15.983333333333333,15.7591155279166,68,18.442307692307693,15.530879242952459,0.842133181056859,0.13333333333333333,2,0,34,False,2,0,0.0,0.0,0,7,1.0,6,1.5,1.625,9,21,18,82,30,100,490.69,17.57,8622.11,0.1636,94.22,396,0,0.0,0.0,0.8666666666666667,DADtQLKo.cpp,C:\Users\ad\Downloads\codepython\project\fraud_detection_system\dataset_CPP\human\DADtQLKo.cpp,0,1018
3,1.6428571428571428,0,0,0,0,0,0,0,0,0,0,0,0,0,0,0,0,0,0,0,0,4,0,0,0.0,0,0,0,0,0.0,0,0,4,False,0,0,0.0,6,6,0,0,1.0,0.0,11,1,0.09090909090909091,14,0.5,0,17,5.373626373626373,0,5,0,0,1.0,True,1.0,12,0.0,0.08333333333333333,23.75,7.46240577829965,0,6,12,0.13793103448275862,6,11,0,0,0,0,0,False,0,0,0,0,0,5,0,0,False,0,0,0,0,False,False,False,False,0,2,118,1990,15.872881355932204,14.387227510073007,67,21.35632183908046,12.890321604554067,0.603583412053931,0.2627118644067797,1,0,64,False,2,48,0.75,0.2288135593220339,13,0,1.0,7,1.1666666666666667,1.6428571428571428,6,36,33,123,42,156,841.2,10.25,8622.32,0.2804,89.23,613,0,0.0,0.0,0.7372881355932204,Circular_Linked_List.cpp,C:\Users\ad\Downloads\codepython\project\fraud_detection_system\dataset_CPP\human\Circular_Linked_List.cpp,0,1990
3,1.8666666666666667,0,0,0,0,0,4,0,0,0,0,0,0,0,0,0,0,0,0,0,0,4,0,0,0.0,0,0,0,0,0.0,0,0,3,False,0,0,0.0,16,16,0,0,1.0,0.0,15,14,0.9333333333333333,18,0.5,53,11,3.352272727272727,0,0,0,0,1.0,True,0.0,1,0.0,1.0,85.0,0.0,0,0,4,0.05333333333333334,5,0,0,0,0,0,0,False,0,0,0,0,0,3,0,0,False,0,0,1,0,False,False,False,False,0,0,83,1450,16.481927710843372,16.603353882253813,68,18.24,16.522986009395115,0.905865461041399,0.0963855421686747,1,0,54,False,2,0,0.0,0.0,0,13,1.0,9,1.8,1.8666666666666667,10,25,24,107,35,131,671.94,21.4,14379.43,0.224,82.64,527,0,0.0,0.0,0.9036144578313253,DWLNQFdK.cpp,C:\Users\ad\Downloads\codepython\project\fraud_detection_system\dataset_CPP\human\DWLNQFdK.cpp,0,1450
2,1.5,0,0,0,0,0,0,0,0,0,0,0,0,0,0,0,0,0,0,0,0,1,0,0,0.0,1,0,0,0,0.0,0,0,0,False,0,0,0.0,1,1,0,0,1.0,0.0,0,0,0.0,2,0.5,5,6,3.3333333333333335,0,1,1,0,0.5,False,0.0,7,0.42857142857142855,0.8571428571428571,29.857142857142858,23.57618999528714,0,4,10,0.5555555555555556,1,0,0,0,0,0,0,False,0,0,0,0,0,2,0,0,False,0,0,0,0,False,False,False,False,0,0,20,483,23.2,20.12858663692014,56,25.77777777777778,19.5889865756687,0.759917582676803,0.1,1,0,13,False,2,0,0.0,0.0,0,2,1.0,1,1.0,1.5,3,9,5,16,12,21,75.28,2.67,200.76,0.0251,100.0,94,0,0.0,0.0,0.9,DSGelni9.cpp,C:\Users\ad\Downloads\codepython\project\fraud_detection_system\dataset_CPP\human\DSGelni9.cpp,0,483
4,2.1666666666666665,0,0,0,0,0,6,0,0,0,0,0,0,0,0,0,0,0,0,0,0,4,0,0,0.0,0,0,0,0,0.0,0,0,3,False,0,0,0.0,32,32,0,0,1.0,0.0,25,23,0.92,20,0.5,66,11,3.259259259259259,0,0,4,0,1.0,True,0.0,9,0.0,0.4444444444444444,28.555555555555557,33.80700489908731,0,4,12,0.13186813186813187,5,0,0,0,0,0,0,False,0,0,0,0,0,1,0,0,False,0,0,1,0,False,False,False,False,0,0,108,2212,19.49074074074074,20.494125341799226,109,23.13186813186813,20.35304269782614,0.8798702543953344,0.1574074074074074,1,0,70,False,2,0,0.0,0.0,0,15,1.0,13,2.6,2.1666666666666665,8,29,45,165,37,210,1093.99,22.76,24897.59,0.3647,85.21,778,0,0.0,0.0,0.8425925925925926,D9GqvECF.cpp,C:\Users\ad\Downloads\codepython\project\fraud_detection_system\dataset_CPP\human\D9GqvECF.cpp,0,2212
2,1.75,0,0,0,0,0,0,0,0,0,0,0,0,0,0,0,0,0,0,0,0,2,0,0,0.0,0,0,0,0,0.0,0,0,3,False,0,0,0.0,3,3,0,0,1.0,0.0,3,3,1.0,6,0.5,6,11,3.2962962962962963,0,0,0,0,1.0,True,0.0,0,0.0,0.0,0.0,0.0,0,0,0,0.0,1,0,0,0,0,0,0,False,0,0,0,0,0,1,0,0,False,0,0,0,0,False,False,False,False,0,0,29,466,15.10344827586207,11.229102668071178,36,18.25,9.743587634952538,0.5338952128741117,0.1724137931034483,1,0,19,False,2,11,0.5789473684210527,0.0,3,0,1.0,3,3.0,1.75,3,20,7,37,23,44,199.04,2.78,552.33,0.0663,91.3,197,0,0.0,0.0,0.8275862068965517,DocFile.cpp,C:\Users\ad\Downloads\codepython\project\fraud_detection_system\dataset_CPP\human\DocFile.cpp,0,466
4,1.9166666666666667,0,0,0,0,0,4,0,0,0,0,0,0,0,0,0,0,0,0,0,0,2,0,0,0.0,0,0,0,0,0.0,0,0,3,False,0,0,0.0,13,13,0,0,1.0,0.0,13,13,1.0,14,0.5,57,10,2.271604938271605,0,0,2,0,1.0,True,0.0,1,0.0,1.0,85.0,0.0,0,0,4,0.06349206349206349,5,0,0,0,0,0,0,False,0,0,0,0,0,1,0,0,False,0,0,1,0,False,False,False,False,0,0,70,1141,15.314285714285715,14.56761854951185,68,16.952380952380953,14.447967475473348,0.85226774433972,0.1,1,0,42,False,2,0,0.0,0.014285714285714285,0,11,1.0,7,1.4,1.9166666666666667,9,23,21,96,32,117,585.0,18.78,10987.83,0.195,88.16,467,0,0.0,0.0,0.9,DZnWCGY2.cpp,C:\Users\ad\Downloads\codepython\project\fraud_detection_system\dataset_CPP\human\DZnWCGY2.cpp,0,1141
3,1.8,0,0,0,0,0,3,0,0,0,0,0,0,0,0,0,0,0,0,0,0,2,0,0,0.0,0,0,0,0,0.0,0,0,2,False,0,0,0.0,12,12,0,0,1.0,0.0,11,11,1.0,12,0.5,40,9,2.540983606557377,0,0,0,0,1.0,True,0.0,1,0.0,1.0,85.0,0.0,0,0,4,0.07547169811320754,4,0,0,0,0,0,0,False,0,0,0,0,0,3,0,0,False,0,0,1,0,False,False,False,False,0,0,59,980,15.627118644067796,15.387534361673616,68,17.39622641509434,15.25795755594191,0.8770843280530599,0.1016949152542373,1,0,36,False,2,0,0.0,0.0,0,9,1.0,6,1.5,1.8,11,22,17,78,33,95,479.22,19.5,9344.74,0.1597,93.85,386,0,0.0,0.0,0.8983050847457628,DexgB21N.cpp,C:\Users\ad\Downloads\codepython\project\fraud_detection_system\dataset_CPP\human\DexgB21N.cpp,0,980
3,1.6666666666666667,0,0,0,0,0,1,0,0,0,0,0,0,0,0,0,0,0,0,0,0,1,0,0,0.0,0,0,0,0,0.0,0,0,5,False,0,0,0.0,5,5,0,0,1.0,0.0,1,1,1.0,8,0.5,13,9,3.4375,0,0,0,0,1.0,True,0.0,3,0.0,0.3333333333333333,38.666666666666664,32.78549814916481,1,2,6,0.15,3,0,0,0,0,0,0,False,0,0,0,0,0,2,0,0,False,0,0,0,0,False,False,False,False,0,0,45,719,15.0,13.936363306911248,56,16.875,13.669651604923953,0.8100534284399379,0.1111111111111111,2,0,24,False,2,0,0.0,0.0,0,6,1.0,3,1.0,1.6666666666666667,7,19,8,42,26,50,235.02,7.74,1818.33,0.0783,100.0,236,0,0.0,0.0,0.8888888888888888,Doo1r1qK.cpp,C:\Users\ad\Downloads\codepython\project\fraud_detection_system\dataset_CPP\human\Doo1r1qK.cpp,0,719
3,2.0,0,0,0,0,0,8,0,0,0,0,0,0,0,0,0,0,0,0,0,0,2,0,0,0.0,0,0,0,0,0.0,0,0,3,False,0,0,0.0,26,26,0,0,1.0,0.0,20,18,0.9,24,0.5,73,13,3.2446043165467624,0,0,3,0,1.0,True,0.0,15,0.0,0.26666666666666666,39.93333333333333,22.44836049445235,0,9,18,0.2,4,0,0,0,0,0,0,False,0,0,0,0,0,1,0,0,False,0,0,1,0,False,False,False,False,0,0,100,2455,23.56,23.560696084793424,109,26.177777777777777,23.414894489418852,0.8944569202239799,0.1,1,0,72,False,2,0,0.0,0.06,0,13,1.0,12,3.0,2.0,9,27,44,172,36,216,1116.7,28.67,32012.18,0.3722,90.78,786,0,0.0,0.0,0.9,DjXtwkxP.cpp,C:\Users\ad\Downloads\codepython\project\fraud_detection_system\dataset_CPP\human\DjXtwkxP.cpp,0,2455
4,2.1666666666666665,0,0,0,0,0,6,0,0,0,0,0,0,0,0,0,0,0,0,0,0,4,0,0,0.0,0,0,0,0,0.0,0,0,3,False,0,0,0.0,32,32,0,0,1.0,0.0,25,23,0.92,20,0.5,66,11,3.259259259259259,0,0,4,0,1.0,True,0.0,4,0.0,1.0,51.5,40.26474885057648,0,2,7,0.07865168539325842,5,0,0,0,0,0,0,False,0,0,0,0,0,1,0,0,False,0,0,1,0,False,False,False,False,0,0,102,2131,19.901960784313726,20.708296056582974,109,22.808988764044944,20.619548052727787,0.9040097422131886,0.12745098039215685,1,0,68,False,2,0,0.0,0.0,0,15,1.0,13,2.6,2.1666666666666665,8,29,45,165,37,210,1093.99,22.76,24897.59,0.3647,79.95,773,0,0.0,0.0,0.8725490196078431,DWas7C9q.cpp,C:\Users\ad\Downloads\codepython\project\fraud_detection_system\dataset_CPP\human\DWas7C9q.cpp,0,2131
3,1.6666666666666667,0,0,0,0,0,3,0,0,0,0,0,0,0,0,0,0,0,0,0,0,1,0,0,0.0,0,0,0,0,0.0,0,0,3,False,0,0,0.0,9,9,0,0,1.0,0.0,11,11,1.0,14,0.5,38,9,2.435483870967742,0,0,1,0,1.0,True,0.0,1,0.0,1.0,85.0,0.0,0,0,4,0.07692307692307693,4,0,0,0,0,0,0,False,0,0,0,0,0,2,0,0,False,0,0,1,0,False,False,False,False,0,0,58,960,15.568965517241379,15.413957030679642,68,17.365384615384617,15.290807754175315,0.8805337798639162,0.10344827586206896,1,0,34,False,2,0,0.0,0.0,0,8,1.0,5,1.25,1.6666666666666667,7,19,15,76,26,91,427.74,14.0,5988.36,0.1426,95.16,375,0,0.0,0.0,0.896551724137931,DvXMdvYr.cpp,C:\Users\ad\Downloads\codepython\project\fraud_detection_system\dataset_CPP\human\DvXMdvYr.cpp,0,960
3,1.6666666666666667,0,0,0,0,0,1,0,0,0,0,0,0,0,0,0,0,0,0,0,0,1,0,0,0.0,0,0,0,0,0.0,0,0,5,False,0,0,0.0,5,5,0,0,1.0,0.0,1,1,1.0,8,0.5,13,9,3.4375,0,0,0,0,1.0,True,0.0,3,0.0,0.3333333333333333,38.666666666666664,32.78549814916481,1,2,6,0.15,3,0,0,0,0,0,0,False,0,0,0,0,0,2,0,0,False,0,0,0,0,False,False,False,False,0,0,45,719,15.0,13.936363306911248,56,16.875,13.669651604923953,0.8100534284399379,0.1111111111111111,2,0,24,False,2,0,0.0,0.0,0,6,1.0,3,1.0,1.6666666666666667,7,19,8,42,26,50,235.02,7.74,1818.33,0.0783,100.0,236,0,0.0,0.0,0.8888888888888888,DjuO6LqN.cpp,C:\Users\ad\Downloads\codepython\project\fraud_detection_system\dataset_CPP\human\DjuO6LqN.cpp,0,719
3,1.8,0,0,0,0,0,3,0,0,0,0,0,0,0,0,0,0,0,0,0,0,2,0,0,0.0,0,0,0,0,0.0,0,0,3,False,0,0,0.0,10,10,0,0,1.0,0.0,11,11,1.0,16,0.5,44,9,2.8857142857142857,0,0,1,0,1.0,True,0.0,1,0.0,1.0,85.0,0.0,0,0,4,0.07017543859649122,4,0,0,0,0,0,0,False,0,0,0,0,0,1,0,0,False,0,0,1,0,False,False,False,False,0,0,64,1097,16.15625,15.79875267030597,68,18.140350877192983,15.62885163361842,0.8615517825108799,0.109375,1,0,39,False,2,0,0.0,0.0,0,9,1.0,6,1.5,1.8,7,22,17,86,29,103,500.37,13.68,6846.0,0.1668,91.75,423,0,0.0,0.0,0.890625,DukiPGMo.cpp,C:\Users\ad\Downloads\codepython\project\fraud_detection_system\dataset_CPP\human\DukiPGMo.cpp,0,1097
0,0.0,0,0,0,0,0,0,0,0,0,0,0,0,0,0,0,0,0,0,0,0,0,0,0,0.0,0,0,0,0,0.0,0,0,1,False,1,1,1.0,0,0,0,0,0.0,0.0,0,0,0.0,0,0.0,0,10,7.5,0,3,5,0,0.625,False,0.0,1,0.0,1.0,85.0,0.0,0,0,4,0.15384615384615385,0,7,0,0,0,0,0,False,0,0,0,0,0,0,0,0,True,0,0,0,0,False,False,False,False,1,0,29,448,14.482758620689655,12.904478478567237,56,16.153846153846153,12.59942705563144,0.7799645320152796,0.10344827586206896,1,0,10,False,2,0,0.0,0.0,0,0,1.0,0,0.0,0.0,0,18,0,24,18,24,100.08,0.0,0.0,0.0,100.0,102,0,0.0,0.0,0.896551724137931,E9Gq10NX.cpp,C:\Users\ad\Downloads\codepython\project\fraud_detection_system\dataset_CPP\human\E9Gq10NX.cpp,0,448
1,1.0,0,0,0,0,0,0,0,0,0,0,0,0,0,0,0,0,0,0,0,0,0,0,0,0.0,0,0,0,0,0.0,0,0,3,False,0,0,0.0,2,0,1,1,0.0,0.5,6,5,0.8333333333333334,6,0.5,13,5,2.5238095238095237,0,0,0,0,1.0,True,0.0,1,0.0,1.0,85.0,0.0,0,0,4,0.19047619047619047,1,0,0,0,0,0,0,False,0,0,0,0,0,1,0,0,False,0,0,0,0,False,False,False,False,0,0,26,404,14.576923076923077,14.665955021286221,56,18.047619047619047,14.271103639626842,0.7907471673671865,0.19230769230769232,1,0,13,False,2,1,0.07692307692307693,0.0,0,1,1.0,0,0.0,1.0,3,14,6,29,17,35,143.06,3.11,444.51,0.0477,100.0,138,0,0.0,0.0,0.8076923076923077,EFqeeDzA.cpp,C:\Users\ad\Downloads\codepython\project\fraud_detection_system\dataset_CPP\human\EFqeeDzA.cpp,0,404
3,2.125,0,0,0,0,0,5,0,0,0,0,0,0,0,0,0,0,0,0,0,0,4,0,0,0.0,0,0,0,0,0.0,0,0,3,False,0,0,0.0,27,27,0,0,1.0,0.0,21,19,0.9047619047619048,22,0.5,45,11,3.3513513513513513,0,0,3,0,1.0,True,0.0,4,0.0,1.0,51.5,40.26474885057648,0,2,7,0.08536585365853659,4,0,0,0,0,0,0,False,0,0,0,0,0,2,0,0,False,0,0,1,0,False,False,False,False,0,0,94,1973,20.0,20.56748104644185,109,22.926829268292682,20.440741530989147,0.891564258266548,0.1276595744680851,1,0,64,False,2,0,0.0,0.0,0,13,1.0,12,3.0,2.125,9,29,37,142,38,179,939.38,22.03,20698.73,0.3131,83.12,678,0,0.0,0.0,0.8723404255319149,ECajvsNN.cpp,C:\Users\ad\Downloads\codepython\project\fraud_detection_system\dataset_CPP\human\ECajvsNN.cpp,0,1973
5,2.1538461538461537,0,0,0,0,0,4,0,0,0,0,0,0,0,0,0,0,0,0,0,0,3,0,0,0.0,0,0,0,0,0.0,0,0,3,False,0,0,0.0,26,26,0,0,1.0,0.0,13,13,1.0,14,0.5,67,10,3.0549450549450547,0,0,2,0,1.0,True,0.0,1,0.0,1.0,85.0,0.0,0,0,4,0.06060606060606061,5,0,0,0,0,0,0,False,0,0,0,0,0,1,0,0,False,0,0,1,0,False,False,False,False,0,0,73,1425,18.534246575342465,22.07030000341116,105,20.5,22.326265276846488,1.0890861110656824,0.0958904109589041,1,0,45,False,2,0,0.0,0.0,0,12,1.0,8,1.6,2.1538461538461537,13,24,34,115,37,149,776.21,31.15,24175.66,0.2587,85.29,551,0,0.0,0.0,0.9041095890410958,Dp6GVGdm.cpp,C:\Users\ad\Downloads\codepython\project\fraud_detection_system\dataset_CPP\human\Dp6GVGdm.cpp,0,1425
3,2.2,0,0,0,0,0,0,0,0,0,0,0,0,0,0,0,0,0,0,0,0,2,0,0,0.0,0,0,0,0,0.0,0,0,2,False,0,0,0.0,6,6,0,0,1.0,0.0,4,4,1.0,6,0.5,19,4,2.1923076923076925,0,0,0,0,1.0,True,0.0,1,0.0,1.0,85.0,0.0,0,0,4,0.11764705882352941,1,0,0,0,0,0,0,False,0,0,0,0,0,1,0,0,False,0,0,0,0,False,False,False,False,0,0,36,584,15.25,13.596108511874515,56,16.147058823529413,13.462654997613773,0.8337527685225287,0.05555555555555555,1,0,27,False,2,4,0.14814814814814814,0.0,0,4,1.0,4,4.0,2.2,7,14,11,37,21,48,210.83,9.25,1950.19,0.0703,100.0,187,0,0.0,0.0,0.9444444444444444,Eto9SolM.cpp,C:\Users\ad\Downloads\codepython\project\fraud_detection_system\dataset_CPP\human\Eto9SolM.cpp,0,584
2,1.4,0,0,0,0,0,1,0,0,0,0,0,0,0,0,0,0,0,0,0,0,1,0,0,0.0,0,0,0,0,0.0,0,0,2,False,0,0,0.0,7,7,0,0,1.0,0.0,3,3,1.0,12,0.5,29,7,2.9767441860465116,0,2,0,0,1.0,True,1.0,2,0.0,0.5,64.5,20.5,0,0,5,0.11904761904761904,3,0,0,0,0,0,0,False,0,0,0,0,0,4,0,0,False,0,0,0,0,False,False,False,False,0,0,49,744,14.204081632653061,14.881819605439595,56,16.571428571428573,14.803704261567292,0.8933269813014745,0.14285714285714285,2,0,28,False,2,0,0.0,0.0,0,5,1.0,3,1.0,1.4,9,17,16,56,26,72,338.43,14.82,5016.75,0.1128,100.0,256,0,0.0,0.0,0.8571428571428571,EjLDqdEP.cpp,C:\Users\ad\Downloads\codepython\project\fraud_detection_system\dataset_CPP\human\EjLDqdEP.cpp,0,744
3,2.0,0,0,0,0,0,3,0,0,0,0,0,0,0,0,0,0,0,0,0,0,3,0,0,0.0,0,0,0,0,0.0,0,0,3,False,0,0,0.0,17,17,0,0,1.0,0.0,11,11,1.0,16,0.5,53,9,3.1728395061728394,0,0,1,0,1.0,True,0.0,1,0.0,1.0,85.0,0.0,0,0,4,0.06153846153846154,4,0,0,0,0,0,0,False,0,0,0,0,0,1,0,0,False,0,0,1,0,False,False,False,False,0,0,72,1323,17.38888888888889,18.413880298685577,92,19.26153846153846,18.42596572822579,0.9566196264653966,0.09722222222222222,1,0,47,False,2,0,0.0,0.0,0,10,1.0,7,1.75,2.0,10,23,26,102,33,128,645.68,22.17,14317.31,0.2152,86.87,492,0,0.0,0.0,0.9027777777777778,EdOXk4c5.cpp,C:\Users\ad\Downloads\codepython\project\fraud_detection_system\dataset_CPP\human\EdOXk4c5.cpp,0,1323
5,2.3846153846153846,0,0,0,0,0,4,0,0,0,0,0,0,0,0,0,0,0,0,0,0,4,0,0,0.0,0,0,0,0,0.0,0,0,3,False,0,0,0.0,16,16,0,0,1.0,0.0,17,17,1.0,24,0.5,48,13,2.9591836734693877,0,0,1,0,1.0,True,0.0,5,0.0,0.2,60.2,25.055139193387053,0,3,8,0.1111111111111111,4,0,0,0,0,0,0,False,0,0,0,0,0,2,0,0,False,0,0,1,0,False,False,False,False,0,0,81,1823,21.51851851851852,24.337701845871695,116,24.09722222222222,24.620542305056194,1.02171702937409,0.1111111111111111,2,0,54,False,2,0,0.0,0.024691358024691357,0,10,1.0,9,2.25,2.3846153846153846,12,28,29,119,40,148,787.65,25.5,20084.96,0.2625,89.66,554,0,0.0,0.0,0.8888888888888888,EWCCw7ye.cpp,C:\Users\ad\Downloads\codepython\project\fraud_detection_system\dataset_CPP\human\EWCCw7ye.cpp,0,1823
4,2.1666666666666665,0,0,0,0,0,6,0,0,0,0,0,0,0,0,0,0,0,0,0,0,4,0,0,0.0,0,0,0,0,0.0,0,0,3,False,0,0,0.0,32,32,0,0,1.0,0.0,25,23,0.92,20,0.5,66,11,3.259259259259259,0,0,4,0,1.0,True,0.0,5,0.0,1.0,68.4,49.39068738132726,0,2,15,0.15463917525773196,5,0,0,0,0,0,0,False,0,0,0,0,0,1,0,0,False,0,0,1,0,False,False,False,False,0,0,109,2273,19.862385321100916,20.10407229271249,109,22.31958762886598,19.983264333891942,0.8953240833198699,0.11009174311926606,1,0,68,False,2,0,0.0,0.01834862385321101,0,15,1.0,13,2.6,2.1666666666666665,9,29,45,165,38,210,1102.06,25.6,28216.66,0.3674,86.08,774,0,0.0,0.0,0.8899082568807339,Efz3TXYr.cpp,C:\Users\ad\Downloads\codepython\project\fraud_detection_system\dataset_CPP\human\Efz3TXYr.cpp,0,2273
0,0.0,0,0,0,0,0,0,0,0,0,0,0,0,0,0,0,0,0,0,0,0,0,0,0,0.0,0,0,0,0,0.0,0,0,1,False,1,1,1.0,0,0,0,0,0.0,0.0,0,0,0.0,0,0.0,0,5,4.4,0,3,0,0,1.0,True,0.0,1,0.0,1.0,85.0,0.0,0,0,4,0.23529411764705882,0,5,0,0,0,0,0,False,0,0,0,0,0,0,0,0,True,0,0,0,0,False,False,False,False,1,0,20,287,13.4,14.157683426323674,56,15.764705882352942,14.090169337957523,0.8937793983032757,0.15,1,0,5,False,2,0,0.0,0.0,0,0,1.0,0,0.0,0.0,0,9,0,13,9,13,41.21,0.0,0.0,0.0,100.0,60,0,0.0,0.0,0.85,F3hVYROV.cpp,C:\Users\ad\Downloads\codepython\project\fraud_detection_system\dataset_CPP\human\F3hVYROV.cpp,0,287
3,2.0,0,0,0,0,0,2,0,0,0,0,0,0,0,0,0,0,0,0,0,0,0,0,0,0.0,0,0,0,0,0.0,0,0,2,False,0,0,0.0,3,3,0,0,1.0,0.0,5,5,1.0,4,0.5,10,3,2.2142857142857144,0,0,0,0,1.0,True,0.0,1,0.0,1.0,85.0,0.0,0,0,4,0.21052631578947367,1,0,0,0,0,0,0,False,0,0,0,0,0,1,0,0,False,0,0,0,0,False,False,False,False,0,0,22,363,15.545454545454545,16.961794696872232,58,18.0,16.99845194189908,0.9443584412166156,0.13636363636363635,1,0,12,False,2,0,0.0,0.0,0,3,1.0,2,2.0,2.0,3,13,5,23,16,28,112.0,2.65,297.23,0.0373,100.0,109,0,0.0,0.0,0.8636363636363636,Ekld0p1o.cpp,C:\Users\ad\Downloads\codepython\project\fraud_detection_system\dataset_CPP\human\Ekld0p1o.cpp,0,363
3,1.7,0,0,0,0,0,0,0,0,0,0,0,0,0,0,0,0,0,0,0,0,15,0,0,0.0,0,0,0,0,0.0,0,0,3,False,0,0,0.0,78,78,0,0,1.0,0.0,46,46,1.0,100,0.5,306,41,3.970530451866405,0,0,18,0,1.0,True,0.0,7,0.0,0.2857142857142857,87.85714285714286,165.63335462178293,0,1,22,0.09243697478991597,16,4,0,0,0,0,0,False,0,0,0,0,0,13,4,0,False,0,0,0,0,False,False,False,False,0,14,290,6341,20.868965517241378,21.141479141941687,113,25.41176470588235,20.723433642324572,0.8155054905544392,0.1793103448275862,2,0,151,False,2,0,0.0,0.027586206896551724,0,24,1.0,20,1.25,1.7,15,85,256,613,100,869,5773.51,54.09,312279.02,1.9245,55.4,2300,0,0.0,0.0,0.8206896551724138,EdEjXoPN.cpp,C:\Users\ad\Downloads\codepython\project\fraud_detection_system\dataset_CPP\human\EdEjXoPN.cpp,0,6341
3,2.1052631578947367,0,0,0,0,0,5,0,0,0,0,0,0,0,0,0,0,0,0,0,0,5,0,0,0.0,0,0,0,0,0.0,0,0,3,False,0,0,0.0,32,32,0,0,1.0,0.0,30,28,0.9333333333333333,22,0.5,41,14,3.5985915492957745,0,0,4,0,1.0,True,0.0,4,0.0,1.0,51.5,40.26474885057648,0,2,7,0.07216494845360824,5,0,0,0,0,0,0,False,0,0,0,0,0,1,0,0,False,0,0,1,0,False,False,False,False,0,0,114,2350,19.62280701754386,20.681965340998577,109,23.061855670103093,20.576642965550672,0.8922370888057287,0.14912280701754385,1,0,76,False,2,0,0.0,0.0,0,15,1.0,14,2.8,2.1052631578947367,8,32,46,175,40,221,1176.15,21.88,25728.2,0.392,77.12,830,0,0.0,0.0,0.8508771929824561,ESzBOpzp.cpp,C:\Users\ad\Downloads\codepython\project\fraud_detection_system\dataset_CPP\human\ESzBOpzp.cpp,0,2350
2,1.25,0,0,0,0,0,1,0,0,0,0,0,0,0,0,0,0,0,0,0,0,1,0,0,0.0,0,0,0,0,0.0,0,0,3,False,0,0,0.0,3,3,0,0,1.0,0.0,2,2,1.0,4,0.5,13,7,4.875,0,0,2,0,1.0,True,0.0,2,0.0,1.0,166.0,81.0,0,0,10,0.30303030303030304,3,0,0,0,0,0,0,False,0,0,0,0,0,2,0,0,False,0,0,0,0,False,False,False,False,0,0,38,773,19.36842105263158,23.825485086608168,95,22.303030303030305,24.253065846166248,1.0874336588634321,0.13157894736842105,1,0,18,False,2,0,0.0,0.0,0,4,1.0,2,0.6666666666666666,1.25,4,15,5,30,19,35,148.68,4.0,594.71,0.0496,100.0,179,0,0.0,0.0,0.868421052631579,FILkDdum.cpp,C:\Users\ad\Downloads\codepython\project\fraud_detection_system\dataset_CPP\human\FILkDdum.cpp,0,773
3,1.8,0,0,0,0,0,3,0,0,0,0,0,0,0,0,0,0,0,0,0,0,2,0,0,0.0,0,0,0,0,0.0,0,0,3,False,0,0,0.0,11,11,0,0,1.0,0.0,11,11,1.0,14,0.5,44,9,2.169230769230769,0,0,0,0,1.0,True,0.0,1,0.0,1.0,85.0,0.0,0,0,4,0.07272727272727272,4,0,0,0,0,0,0,False,0,0,0,0,0,2,0,0,False,0,0,1,0,False,False,False,False,0,0,62,1015,15.387096774193548,15.134189918013643,68,17.272727272727273,15.048351822109407,0.8712203686484393,0.11290322580645161,1,0,37,False,2,0,0.0,0.016129032258064516,0,9,1.0,6,1.5,1.8,8,21,17,80,29,97,471.22,15.24,7180.56,0.1571,92.98,395,0,0.0,0.0,0.8870967741935484,FJ0bSxDM.cpp,C:\Users\ad\Downloads\codepython\project\fraud_detection_system\dataset_CPP\human\FJ0bSxDM.cpp,0,1015
3,1.5,0,0,0,0,0,0,0,0,0,0,0,0,0,0,0,0,0,0,0,0,6,0,0,0.0,0,0,0,0,0.0,0,0,2,False,0,0,0.0,16,15,1,0,0.9375,0.0625,2,2,1.0,10,0.5,17,11,4.214285714285714,0,2,2,0,0.5,False,1.0,3,0.0,0.0,20.0,13.73559851869101,0,2,3,0.06382978723404255,4,0,0,0,0,0,0,False,0,0,0,0,0,7,0,0,False,0,0,0,0,False,False,False,False,0,0,53,855,15.150943396226415,15.066389216254304,59,17.085106382978722,14.930804637270633,0.8739076188688915,0.11320754716981132,1,33,0,False,2,23,0.696969696969697,0.0,0,6,1.0,7,1.75,1.5,8,23,19,70,31,89,440.92,12.17,5367.76,0.147,94.43,360,0,0.0,0.0,0.8867924528301887,F14ecVIg.cpp,C:\Users\ad\Downloads\codepython\project\fraud_detection_system\dataset_CPP\human\F14ecVIg.cpp,0,855
4,2.25,0,0,0,0,0,9,0,0,0,0,0,0,0,0,0,0,0,0,0,0,4,0,0,0.0,0,0,0,0,0.0,0,0,3,False,0,0,0.0,29,29,0,0,1.0,0.0,21,19,0.9047619047619048,30,0.5,66,13,3.0851063829787235,0,0,4,0,1.0,True,0.0,5,0.0,1.0,68.4,49.39068738132726,0,2,15,0.14423076923076922,5,0,0,0,0,0,0,False,0,0,0,0,0,1,0,0,False,0,0,1,0,False,False,False,False,0,0,117,2331,18.931623931623932,18.759716113121147,109,21.182692307692307,18.70713789268938,0.8831331551700843,0.1111111111111111,3,0,75,False,2,0,0.0,0.042735042735042736,0,18,1.0,15,3.0,2.25,11,30,46,171,41,217,1162.59,31.35,36447.16,0.3875,83.36,800,0,0.0,0.0,0.8888888888888888,F2cORHI1.cpp,C:\Users\ad\Downloads\codepython\project\fraud_detection_system\dataset_CPP\human\F2cORHI1.cpp,0,2331
3,1.6666666666666667,0,0,0,0,0,1,0,0,0,0,0,0,0,0,0,0,0,0,0,0,2,0,0,0.0,0,0,0,0,0.0,0,0,3,False,0,0,0.0,10,10,0,0,1.0,0.0,9,9,1.0,6,0.5,27,7,2.3181818181818183,0,0,0,0,1.0,True,0.0,0,0.0,0.0,0.0,0.0,0,0,0,0.0,3,0,0,0,0,0,0,False,0,0,0,0,0,2,0,0,False,0,0,1,0,False,False,False,False,0,0,41,548,12.390243902439025,12.26312745846111,59,13.72972972972973,12.175848155481097,0.8868235861275602,0.0975609756097561,1,24,0,False,2,16,0.6666666666666666,0.0,0,5,1.0,4,1.3333333333333333,1.6666666666666667,8,17,13,57,25,70,325.07,13.41,4359.76,0.1084,81.51,288,0,0.0,0.0,0.9024390243902439,EuyCfo0c.cpp,C:\Users\ad\Downloads\codepython\project\fraud_detection_system\dataset_CPP\human\EuyCfo0c.cpp,0,548
3,1.75,0,0,0,0,0,4,0,0,0,0,0,0,0,0,0,0,0,0,0,0,2,0,0,0.0,0,0,0,0,0.0,0,0,3,False,0,0,0.0,12,12,0,0,1.0,0.0,15,15,1.0,14,0.5,55,10,2.5,0,0,3,0,1.0,True,0.0,1,0.0,1.0,85.0,0.0,0,0,4,0.0625,5,0,0,0,0,0,0,False,0,0,0,0,0,1,0,0,False,0,0,1,0,False,False,False,False,0,0,71,1160,15.352112676056338,15.266735072108643,68,17.03125,15.16468837258122,0.8904037209588973,0.09859154929577464,1,0,43,False,2,0,0.0,0.0,0,11,1.0,7,1.4,1.75,9,21,21,95,30,116,569.2,20.36,11587.27,0.1897,87.91,469,0,0.0,0.0,0.9014084507042254,FWltNQ8y.cpp,C:\Users\ad\Downloads\codepython\project\fraud_detection_system\dataset_CPP\human\FWltNQ8y.cpp,0,1160
2,1.6,0,0,0,0,0,1,0,0,0,0,0,0,0,0,0,0,0,0,0,0,2,0,0,0.0,0,0,0,0,0.0,0,0,1,False,0,0,0.0,6,4,2,0,0.6666666666666666,0.3333333333333333,1,1,1.0,2,0.5,10,3,4.444444444444445,1,0,0,0,1.0,True,1.0,0,0.0,0.0,0.0,0.0,0,0,0,0.0,2,0,0,0,0,0,0,False,0,0,0,0,0,4,0,0,False,0,0,0,0,False,False,False,False,0,0,27,398,13.777777777777779,15.169006738481553,48,15.5,15.237016330852528,0.9830333116679051,0.1111111111111111,1,0,17,False,2,8,0.47058823529411764,0.0,0,5,1.0,3,1.5,1.6,6,11,8,30,17,38,155.32,8.18,1270.83,0.0518,92.59,155,0,0.0,0.0,0.8888888888888888,Fibonacci.cpp,C:\Users\ad\Downloads\codepython\project\fraud_detection_system\dataset_CPP\human\Fibonacci.cpp,0,398
1,1.0,0,0,0,0,0,0,0,0,0,0,0,0,0,0,0,0,0,0,0,0,1,0,0,0.0,1,0,0,0,0.0,0,0,0,False,0,0,0.0,1,1,0,0,1.0,0.0,0,0,0.0,2,0.0,8,3,2.1818181818181817,0,1,0,0,1.0,True,0.0,1,0.0,1.0,85.0,0.0,0,0,4,0.2857142857142857,1,0,0,0,0,0,0,False,0,0,0,0,0,2,0,0,False,0,0,0,0,False,False,False,False,0,0,17,246,13.529411764705882,14.163406233126532,56,16.428571428571427,13.99854219815297,0.8520851772788766,0.17647058823529413,1,0,9,False,2,0,0.0,0.0,0,1,1.0,1,1.0,1.0,3,7,6,15,10,21,69.76,3.21,224.23,0.0233,100.0,69,0,0.0,0.0,0.8235294117647058,FOa2Szdu.cpp,C:\Users\ad\Downloads\codepython\project\fraud_detection_system\dataset_CPP\human\FOa2Szdu.cpp,0,246
2,1.5,0,0,0,0,0,0,0,0,0,0,0,0,0,0,0,0,0,0,0,0,0,0,0,0.0,0,0,0,0,0.0,0,0,2,False,0,0,0.0,4,4,0,0,1.0,0.0,2,2,1.0,6,0.5,15,4,2.05,0,0,0,0,1.0,True,0.0,1,0.0,1.0,85.0,0.0,0,0,4,0.18181818181818182,1,0,0,0,0,0,0,False,0,0,0,0,0,1,0,0,False,0,0,0,0,False,False,False,False,0,0,24,360,14.041666666666666,12.65727447842632,56,15.318181818181818,12.458609157877952,0.8133216660929227,0.08333333333333333,1,0,15,False,2,0,0.0,0.0,0,2,1.0,1,1.0,1.5,6,12,9,26,18,35,145.95,6.5,948.66,0.0486,100.0,122,0,0.0,0.0,0.9166666666666666,G3H0nNGJ.cpp,C:\Users\ad\Downloads\codepython\project\fraud_detection_system\dataset_CPP\human\G3H0nNGJ.cpp,0,360
3,2.0,0,0,0,0,0,0,0,0,0,0,0,0,0,0,0,0,0,0,0,0,1,0,0,0.0,0,0,0,0,0.0,0,0,3,False,0,0,0.0,5,5,0,0,1.0,0.0,2,2,1.0,8,0.5,20,5,2.142857142857143,0,0,0,0,1.0,True,0.0,1,0.0,1.0,85.0,0.0,0,0,4,0.12121212121212122,1,0,0,0,0,0,0,False,0,0,0,0,0,1,0,0,False,0,0,0,0,False,False,False,False,0,0,37,572,14.486486486486486,13.171676454734067,56,16.242424242424242,12.88416999838527,0.7932418096020781,0.10810810810810811,1,0,25,False,2,0,0.0,0.0,0,3,1.0,3,3.0,2.0,7,15,12,38,22,50,222.97,8.87,1977.01,0.0743,100.0,191,0,0.0,0.0,0.8918918918918919,Fda2t8YX.cpp,C:\Users\ad\Downloads\codepython\project\fraud_detection_system\dataset_CPP\human\Fda2t8YX.cpp,0,572
4,2.0,0,0,0,0,0,4,0,0,0,0,0,0,0,0,0,0,0,0,0,0,4,0,0,0.0,0,0,0,0,0.0,0,0,3,False,0,0,0.0,13,13,0,0,1.0,0.0,16,16,1.0,22,0.5,55,10,2.6511627906976742,0,0,1,0,1.0,True,0.0,1,0.0,1.0,85.0,0.0,0,0,4,0.0547945205479452,4,0,0,0,0,0,0,False,0,0,0,0,0,2,0,0,False,0,0,1,0,False,False,False,False,0,0,82,1357,15.560975609756097,15.820716243673035,73,17.36986301369863,15.84298544001312,0.9120961649218909,0.10975609756097561,3,0,55,False,2,0,0.0,0.036585365853658534,0,12,1.0,9,2.25,2.0,8,25,21,105,33,126,635.59,16.8,10677.97,0.2119,83.6,510,0,0.0,0.0,0.8902439024390244,G12vcUkZ.cpp,C:\Users\ad\Downloads\codepython\project\fraud_detection_system\dataset_CPP\human\G12vcUkZ.cpp,0,1357
4,2.2857142857142856,0,0,0,0,0,7,0,0,0,0,0,0,0,0,0,0,0,0,0,0,7,0,0,0.0,0,0,0,0,0.0,0,0,3,False,0,0,0.0,26,26,0,0,1.0,0.0,19,17,0.8947368421052632,24,0.5,46,13,3.3451327433628317,0,0,4,0,1.0,True,0.0,4,0.0,1.0,51.5,40.26474885057648,0,2,7,0.07142857142857142,5,0,0,0,0,0,0,False,0,0,0,0,0,6,0,0,False,0,0,1,0,False,False,False,False,0,0,109,2123,18.486238532110093,18.77320688802352,109,20.56122448979592,18.690315251886755,0.9090078881810928,0.10091743119266056,1,0,77,False,2,0,0.0,0.0,0,19,1.0,16,3.2,2.2857142857142856,9,30,37,148,39,185,977.8,22.2,21707.15,0.3259,77.36,720,0,0.0,0.0,0.8990825688073395,G5y6B91C.cpp,C:\Users\ad\Downloads\codepython\project\fraud_detection_system\dataset_CPP\human\G5y6B91C.cpp,0,2123
1,1.0,0,0,0,0,0,0,0,0,0,0,0,0,0,0,0,0,0,0,0,0,0,0,0,0.0,0,0,0,0,0.0,0,0,2,False,0,0,0.0,0,0,0,0,0.0,0.0,5,5,1.0,2,0.5,3,13,5.702702702702703,0,0,5,0,1.0,True,0.0,1,0.0,1.0,85.0,0.0,0,0,4,0.10810810810810811,3,2,0,0,0,0,0,False,0,0,0,0,0,1,0,0,False,0,0,0,0,False,False,False,False,0,0,44,767,16.454545454545453,15.4926002064542,56,19.56756756756757,14.983848133709955,0.7657491449547905,0.1590909090909091,1,0,20,False,2,0,0.0,0.0,0,3,1.0,0,0.0,1.0,2,25,8,53,27,61,290.05,2.12,614.9,0.0967,100.0,250,0,0.0,0.0,0.8409090909090909,G83ngTwj.cpp,C:\Users\ad\Downloads\codepython\project\fraud_detection_system\dataset_CPP\human\G83ngTwj.cpp,0,767
4,2.1333333333333333,0,0,0,0,0,6,0,0,0,0,0,0,0,0,0,0,0,0,0,0,3,0,0,0.0,0,0,0,0,0.0,0,0,3,False,0,0,0.0,15,15,0,0,1.0,0.0,11,8,0.7272727272727273,20,0.5,58,9,2.9886363636363638,0,0,3,0,1.0,True,0.0,1,0.0,1.0,85.0,0.0,0,0,4,0.05555555555555555,4,0,0,0,0,0,0,False,0,0,0,0,0,2,0,0,False,0,0,1,0,False,False,False,False,0,0,77,1411,17.337662337662337,15.897080014169054,68,18.541666666666668,15.746196630721126,0.8492330767130495,0.06493506493506493,1,0,54,False,2,0,0.0,0.0,0,13,1.0,10,2.5,2.1333333333333333,8,23,24,109,31,133,658.91,18.96,12490.61,0.2196,83.52,539,0,0.0,0.0,0.935064935064935,GMkRzsfb.cpp,C:\Users\ad\Downloads\codepython\project\fraud_detection_system\dataset_CPP\human\GMkRzsfb.cpp,0,1411
3,2.2857142857142856,0,0,0,0,0,1,0,0,0,0,0,0,0,0,0,0,0,0,0,0,4,0,0,0.0,0,0,0,0,0.0,0,0,2,False,0,0,0.0,14,14,0,0,1.0,0.0,3,3,1.0,10,0.5,31,6,2.1627906976744184,1,0,0,0,1.0,True,0.0,1,0.0,1.0,85.0,0.0,0,0,4,0.09523809523809523,1,0,0,0,0,0,0,False,0,0,0,0,0,3,2,0,False,0,0,0,0,False,False,False,False,0,0,47,935,18.914893617021278,17.96430241225346,74,21.166666666666668,17.705146772117487,0.8364636270291725,0.10638297872340426,1,0,35,False,2,0,0.0,0.0,0,4,1.0,9,9.0,2.2857142857142856,11,15,22,57,26,79,371.33,20.9,7760.9,0.1238,100.0,280,0,0.0,0.0,0.8936170212765957,HJ5B5PcO.cpp,C:\Users\ad\Downloads\codepython\project\fraud_detection_system\dataset_CPP\human\HJ5B5PcO.cpp,0,935
5,2.130434782608696,0,0,0,0,0,9,0,0,0,0,0,0,0,0,0,0,0,0,0,0,5,0,0,0.0,0,0,0,0,0.0,0,0,3,False,0,0,0.0,22,22,0,0,1.0,0.0,23,23,1.0,30,0.5,81,15,3.0428571428571427,0,0,6,0,1.0,True,0.0,1,0.0,1.0,85.0,0.0,0,0,4,0.037383177570093455,8,0,0,0,0,0,0,False,0,0,0,0,0,6,1,0,False,0,0,1,0,False,False,False,False,0,0,116,2069,16.844827586206897,15.892203384633277,68,18.261682242990656,15.745841432064005,0.862233896228684,0.07758620689655173,1,0,77,False,2,0,0.0,0.0,0,22,1.0,16,2.0,2.130434782608696,12,29,40,170,41,210,1125.09,35.17,39571.99,0.375,69.84,803,0,0.0,0.0,0.9224137931034483,GY03wMxp.cpp,C:\Users\ad\Downloads\codepython\project\fraud_detection_system\dataset_CPP\human\GY03wMxp.cpp,0,2069
4,2.0,0,0,0,0,0,5,0,0,0,0,0,0,0,0,0,0,0,0,0,0,1,0,0,0.0,0,0,0,0,0.0,0,0,3,False,0,0,0.0,11,11,0,0,1.0,0.0,11,10,0.9090909090909091,14,0.5,43,9,3.0144927536231885,0,0,2,0,1.0,True,0.0,3,0.0,0.3333333333333333,43.0,30.243456592570013,0,2,6,0.10344827586206896,4,0,0,0,0,0,0,False,0,0,0,0,0,1,0,0,False,0,0,1,0,False,False,False,False,0,0,64,1179,17.4375,17.515060483766536,85,19.24137931034483,17.429968588441422,0.9058585825534072,0.09375,1,0,40,False,2,0,0.0,0.0,0,9,1.0,7,1.75,2.0,7,22,19,85,29,104,505.23,13.52,6832.09,0.1684,95.14,425,0,0.0,0.0,0.90625,HSKM7TTs.cpp,C:\Users\ad\Downloads\codepython\project\fraud_detection_system\dataset_CPP\human\HSKM7TTs.cpp,0,1179
3,1.8461538461538463,0,0,0,0,0,4,0,0,0,0,0,0,0,0,0,0,0,0,0,0,3,0,0,0.0,0,0,0,0,0.0,0,0,3,False,0,0,0.0,12,12,0,0,1.0,0.0,13,13,1.0,14,0.5,51,10,2.8266666666666667,0,0,3,0,1.0,True,0.0,1,0.0,1.0,85.0,0.0,0,0,4,0.06153846153846154,5,0,0,0,0,0,0,False,0,0,0,0,0,3,0,0,False,0,0,1,0,False,False,False,False,0,0,71,1216,16.140845070422536,15.737544392668376,68,17.630769230769232,15.628936900475773,0.886458026641296,0.08450704225352113,1,0,44,False,2,0,0.0,0.0,0,12,1.0,8,1.6,1.8461538461538463,7,23,18,92,30,110,539.76,14.0,7556.61,0.1799,87.57,463,0,0.0,0.0,0.9154929577464789,HehZUjxK.cpp,C:\Users\ad\Downloads\codepython\project\fraud_detection_system\dataset_CPP\human\HehZUjxK.cpp,0,1216
3,1.8,0,0,0,0,0,3,0,0,0,0,0,0,0,0,0,0,0,0,0,0,3,0,0,0.0,0,0,0,0,0.0,0,0,3,False,0,0,0.0,15,15,0,0,1.0,0.0,11,11,1.0,12,0.5,46,10,2.2916666666666665,0,0,1,0,1.0,True,0.0,1,0.0,1.0,85.0,0.0,0,0,4,0.07017543859649122,4,0,0,0,0,0,0,False,0,0,0,0,0,1,0,0,False,0,0,1,0,False,False,False,False,0,0,65,1104,16.0,15.884196306634223,68,18.17543859649123,15.780426257798252,0.868228085612452,0.12307692307692308,2,0,39,False,2,0,0.0,0.03076923076923077,0,9,1.0,7,1.75,1.8,11,22,21,92,33,113,570.02,23.0,13110.38,0.19,90.84,454,0,0.0,0.0,0.8769230769230769,HhPO90j8.cpp,C:\Users\ad\Downloads\codepython\project\fraud_detection_system\dataset_CPP\human\HhPO90j8.cpp,0,1104
2,1.3333333333333333,0,0,0,0,0,0,0,0,0,0,0,0,0,0,0,0,0,0,0,0,1,0,0,0.0,0,0,0,0,0.0,0,0,1,False,0,0,0.0,3,3,0,0,1.0,0.0,2,2,1.0,2,0.5,7,3,4.642857142857143,0,0,0,0,1.0,True,0.0,0,0.0,0.0,0.0,0.0,0,0,0,0.0,2,0,0,0,0,0,0,False,0,0,0,0,0,3,0,0,False,0,0,0,0,False,False,False,False,0,0,19,346,17.263157894736842,18.794854013695396,67,19.058823529411764,19.070983774974188,1.0006380375758062,0.10526315789473684,1,0,10,False,2,4,0.4,0.05263157894736842,0,3,1.0,1,0.5,1.3333333333333333,3,10,3,22,13,25,92.51,3.3,305.29,0.0308,100.0,117,0,0.0,0.0,0.8947368421052632,GiaiThua.cpp,C:\Users\ad\Downloads\codepython\project\fraud_detection_system\dataset_CPP\human\GiaiThua.cpp,0,346
3,2.125,0,0,0,0,0,5,0,0,0,0,0,0,0,0,0,0,0,0,0,0,4,0,0,0.0,0,0,0,0,0.0,0,0,3,False,0,0,0.0,26,26,0,0,1.0,0.0,20,18,0.9,24,0.5,41,12,3.381818181818182,0,0,3,0,1.0,True,0.0,4,0.0,1.0,51.5,40.26474885057648,0,2,7,0.08235294117647059,4,0,0,0,0,0,0,False,0,0,0,0,0,2,0,0,False,0,0,1,0,False,False,False,False,0,0,96,2008,19.927083333333332,20.05110387218258,109,22.50588235294118,19.90070854748748,0.8842447603431446,0.11458333333333333,1,0,67,False,2,0,0.0,0.0,0,13,1.0,12,3.0,2.125,7,30,37,140,37,177,922.07,16.33,15060.53,0.3074,82.27,674,0,0.0,0.0,0.8854166666666666,GwWrSlYg.cpp,C:\Users\ad\Downloads\codepython\project\fraud_detection_system\dataset_CPP\human\GwWrSlYg.cpp,0,2008
2,1.5,0,0,0,0,0,0,0,0,0,0,0,0,0,0,0,0,0,0,0,0,1,0,0,0.0,1,0,0,0,0.0,0,0,0,False,0,0,0.0,1,1,0,0,1.0,0.0,0,0,0.0,2,0.5,5,6,3.3333333333333335,0,1,1,0,0.5,False,0.0,7,0.42857142857142855,0.8571428571428571,29.857142857142858,23.57618999528714,0,4,10,0.5555555555555556,1,0,0,0,0,0,0,False,0,0,0,0,0,2,0,0,False,0,0,0,0,False,False,False,False,0,0,20,487,23.4,20.16531675922796,56,26.0,19.601587237318874,0.7539072014353413,0.1,1,0,13,False,2,0,0.0,0.0,0,2,1.0,1,1.0,1.5,3,10,5,17,13,22,81.41,2.55,207.59,0.0271,100.0,94,0,0.0,0.0,0.9,HUWGX0lF.cpp,C:\Users\ad\Downloads\codepython\project\fraud_detection_system\dataset_CPP\human\HUWGX0lF.cpp,0,487
3,1.6666666666666667,0,0,0,0,0,1,0,0,0,0,0,0,0,0,0,0,0,0,0,0,5,0,0,0.0,0,0,0,0,0.0,0,0,4,False,0,0,0.0,12,11,1,0,0.9166666666666666,0.08333333333333333,14,11,0.7857142857142857,20,0.3,7,16,5.809523809523809,0,5,0,0,1.0,True,1.0,13,0.0,0.0,32.07692307692308,19.420296830740845,0,11,13,0.12871287128712872,6,13,0,0,0,0,0,False,0,0,0,0,0,5,0,0,False,0,0,1,0,False,False,False,False,0,3,138,2775,19.115942028985508,18.668765072440458,80,25.861386138613863,17.497399921680184,0.6765839939087667,0.26811594202898553,1,0,79,False,2,58,0.7341772151898734,0.2608695652173913,13,0,1.0,9,1.5,1.6666666666666667,9,43,41,171,52,212,1208.49,17.9,21626.41,0.4028,83.64,826,0,0.0,0.0,0.7318840579710145,Hask_table.cpp,C:\Users\ad\Downloads\codepython\project\fraud_detection_system\dataset_CPP\human\Hask_table.cpp,0,2775
1,1.0,0,0,0,0,0,0,0,0,0,0,0,0,0,0,0,0,0,0,0,0,0,0,0,0.0,0,0,0,0,0.0,0,0,1,False,1,1,1.0,4,4,0,0,1.0,0.0,0,0,0.0,2,0.5,0,12,6.75,0,3,0,0,1.0,True,1.0,3,0.0,0.0,24.333333333333332,6.79869268479038,0,1,3,0.08333333333333333,4,2,0,0,0,0,0,False,0,0,0,0,0,2,0,0,True,0,0,0,0,False,False,False,False,1,0,43,663,14.44186046511628,13.582311214738764,63,17.194444444444443,13.182099488077771,0.7666487585957994,0.16279069767441862,1,0,23,False,2,12,0.5217391304347826,0.11627906976744186,0,4,1.0,0,0.0,1.0,4,18,9,32,22,41,182.84,3.56,650.09,0.0609,100.0,167,0,0.0,0.0,0.8372093023255814,Hinh_chu_nhat.cpp,C:\Users\ad\Downloads\codepython\project\fraud_detection_system\dataset_CPP\human\Hinh_chu_nhat.cpp,0,663
3,1.8888888888888888,0,0,0,0,0,5,0,0,0,0,0,0,0,0,0,0,0,0,0,0,5,0,0,0.0,0,0,0,0,0.0,0,0,3,False,0,0,0.0,19,19,0,0,1.0,0.0,15,15,1.0,20,0.5,66,12,3.1616161616161618,0,0,5,0,1.0,True,0.0,12,0.0,0.08333333333333333,14.25,22.935144066112457,3,0,15,0.15625,6,0,0,0,0,0,0,False,0,0,0,0,0,4,0,0,False,0,0,1,0,False,False,False,False,0,0,106,1760,15.61320754716981,15.181649023414142,72,17.239583333333332,15.04835593987116,0.8728955711345205,0.09433962264150944,1,0,61,False,2,1,0.01639344262295082,0.0,0,16,1.0,11,1.8333333333333333,1.8888888888888888,10,26,27,123,36,150,775.49,23.65,18343.29,0.2585,88.67,620,0,0.0,0.0,0.9056603773584906,IepN5iKO.cpp,C:\Users\ad\Downloads\codepython\project\fraud_detection_system\dataset_CPP\human\IepN5iKO.cpp,0,1760
1,1.0,0,0,0,0,0,0,0,0,0,0,0,0,0,0,0,0,0,0,0,0,1,0,0,0.0,0,0,0,0,0.0,0,0,2,False,0,0,0.0,11,11,0,0,1.0,0.0,2,2,1.0,6,0.5,11,6,3.375,0,0,0,0,1.0,True,0.0,1,0.0,1.0,85.0,0.0,0,0,4,0.16,2,0,0,0,0,0,0,False,0,0,0,0,0,2,0,0,False,0,0,0,0,False,False,False,False,0,0,29,467,15.137931034482758,14.402404344129334,56,17.56,14.07431703493992,0.8014986921947563,0.13793103448275862,1,0,15,False,2,0,0.0,0.0,0,2,1.0,1,0.5,1.0,6,16,14,35,22,49,218.51,6.56,1433.99,0.0728,100.0,160,0,0.0,0.0,0.8620689655172413,IWaP5vb1.cpp,C:\Users\ad\Downloads\codepython\project\fraud_detection_system\dataset_CPP\human\IWaP5vb1.cpp,0,467
4,2.0833333333333335,0,0,0,0,0,4,0,0,0,0,0,0,0,0,0,0,0,0,0,0,3,0,0,0.0,0,0,0,0,0.0,0,0,3,False,0,0,0.0,13,13,0,0,1.0,0.0,11,11,1.0,18,0.5,45,10,2.835616438356164,0,0,1,0,1.0,True,0.0,1,0.0,1.0,85.0,0.0,0,0,4,0.0625,4,0,0,0,0,0,0,False,0,0,0,0,0,2,0,0,False,0,0,1,0,False,False,False,False,0,0,70,1234,16.642857142857142,15.779766170896298,68,18.203125,15.61867840869947,0.8580218181603142,0.08571428571428572,1,0,46,False,2,0,0.0,0.0,0,11,1.0,8,2.0,2.0833333333333335,9,22,22,91,31,113,559.82,18.61,10420.36,0.1866,87.77,445,0,0.0,0.0,0.9142857142857143,Ha3uPqsx.cpp,C:\Users\ad\Downloads\codepython\project\fraud_detection_system\dataset_CPP\human\Ha3uPqsx.cpp,0,1234
3,2.0714285714285716,0,0,0,0,0,6,0,0,0,0,0,0,0,0,0,0,0,0,0,0,2,0,0,0.0,0,0,0,0,0.0,0,0,3,False,0,0,0.0,19,19,0,0,1.0,0.0,19,17,0.8947368421052632,22,0.5,40,12,3.150943396226415,0,0,3,0,1.0,True,0.0,4,0.0,1.0,51.5,40.26474885057648,0,2,7,0.0958904109589041,4,0,0,0,0,0,0,False,0,0,0,0,0,2,1,0,False,0,0,1,0,False,False,False,False,0,0,82,1737,20.195121951219512,20.284824932596866,109,22.684931506849313,20.142558170521514,0.8879267792560813,0.10975609756097561,1,0,55,False,2,0,0.0,0.14634146341463414,0,12,1.0,11,2.75,2.0714285714285716,8,26,31,130,34,161,819.08,20.0,16381.63,0.273,87.16,617,0,0.0,0.0,0.8902439024390244,HshJSyLt.cpp,C:\Users\ad\Downloads\codepython\project\fraud_detection_system\dataset_CPP\human\HshJSyLt.cpp,0,1737
5,2.526315789473684,0,0,0,0,0,9,0,0,0,0,0,0,0,0,0,0,0,0,0,0,3,0,0,0.0,0,0,0,0,0.0,0,0,3,False,0,0,0.0,24,24,0,0,1.0,0.0,20,18,0.9,30,0.5,50,14,3.13953488372093,0,0,3,0,1.0,True,0.0,4,0.0,1.0,51.5,40.26474885057648,0,2,7,0.07692307692307693,4,0,0,0,0,0,0,False,0,0,0,0,0,1,1,0,False,0,0,1,0,False,False,False,False,0,0,102,2178,20.362745098039216,19.566773164532773,109,22.824175824175825,19.312123053880093,0.8461257572956612,0.10784313725490197,2,0,73,False,2,0,0.0,0.00980392156862745,0,16,1.0,16,4.0,2.526315789473684,10,29,41,158,39,199,1051.8,27.24,28652.35,0.3506,78.89,745,0,0.0,0.0,0.8921568627450981,HsmpgDtQ.cpp,C:\Users\ad\Downloads\codepython\project\fraud_detection_system\dataset_CPP\human\HsmpgDtQ.cpp,0,2178
6,2.8823529411764706,0,0,0,0,0,8,0,0,0,0,0,0,0,0,0,0,0,0,0,0,4,0,0,0.0,0,0,0,0,0.0,0,0,3,False,0,0,0.0,26,26,0,0,1.0,0.0,17,14,0.8235294117647058,26,0.5,92,12,2.3582089552238807,0,0,4,0,1.0,True,0.0,3,0.0,0.6666666666666666,40.333333333333336,32.622419012424906,0,2,6,0.07317073170731707,4,0,0,0,0,0,0,False,0,0,0,0,0,1,0,0,False,0,0,1,0,False,False,False,False,0,0,88,1930,20.943181818181817,18.14735014123991,73,22.426829268292682,17.915812941675146,0.7988562594982936,0.06818181818181818,1,0,64,False,2,0,0.0,0.011363636363636364,0,15,1.0,13,3.25,2.8823529411764706,10,27,43,162,37,205,1067.94,30.0,32038.14,0.356,80.7,744,0,0.0,0.0,0.9318181818181818,HnPSBZlm.cpp,C:\Users\ad\Downloads\codepython\project\fraud_detection_system\dataset_CPP\human\HnPSBZlm.cpp,0,1930
5,2.2941176470588234,0,0,0,0,0,6,0,0,0,0,0,0,0,0,0,0,0,0,0,0,4,0,0,0.0,0,0,0,0,0.0,0,0,3,False,0,0,0.0,36,36,0,0,1.0,0.0,22,20,0.9090909090909091,24,0.5,65,12,3.0774647887323945,0,0,3,0,1.0,True,0.0,6,0.0,0.8333333333333334,84.16666666666667,57.23465345012195,0,2,23,0.22772277227722773,5,0,0,0,0,0,0,False,0,0,0,0,0,1,0,0,False,0,0,1,0,False,False,False,False,0,0,114,2394,20.00877192982456,20.50352798655276,109,22.584158415841586,20.40445851430597,0.903485449340159,0.11403508771929824,3,0,72,False,2,0,0.0,0.017543859649122806,0,17,1.0,12,2.4,2.2941176470588234,12,29,48,166,41,214,1146.52,34.34,39376.9,0.3822,90.53,758,0,0.0,0.0,0.8859649122807017,IYIWzyei.cpp,C:\Users\ad\Downloads\codepython\project\fraud_detection_system\dataset_CPP\human\IYIWzyei.cpp,0,2394
3,1.6923076923076923,0,0,0,0,0,4,0,0,0,0,0,0,0,0,0,0,0,0,0,0,2,0,0,0.0,0,0,0,0,0.0,0,0,3,False,0,0,0.0,13,13,0,0,1.0,0.0,15,15,1.0,14,0.5,58,12,3.045977011494253,0,0,4,0,1.0,True,0.0,1,0.0,1.0,85.0,0.0,0,0,4,0.058823529411764705,6,0,0,0,0,0,0,False,0,0,0,0,0,2,0,0,False,0,0,1,0,False,False,False,False,0,0,76,1294,16.039473684210527,16.47601190045832,68,17.926470588235293,16.418529862243158,0.9158818955147947,0.10526315789473684,1,0,44,False,2,0,0.0,0.0,0,12,1.0,7,1.1666666666666667,1.6923076923076923,10,23,22,102,33,124,625.5,22.17,13869.89,0.2085,85.9,519,0,0.0,0.0,0.8947368421052632,IaHC66Hv.cpp,C:\Users\ad\Downloads\codepython\project\fraud_detection_system\dataset_CPP\human\IaHC66Hv.cpp,0,1294
2,1.6,0,0,0,0,0,0,0,0,0,0,0,0,0,0,0,0,0,0,0,0,4,0,0,0.0,0,0,0,0,0.0,0,0,2,False,0,0,0.0,4,4,0,0,1.0,0.0,9,9,1.0,12,0.3333333333333333,0,13,4.142857142857143,0,2,0,0,1.0,True,1.0,1,0.0,1.0,85.0,0.0,0,0,4,0.0975609756097561,2,0,0,0,0,0,0,False,0,0,0,0,0,3,0,0,False,0,0,0,0,False,False,False,True,1,0,43,801,17.651162790697676,14.396194136807893,56,18.51219512195122,14.192271945897797,0.7666444661156913,0.046511627906976744,1,0,31,False,2,0,0.0,0.0,0,5,1.0,5,2.5,1.6,6,22,12,56,28,68,326.9,7.64,2496.33,0.109,100.0,274,0,0.0,0.0,0.9534883720930233,IhhT6ZIt.cpp,C:\Users\ad\Downloads\codepython\project\fraud_detection_system\dataset_CPP\human\IhhT6ZIt.cpp,0,801
3,1.8461538461538463,0,0,0,0,0,3,0,0,0,0,0,0,0,0,0,0,0,0,0,0,4,0,0,0.0,0,0,0,0,0.0,0,0,2,False,0,0,0.0,16,16,0,0,1.0,0.0,11,11,1.0,16,0.5,52,10,3.1866666666666665,0,0,0,0,1.0,True,0.0,1,0.0,1.0,85.0,0.0,0,0,4,0.05714285714285714,5,0,0,0,0,0,0,False,0,0,0,0,0,5,0,0,False,0,0,1,0,False,False,False,False,0,0,77,1278,15.61038961038961,15.62644764756117,68,17.17142857142857,15.549893365340782,0.9055678332561188,0.09090909090909091,1,0,50,False,2,0,0.0,0.0,0,12,1.0,9,1.8,1.8461538461538463,13,25,23,96,38,119,624.5,24.96,15587.6,0.2082,84.73,470,0,0.0,0.0,0.9090909090909091,ItmC4ON3.cpp,C:\Users\ad\Downloads\codepython\project\fraud_detection_system\dataset_CPP\human\ItmC4ON3.cpp,0,1278
2,1.5,0,0,0,0,0,0,0,0,0,0,0,0,0,0,0,0,0,0,0,0,0,0,0,0.0,0,0,0,0,0.0,0,0,2,False,0,0,0.0,0,0,0,0,0.0,0.0,1,1,1.0,2,0.5,0,5,5.363636363636363,0,0,0,0,1.0,True,0.0,1,0.0,1.0,85.0,0.0,0,0,4,0.10810810810810811,1,0,0,0,0,0,0,False,0,0,0,0,0,1,0,0,False,0,0,0,0,False,False,False,False,0,0,39,596,14.307692307692308,10.65340645209459,56,15.08108108108108,10.390688082666314,0.6889882778828917,0.05128205128205128,1,0,30,False,2,0,0.0,0.0,0,2,1.0,1,1.0,1.5,1,24,1,30,25,31,143.96,0.62,89.97,0.048,100.0,177,0,0.0,0.0,0.9487179487179487,JHYZQPJ1.cpp,C:\Users\ad\Downloads\codepython\project\fraud_detection_system\dataset_CPP\human\JHYZQPJ1.cpp,0,596
3,1.75,0,0,0,0,0,3,0,0,0,0,0,0,0,0,0,0,0,0,0,0,3,0,0,0.0,0,0,0,0,0.0,0,0,3,False,0,0,0.0,12,12,0,0,1.0,0.0,11,11,1.0,12,0.5,42,11,3.3,0,0,2,0,1.0,True,0.0,1,0.0,1.0,85.0,0.0,0,0,4,0.06349206349206349,5,0,0,0,0,0,0,False,0,0,0,0,0,2,0,0,False,0,0,1,0,False,False,False,False,0,0,69,1206,16.492753623188406,15.977904297838707,68,18.063492063492063,15.850364790627646,0.8774806518537274,0.08695652173913043,1,0,42,False,2,0,0.0,0.0,0,11,1.0,7,1.4,1.75,8,23,18,89,31,107,530.1,15.48,8205.01,0.1767,88.68,467,0,0.0,0.0,0.9130434782608695,JIzabPYh.cpp,C:\Users\ad\Downloads\codepython\project\fraud_detection_system\dataset_CPP\human\JIzabPYh.cpp,0,1206
3,2.3333333333333335,0,0,0,0,0,8,0,0,0,0,0,0,0,0,0,0,0,0,0,0,0,0,0,0.0,0,0,0,0,0.0,0,0,2,False,0,0,0.0,30,30,0,0,1.0,0.0,4,4,1.0,6,0.5,56,5,1.9130434782608696,0,0,0,0,1.0,True,0.0,16,0.0,0.3125,15.75,21.73275178158532,6,4,19,0.3064516129032258,1,0,0,0,0,0,0,False,0,0,0,0,0,1,4,0,False,0,0,0,0,False,False,False,False,0,0,73,1255,16.205479452054796,16.866891378381666,83,19.0,16.81589110182351,0.8850469000959742,0.1506849315068493,3,0,44,False,2,0,0.0,0.0273972602739726,0,9,1.0,12,12.0,2.3333333333333335,11,19,55,102,30,157,770.38,29.53,22746.54,0.2568,100.0,455,0,0.0,0.0,0.8493150684931506,JZkmmFgL.cpp,C:\Users\ad\Downloads\codepython\project\fraud_detection_system\dataset_CPP\human\JZkmmFgL.cpp,0,1255
2,1.2,0,0,0,0,0,1,0,0,0,0,0,0,0,0,0,0,0,0,0,0,2,0,0,0.0,0,0,0,0,0.0,0,0,2,False,0,0,0.0,14,14,0,0,1.0,0.0,9,9,1.0,6,0.5,29,7,2.840909090909091,0,3,0,0,1.0,True,1.0,4,0.0,0.25,28.0,32.96209944769902,0,3,7,0.1891891891891892,4,0,0,0,0,0,0,False,0,0,0,0,0,6,0,0,False,0,0,0,0,False,False,False,False,0,0,48,798,15.645833333333334,17.653481223417536,56,19.945945945945947,17.957827392135354,0.9003246795515014,0.22916666666666666,3,0,21,False,2,0,0.0,0.0625,0,2,1.0,3,0.75,1.2,9,21,17,64,30,81,397.46,13.71,5450.85,0.1325,100.0,298,0,0.0,0.0,0.7708333333333334,J1TIr7B9.cpp,C:\Users\ad\Downloads\codepython\project\fraud_detection_system\dataset_CPP\human\J1TIr7B9.cpp,0,798
3,2.0555555555555554,0,0,0,0,0,7,0,0,0,0,0,0,0,0,0,0,0,0,0,0,3,0,0,0.0,0,0,0,0,0.0,0,0,3,False,0,0,0.0,22,22,0,0,1.0,0.0,21,19,0.9047619047619048,28,0.5,53,14,4.17741935483871,0,0,6,0,1.0,True,0.0,5,0.0,1.0,47.4,36.93561966449189,0,3,8,0.08695652173913043,5,0,0,0,0,0,0,False,0,0,0,0,0,2,0,0,False,0,0,1,0,False,False,False,False,0,0,107,2178,19.364485981308412,20.385257878046975,109,22.47826086956522,20.346711229213202,0.9051728399843397,0.14018691588785046,3,0,71,False,2,0,0.0,0.009345794392523364,0,15,1.0,13,2.6,2.0555555555555554,8,31,37,154,39,191,1009.51,19.87,20059.98,0.3365,80.84,729,0,0.0,0.0,0.8598130841121495,Jn37cWLO.cpp,C:\Users\ad\Downloads\codepython\project\fraud_detection_system\dataset_CPP\human\Jn37cWLO.cpp,0,2178
4,2.2222222222222223,0,0,0,0,0,8,0,0,0,0,0,0,0,0,0,0,0,0,0,0,4,0,0,0.0,0,0,0,0,0.0,0,0,3,False,0,0,0.0,24,24,0,0,1.0,0.0,20,18,0.9,26,0.5,47,12,3.2479338842975207,0,0,3,0,1.0,True,0.0,7,0.0,1.0,36.42857142857143,36.00340119987532,0,5,10,0.11363636363636363,4,0,0,0,0,0,0,False,0,0,0,0,0,1,1,0,False,0,0,1,0,False,False,False,False,0,0,98,2056,19.989795918367346,20.010963779561497,109,22.261363636363637,19.88403557801506,0.8932083363273737,0.10204081632653061,1,0,70,False,2,0,0.0,0.02040816326530612,0,16,1.0,15,3.75,2.2222222222222223,10,27,39,149,37,188,979.38,27.59,27023.56,0.3265,84.15,709,0,0.0,0.0,0.8979591836734694,Jo97Zj2F.cpp,C:\Users\ad\Downloads\codepython\project\fraud_detection_system\dataset_CPP\human\Jo97Zj2F.cpp,0,2056
3,2.0,0,0,0,0,0,0,0,0,0,0,0,0,0,0,0,0,0,0,0,0,2,0,0,0.0,0,0,0,0,0.0,0,0,3,False,0,0,0.0,7,7,0,0,1.0,0.0,3,3,1.0,10,0.5,8,10,5.068965517241379,1,0,3,0,0.75,False,0.0,6,0.0,0.8333333333333334,178.0,291.6767617300585,0,4,46,0.6388888888888888,1,0,0,0,0,0,0,False,0,0,0,0,0,1,0,0,False,0,0,0,0,False,False,False,False,0,0,87,1874,20.551724137931036,19.89960931903782,83,24.77777777777778,19.357185159106955,0.7812316880357066,0.1724137931034483,1,0,63,False,2,0,0.0,0.022988505747126436,0,5,1.0,4,4.0,2.0,10,21,11,44,31,55,272.48,10.48,2854.56,0.0908,100.0,245,0,0.0,0.0,0.8275862068965517,Js6x18in.cpp,C:\Users\ad\Downloads\codepython\project\fraud_detection_system\dataset_CPP\human\Js6x18in.cpp,0,1874
3,1.8,0,0,0,0,0,3,0,0,0,0,0,0,0,0,0,0,0,0,0,0,2,0,0,0.0,0,0,0,0,0.0,0,0,3,False,0,0,0.0,10,10,0,0,1.0,0.0,11,11,1.0,10,0.5,40,8,2.4833333333333334,0,0,1,0,1.0,True,0.0,1,0.0,1.0,85.0,0.0,0,0,4,0.07547169811320754,4,0,0,0,0,0,0,False,0,0,0,0,0,1,0,0,False,0,0,1,0,False,False,False,False,0,0,59,976,15.559322033898304,15.149281111142857,68,17.32075471698113,14.999086242489827,0.8659603168322014,0.1016949152542373,1,0,35,False,2,0,0.0,0.0,0,9,1.0,6,1.5,1.8,6,20,15,75,26,90,423.04,11.25,4759.2,0.141,94.5,384,0,0.0,0.0,0.8983050847457628,JxlJv9Bw.cpp,C:\Users\ad\Downloads\codepython\project\fraud_detection_system\dataset_CPP\human\JxlJv9Bw.cpp,0,976
3,1.7692307692307692,0,0,0,0,0,3,0,0,0,0,0,0,0,0,0,0,0,0,0,0,3,0,0,0.0,0,0,0,0,0.0,0,0,3,False,0,0,0.0,15,15,0,0,1.0,0.0,11,11,1.0,20,0.5,43,14,3.3375,0,0,2,0,1.0,True,0.0,1,0.0,1.0,85.0,0.0,0,0,4,0.056338028169014086,5,0,0,0,0,0,0,False,0,0,0,0,0,4,0,0,False,0,0,1,0,False,False,False,False,0,0,78,1299,15.666666666666666,14.600374658581206,68,17.211267605633804,14.408443820300427,0.8371518095264568,0.08974358974358974,1,0,50,False,2,0,0.0,0.0,0,12,1.0,8,1.6,1.7692307692307692,14,26,24,102,40,126,670.56,27.46,18414.69,0.2235,84.24,485,0,0.0,0.0,0.9102564102564102,JyAcWHpy.cpp,C:\Users\ad\Downloads\codepython\project\fraud_detection_system\dataset_CPP\human\JyAcWHpy.cpp,0,1299
2,1.3888888888888888,0,0,0,0,0,0,0,0,0,0,0,0,0,0,0,0,0,0,0,0,9,0,0,0.0,0,0,0,0,0.0,0,0,3,False,0,0,0.0,71,69,2,0,0.971830985915493,0.028169014084507043,29,29,1.0,66,0.5,125,36,5.0359712230215825,0,3,14,0,0.8235294117647058,False,0.0,2,0.0,1.0,52.5,32.5,0,0,5,0.03333333333333333,11,4,0,0,0,0,0,False,0,0,0,0,0,9,4,0,False,0,0,0,0,False,False,False,False,0,10,182,3941,20.65934065934066,22.67191697553362,127,24.986666666666668,22.730298917719683,0.9096971285106596,0.17582417582417584,2,0,93,False,2,0,0.0,0.01098901098901099,0,16,1.0,13,1.1818181818181819,1.3888888888888888,15,70,134,359,85,493,3159.83,38.46,121540.59,1.0533,58.89,1447,0,0.0,0.0,0.8241758241758241,Ju1OzM62.cpp,C:\Users\ad\Downloads\codepython\project\fraud_detection_system\dataset_CPP\human\Ju1OzM62.cpp,0,3941
5,2.789473684210526,0,0,0,0,0,6,0,0,0,0,0,0,0,0,0,0,0,0,0,0,7,0,0,0.0,0,0,0,0,0.0,0,0,3,False,0,0,0.0,26,26,0,0,1.0,0.0,19,17,0.8947368421052632,22,0.5,47,11,3.365217391304348,0,0,3,0,1.0,True,0.0,5,0.0,1.0,47.6,36.8488805800122,0,3,8,0.08695652173913043,4,0,0,0,0,0,0,False,0,0,0,0,0,1,0,0,False,0,0,1,0,False,False,False,False,0,0,101,2299,21.77227722772277,19.902674673788688,109,23.902173913043477,19.594841702883404,0.8197932863416432,0.0891089108910891,1,0,77,False,2,0,0.0,0.1485148514851485,0,17,1.0,15,3.75,2.789473684210526,9,28,40,153,37,193,1005.42,24.59,24722.67,0.3351,80.4,733,0,0.0,0.0,0.9108910891089109,KJab6Z5f.cpp,C:\Users\ad\Downloads\codepython\project\fraud_detection_system\dataset_CPP\human\KJab6Z5f.cpp,0,2299
3,2.1,0,0,0,0,0,6,0,0,0,0,0,0,0,0,0,0,0,0,0,0,6,0,0,0.0,0,0,0,0,0.0,0,0,3,False,0,0,0.0,30,30,0,0,1.0,0.0,21,19,0.9047619047619048,26,0.5,51,13,3.459016393442623,0,0,4,0,1.0,True,0.0,4,0.0,1.0,51.5,40.26474885057648,0,2,7,0.07142857142857142,5,0,0,0,0,0,0,False,0,0,0,0,0,4,0,0,False,0,0,1,0,False,False,False,False,0,0,109,2198,19.174311926605505,19.655213392822294,109,21.3265306122449,19.590593072771952,0.9186019718333259,0.10091743119266056,1,0,77,False,2,0,0.0,0.0,0,17,1.0,15,3.0,2.1,9,31,42,157,40,199,1059.06,22.79,24136.4,0.353,77.17,752,0,0.0,0.0,0.8990825688073395,KOAbAwwu.cpp,C:\Users\ad\Downloads\codepython\project\fraud_detection_system\dataset_CPP\human\KOAbAwwu.cpp,0,2198
2,1.3333333333333333,0,0,0,0,0,1,0,0,0,0,0,0,0,0,0,0,0,0,0,0,3,0,0,0.0,0,0,0,0,0.0,0,0,2,False,0,0,0.0,7,6,1,0,0.8571428571428571,0.14285714285714285,2,2,1.0,10,0.4,16,7,2.5806451612903225,0,0,0,0,1.0,True,0.0,4,0.0,0.5,102.75,59.39012965131496,0,2,28,0.5,2,0,0,0,0,0,0,False,0,0,0,0,0,4,2,0,False,0,0,0,0,False,False,False,False,0,1,63,992,14.761904761904763,13.738734820467286,62,16.571428571428573,13.522279423837036,0.815999620403959,0.1111111111111111,1,0,31,False,2,2,0.06451612903225806,0.06349206349206349,0,4,1.0,7,3.5,1.3333333333333333,11,17,17,50,28,67,322.09,16.18,5210.32,0.1074,100.0,226,0,0.0,0.0,0.8888888888888888,KjloWlzq.cpp,C:\Users\ad\Downloads\codepython\project\fraud_detection_system\dataset_CPP\human\KjloWlzq.cpp,0,992
3,1.8181818181818181,0,0,0,0,0,3,0,0,0,0,0,0,0,0,0,0,0,0,0,0,3,0,0,0.0,0,0,0,0,0.0,0,0,3,False,0,0,0.0,12,11,1,0,0.9166666666666666,0.08333333333333333,11,11,1.0,16,0.5,40,11,2.7971014492753623,0,0,1,0,1.0,True,0.0,1,0.0,1.0,85.0,0.0,0,0,4,0.06451612903225806,4,0,0,0,0,0,0,False,0,0,0,0,0,3,0,0,False,0,0,1,0,False,False,False,False,0,0,68,1165,16.147058823529413,15.349137459845933,68,17.70967741935484,15.189541283793618,0.8576972309610239,0.08823529411764706,1,0,44,False,2,0,0.0,0.0,0,10,1.0,7,1.75,1.8181818181818181,9,22,19,88,31,107,530.1,18.0,9541.78,0.1767,89.08,435,0,0.0,0.0,0.9117647058823529,KUZEoRIT.cpp,C:\Users\ad\Downloads\codepython\project\fraud_detection_system\dataset_CPP\human\KUZEoRIT.cpp,0,1165
3,1.75,0,0,0,0,0,4,0,0,0,0,0,0,0,0,0,0,0,0,0,0,2,0,0,0.0,0,0,0,0,0.0,0,0,3,False,0,0,0.0,12,12,0,0,1.0,0.0,19,19,1.0,16,0.5,61,10,2.715909090909091,0,0,3,0,1.0,True,0.0,1,0.0,1.0,85.0,0.0,0,0,4,0.06060606060606061,5,0,0,0,0,0,0,False,0,0,0,0,0,1,0,0,False,0,0,1,0,False,False,False,False,0,0,74,1259,16.027027027027028,16.223084131231005,71,17.96969696969697,16.130123989237422,0.8976291596034316,0.10810810810810811,1,0,45,False,2,0,0.0,0.0,0,11,1.0,7,1.4,1.75,10,23,22,104,33,126,635.59,22.61,14369.94,0.2119,86.56,509,0,0.0,0.0,0.8918918918918919,KXh9KutE.cpp,C:\Users\ad\Downloads\codepython\project\fraud_detection_system\dataset_CPP\human\KXh9KutE.cpp,0,1259
3,1.7692307692307692,0,0,0,0,0,3,0,0,0,0,0,0,0,0,0,0,0,0,0,0,3,0,0,0.0,0,0,0,0,0.0,0,0,3,False,0,0,0.0,11,11,0,0,1.0,0.0,11,11,1.0,16,0.5,45,11,3.142857142857143,0,0,2,0,1.0,True,0.0,10,0.0,0.3,49.1,71.10618819765268,5,1,15,0.19736842105263158,5,0,0,0,0,0,0,False,0,0,0,0,0,5,0,0,False,0,0,1,0,False,False,False,False,0,0,84,1667,18.857142857142858,22.395334791160476,117,20.789473684210527,22.692634899243412,1.091544463507911,0.09523809523809523,1,0,48,False,2,0,0.0,0.011904761904761904,0,10,1.0,7,1.4,1.7692307692307692,7,25,16,87,32,103,515.0,12.18,6272.7,0.1717,98.52,466,0,0.0,0.0,0.9047619047619048,KvPnae2z.cpp,C:\Users\ad\Downloads\codepython\project\fraud_detection_system\dataset_CPP\human\KvPnae2z.cpp,0,1667
4,2.5,0,0,0,0,0,0,0,0,0,0,0,0,0,0,0,0,0,0,0,0,3,0,0,0.0,0,0,0,0,0.0,0,0,2,False,0,0,0.0,7,7,0,0,1.0,0.0,5,4,0.8,6,0.5,15,5,2.925925925925926,0,0,0,0,1.0,True,0.0,1,0.0,1.0,85.0,0.0,0,0,4,0.10526315789473684,1,0,0,0,0,0,0,False,0,0,0,0,0,1,0,0,False,0,0,0,0,False,False,False,False,0,0,41,709,16.317073170731707,14.862686991402402,62,17.605263157894736,14.685365923230137,0.8341463454151647,0.07317073170731707,1,0,31,False,2,2,0.06451612903225806,0.0,0,5,1.0,5,5.0,2.5,6,16,12,41,22,53,236.35,7.69,1816.94,0.0788,100.0,211,0,0.0,0.0,0.926829268292683,KmQTG9vF.cpp,C:\Users\ad\Downloads\codepython\project\fraud_detection_system\dataset_CPP\human\KmQTG9vF.cpp,0,709
1,1.0,0,0,0,0,0,0,0,0,0,0,0,0,0,0,0,0,0,0,0,0,1,0,0,0.0,0,0,0,0,0.0,0,0,2,False,0,0,0.0,3,2,1,0,0.6666666666666666,0.3333333333333333,3,3,1.0,2,0.5,8,5,3.0625,0,1,0,0,1.0,True,1.0,0,0.0,0.0,0.0,0.0,0,0,0,0.0,2,0,0,0,0,0,0,False,0,0,0,0,0,3,0,0,False,0,0,0,0,False,False,False,False,0,0,20,251,11.6,14.263239463740346,58,14.5,14.568802284333465,1.0047449851264458,0.2,1,8,0,False,2,7,0.875,0.0,0,2,1.0,1,0.5,1.0,4,11,4,23,15,27,105.49,4.18,441.12,0.0352,100.0,121,0,0.0,0.0,0.8,KrIInDbV.cpp,C:\Users\ad\Downloads\codepython\project\fraud_detection_system\dataset_CPP\human\KrIInDbV.cpp,0,251
3,1.8,0,0,0,0,0,3,0,0,0,0,0,0,0,0,0,0,0,0,0,0,2,0,0,0.0,0,0,0,0,0.0,0,0,2,False,0,0,0.0,11,11,0,0,1.0,0.0,11,11,1.0,12,0.5,40,9,2.4754098360655736,0,0,0,0,1.0,True,0.0,1,0.0,1.0,85.0,0.0,0,0,4,0.07547169811320754,4,0,0,0,0,0,0,False,0,0,0,0,0,3,0,0,False,0,0,1,0,False,False,False,False,0,0,59,970,15.457627118644067,15.157167610165642,68,17.20754716981132,15.021190680346285,0.8729420022569662,0.1016949152542373,1,0,36,False,2,0,0.0,0.0,0,9,1.0,6,1.5,1.8,8,21,16,77,29,93,451.79,14.67,6626.29,0.1506,94.16,383,0,0.0,0.0,0.8983050847457628,KvHvXtbS.cpp,C:\Users\ad\Downloads\codepython\project\fraud_detection_system\dataset_CPP\human\KvHvXtbS.cpp,0,970
3,2.0,0,0,0,0,0,0,0,0,0,0,0,0,0,0,0,0,0,0,0,0,1,0,0,0.0,0,0,0,0,0.0,0,0,3,False,0,0,0.0,8,8,0,0,1.0,0.0,3,3,1.0,8,0.5,9,6,4.333333333333333,0,0,0,0,1.0,True,0.0,1,0.0,1.0,85.0,0.0,0,0,4,0.12903225806451613,1,0,0,0,0,0,0,False,0,0,0,0,0,1,0,0,False,0,0,0,0,False,False,False,False,0,0,36,600,15.694444444444445,14.698487156553156,57,18.096774193548388,14.45427682820662,0.7987211794552678,0.1388888888888889,3,0,23,False,2,0,0.0,0.027777777777777776,0,3,1.0,3,3.0,2.0,9,15,13,37,24,50,229.25,11.1,2544.65,0.0764,100.0,179,0,0.0,0.0,0.8611111111111112,LBFS9K1U.cpp,C:\Users\ad\Downloads\codepython\project\fraud_detection_system\dataset_CPP\human\LBFS9K1U.cpp,0,600
3,2.0,0,0,0,0,0,11,0,0,0,0,0,0,0,0,0,0,0,0,0,0,3,0,0,0.0,0,0,0,0,0.0,0,0,3,False,0,0,0.0,35,35,0,0,1.0,0.0,29,27,0.9310344827586207,36,0.5,79,18,3.3636363636363638,0,0,5,0,1.0,True,0.0,9,0.1111111111111111,1.0,46.55555555555556,35.86118641871772,0,4,14,0.12173913043478261,7,0,0,0,0,0,0,False,0,0,0,0,0,1,0,0,False,0,0,1,0,False,False,False,False,0,0,129,2746,20.294573643410853,21.858034941066563,109,22.765217391304347,21.901888119831376,0.9620768272653203,0.10852713178294573,1,0,84,False,2,0,0.0,0.0,0,21,1.0,16,2.2857142857142856,2.0,10,33,54,211,43,265,1437.96,31.97,45971.15,0.4793,78.37,978,0,0.0,0.0,0.8914728682170543,KvkUVZgR.cpp,C:\Users\ad\Downloads\codepython\project\fraud_detection_system\dataset_CPP\human\KvkUVZgR.cpp,0,2746
3,1.9090909090909092,0,0,0,0,0,5,0,0,0,0,0,0,0,0,0,0,0,0,0,0,1,0,0,0.0,0,0,0,0,0.0,0,0,3,False,0,0,0.0,17,17,0,0,1.0,0.0,12,9,0.75,18,0.5,57,9,2.965909090909091,0,0,3,0,1.0,True,0.0,1,0.0,1.0,85.0,0.0,0,0,4,0.06896551724137931,4,0,0,0,0,0,0,False,0,0,0,0,0,2,1,0,False,0,0,1,0,False,False,False,False,0,0,64,1247,18.5,18.245718675897642,68,20.413793103448278,18.118417456544258,0.887557611891526,0.09375,1,0,40,False,2,0,0.0,0.0,0,10,1.0,8,2.0,1.9090909090909092,9,22,27,108,31,135,668.82,22.09,14774.76,0.2229,89.34,508,0,0.0,0.0,0.90625,L128RLPg.cpp,C:\Users\ad\Downloads\codepython\project\fraud_detection_system\dataset_CPP\human\L128RLPg.cpp,0,1247
4,2.0476190476190474,0,0,0,0,0,9,0,0,0,0,0,0,0,0,0,0,0,0,0,0,3,0,0,0.0,0,0,0,0,0.0,0,0,3,False,0,0,0.0,24,24,0,0,1.0,0.0,35,33,0.9428571428571428,28,0.5,76,16,3.3865030674846626,0,0,6,0,1.0,True,0.0,4,0.0,1.0,51.5,40.26474885057648,0,2,7,0.06930693069306931,7,0,0,0,0,0,0,False,0,0,0,0,0,1,0,0,False,0,0,1,0,False,False,False,False,0,0,112,2341,19.910714285714285,20.25531392861978,109,22.07920792079208,20.176293887039183,0.9138142074398913,0.09821428571428571,1,0,74,False,2,0,0.0,0.044642857142857144,0,19,1.0,14,2.0,2.0476190476190474,9,31,39,190,40,229,1218.72,27.58,33613.13,0.4062,75.9,880,0,0.0,0.0,0.9017857142857143,L6wJsUff.cpp,C:\Users\ad\Downloads\codepython\project\fraud_detection_system\dataset_CPP\human\L6wJsUff.cpp,0,2341
4,2.2083333333333335,0,0,0,0,0,9,0,0,0,0,0,0,0,0,0,0,0,0,0,0,7,0,0,0.0,0,0,0,0,0.0,0,0,3,False,0,0,0.0,28,28,0,0,1.0,0.0,23,21,0.9130434782608695,30,0.5,65,14,3.9727891156462585,0,0,6,0,1.0,True,0.0,4,0.0,1.0,51.5,40.26474885057648,0,2,7,0.06363636363636363,6,0,0,0,0,0,0,False,0,0,0,0,0,7,1,0,False,0,0,1,0,False,False,False,False,0,0,124,2501,19.177419354838708,20.141855148524463,109,21.618181818181817,20.113759116215054,0.9304093787988461,0.11290322580645161,2,0,86,False,2,0,0.0,0.12903225806451613,0,22,1.0,19,3.1666666666666665,2.2083333333333335,11,30,44,181,41,225,1205.45,33.18,40000.82,0.4018,72.64,859,0,0.0,0.0,0.8870967741935484,L0OcZAiQ.cpp,C:\Users\ad\Downloads\codepython\project\fraud_detection_system\dataset_CPP\human\L0OcZAiQ.cpp,0,2501
3,1.9333333333333333,0,0,0,0,0,5,0,0,0,0,0,0,0,0,0,0,0,0,0,0,3,0,0,0.0,0,0,0,0,0.0,0,0,3,False,0,0,0.0,17,17,0,0,1.0,0.0,19,18,0.9473684210526315,24,0.5,66,13,2.9223300970873787,0,0,4,0,1.0,True,0.0,4,0.0,1.0,58.25,32.39116391857508,0,0,14,0.16470588235294117,5,0,0,0,0,0,0,False,0,0,0,0,0,2,1,0,False,0,0,1,0,False,False,False,False,0,0,98,1739,16.755102040816325,16.64703272234951,68,19.31764705882353,16.431828343156525,0.850612307654266,0.1326530612244898,2,0,59,False,2,1,0.01694915254237288,0.0,0,14,1.0,11,2.2,1.9333333333333333,12,26,29,130,38,159,834.42,30.0,25032.61,0.2781,90.93,623,0,0.0,0.0,0.8673469387755102,LIPaCq7s.cpp,C:\Users\ad\Downloads\codepython\project\fraud_detection_system\dataset_CPP\human\LIPaCq7s.cpp,0,1739
3,1.8,0,0,0,0,0,3,0,0,0,0,0,0,0,0,0,0,0,0,0,0,2,0,0,0.0,0,0,0,0,0.0,0,0,3,False,0,0,0.0,15,15,0,0,1.0,0.0,11,11,1.0,14,0.5,44,10,2.6857142857142855,0,0,1,0,1.0,True,0.0,1,0.0,1.0,85.0,0.0,0,0,4,0.07272727272727272,4,0,0,0,0,0,0,False,0,0,0,0,0,2,0,0,False,0,0,1,0,False,False,False,False,0,0,61,1125,17.459016393442624,20.3925201414892,117,19.363636363636363,20.59952659329259,1.0638253170245,0.09836065573770492,1,0,37,False,2,0,0.0,0.0,0,9,1.0,6,1.5,1.8,9,21,21,87,30,108,529.94,18.64,9879.67,0.1766,92.37,426,0,0.0,0.0,0.9016393442622951,LHC1yvxC.cpp,C:\Users\ad\Downloads\codepython\project\fraud_detection_system\dataset_CPP\human\LHC1yvxC.cpp,0,1125
3,2.0,0,0,0,0,0,8,0,0,0,0,0,0,0,0,0,0,0,0,0,0,1,0,0,0.0,0,0,0,0,0.0,0,0,3,False,0,0,0.0,21,21,0,0,1.0,0.0,15,12,0.8,28,0.5,82,11,3.532258064516129,0,0,4,0,1.0,True,0.0,2,0.0,0.5,106.5,21.5,0,1,11,0.13414634146341464,5,0,0,0,0,0,0,False,0,0,0,0,0,3,2,0,False,0,0,1,0,False,False,False,False,0,0,90,1908,20.211111111111112,20.81532258508111,82,22.182926829268293,20.779990403986424,0.9367560270076343,0.08888888888888889,1,0,61,False,2,0,0.0,0.0,0,16,1.0,12,2.4,2.0,11,25,37,148,36,185,956.44,32.56,31141.56,0.3188,88.03,685,0,0.0,0.0,0.9111111111111111,LMwvr8t0.cpp,C:\Users\ad\Downloads\codepython\project\fraud_detection_system\dataset_CPP\human\LMwvr8t0.cpp,0,1908
3,2.142857142857143,0,0,0,0,0,0,0,0,0,0,0,0,0,0,0,0,0,0,0,0,3,0,0,0.0,0,0,0,0,0.0,0,0,2,False,0,0,0.0,6,6,0,0,1.0,0.0,2,2,1.0,4,0.5,7,5,3.6666666666666665,0,0,0,0,1.0,True,0.0,1,0.0,1.0,85.0,0.0,0,0,4,0.10256410256410256,1,0,0,0,0,0,0,False,0,0,0,0,0,1,0,0,False,0,0,0,0,False,False,False,False,0,0,44,695,14.818181818181818,14.694267167957229,62,16.615384615384617,14.657833093807467,0.8821843991643382,0.11363636363636363,2,0,32,False,2,0,0.0,0.045454545454545456,0,5,1.0,5,5.0,2.142857142857143,6,17,9,34,23,43,194.51,6.0,1167.08,0.0648,100.0,201,0,0.0,0.0,0.8863636363636364,LYoGM6yI.cpp,C:\Users\ad\Downloads\codepython\project\fraud_detection_system\dataset_CPP\human\LYoGM6yI.cpp,0,695
3,1.8461538461538463,0,0,0,0,0,3,0,0,0,0,0,0,0,0,0,0,0,0,0,0,4,0,0,0.0,0,0,0,0,0.0,0,0,2,False,0,0,0.0,16,16,0,0,1.0,0.0,11,11,1.0,16,0.5,53,10,3.0,0,0,0,0,1.0,True,0.0,1,0.0,1.0,85.0,0.0,0,0,4,0.05714285714285714,5,0,0,0,0,0,0,False,0,0,0,0,0,5,0,0,False,0,0,1,0,False,False,False,False,0,0,78,1266,15.243589743589743,15.119342253903243,68,16.985714285714284,15.00427830143585,0.8833469142981578,0.10256410256410256,1,0,50,False,2,0,0.0,0.0,0,12,1.0,9,1.8,1.8461538461538463,13,25,23,97,38,120,629.75,25.22,15882.33,0.2099,84.68,475,0,0.0,0.0,0.8974358974358975,LPWIBo0K.cpp,C:\Users\ad\Downloads\codepython\project\fraud_detection_system\dataset_CPP\human\LPWIBo0K.cpp,0,1266
3,2.8620689655172415,0,0,0,0,0,0,0,0,0,0,0,0,0,0,0,0,0,0,0,0,27,0,0,0.0,0,0,0,0,0.0,0,0,2,False,0,0,0.0,32,32,0,0,1.0,0.0,1,1,1.0,8,0.5,0,8,4.802816901408451,0,0,0,0,1.0,True,0.0,6,0.0,0.6666666666666666,18.166666666666668,29.95227685650773,0,3,9,0.06766917293233082,1,0,0,0,0,0,0,False,0,0,0,0,0,2,0,0,False,0,0,0,0,False,False,False,False,0,0,139,2531,17.215827338129497,9.978943723695982,56,17.992481203007518,9.491980184797793,0.5275525969820755,0.04316546762589928,2,0,127,False,2,0,0.0,0.0,2,26,0.9285714285714286,27,27.0,2.8620689655172415,8,36,34,136,44,170,928.1,15.11,14024.67,0.3094,69.64,812,0,0.0,0.0,0.9568345323741008,LVGQ1fe9.cpp,C:\Users\ad\Downloads\codepython\project\fraud_detection_system\dataset_CPP\human\LVGQ1fe9.cpp,0,2531
0,0.0,0,0,0,0,0,0,0,0,0,0,0,0,0,0,0,0,0,0,0,0,0,0,0,0.0,0,0,0,0,0.0,0,0,0,False,0,0,0.0,0,0,0,0,0.0,0.0,0,0,0.0,0,0.0,0,4,4.8,0,3,0,0,1.0,True,0.0,1,0.0,1.0,85.0,0.0,0,0,4,0.23529411764705882,0,6,0,0,0,0,0,False,0,0,0,0,0,0,0,0,False,0,0,0,0,False,False,False,False,0,0,19,277,13.631578947368421,14.057066124666308,56,15.235294117647058,14.01482161547177,0.9198917662664869,0.10526315789473684,1,0,7,False,2,0,0.0,0.0,0,0,1.0,0,0.0,0.0,0,8,0,15,8,15,45.0,0.0,0.0,0.0,100.0,62,0,0.0,0.0,0.8947368421052632,MQpV5VRv.cpp,C:\Users\ad\Downloads\codepython\project\fraud_detection_system\dataset_CPP\human\MQpV5VRv.cpp,0,277
1,1.0,0,0,0,0,0,0,0,0,0,0,0,0,0,0,0,0,0,0,0,0,0,0,0,0.0,0,0,0,0,0.0,0,0,2,False,0,0,0.0,0,0,0,0,0.0,0.0,6,6,1.0,8,0.5,20,7,3.7142857142857144,0,0,2,0,1.0,True,0.0,1,0.0,1.0,85.0,0.0,0,0,4,0.1,3,2,0,0,0,0,0,False,0,0,0,0,0,1,0,0,False,0,0,0,0,False,False,False,False,0,2,49,699,13.285714285714286,12.914159291416599,56,16.275,12.475951867492917,0.7665715433175372,0.1836734693877551,1,0,21,False,2,0,0.0,0.0,0,3,1.0,0,0.0,1.0,3,19,12,58,22,70,312.16,4.58,1429.37,0.1041,100.0,263,0,0.0,0.0,0.8163265306122449,MjQ8K203.cpp,C:\Users\ad\Downloads\codepython\project\fraud_detection_system\dataset_CPP\human\MjQ8K203.cpp,0,699
2,1.6,0,0,0,0,0,0,0,0,0,0,0,0,0,0,0,0,0,0,0,0,1,0,0,0.0,0,0,0,0,0.0,0,0,2,False,0,0,0.0,2,2,0,0,1.0,0.0,5,5,1.0,10,0.3,0,12,4.038461538461538,0,2,0,0,1.0,True,1.0,1,0.0,1.0,85.0,0.0,0,0,4,0.12903225806451613,2,0,0,0,0,0,0,False,0,0,0,0,0,1,0,0,False,0,0,0,0,False,False,False,True,1,0,34,563,15.588235294117647,14.994347262451594,56,17.096774193548388,14.859242456073131,0.8691255021476737,0.08823529411764706,1,0,21,False,2,0,0.0,0.0,0,4,1.0,2,1.0,1.6,4,19,4,35,23,39,176.42,3.68,649.96,0.0588,100.0,182,0,0.0,0.0,0.9117647058823529,MzowIjQW.cpp,C:\Users\ad\Downloads\codepython\project\fraud_detection_system\dataset_CPP\human\MzowIjQW.cpp,0,563
3,2.0714285714285716,0,0,0,0,0,0,0,0,0,0,0,0,0,0,0,0,0,0,0,0,6,0,0,0.0,0,0,0,0,0.0,0,0,2,False,0,0,0.0,29,29,0,0,1.0,0.0,13,12,0.9230769230769231,19,0.5263157894736842,0,16,6.773809523809524,0,2,4,0,0.6666666666666666,False,0.0,6,0.0,0.8333333333333334,31.0,26.356529867694395,0,5,9,0.10465116279069768,4,0,0,0,0,0,0,False,0,0,0,0,0,3,0,0,False,0,0,0,0,False,False,False,False,0,1,94,2403,24.574468085106382,21.295534124628965,84,26.86046511627907,20.83945430181943,0.7758411558253121,0.0851063829787234,1,0,73,False,2,0,0.0,0.010638297872340425,0,8,1.0,10,2.5,2.0714285714285716,10,45,41,129,55,170,982.83,14.33,14087.25,0.3276,84.73,606,0,0.0,0.0,0.9148936170212766,LnlHVZTx.cpp,C:\Users\ad\Downloads\codepython\project\fraud_detection_system\dataset_CPP\human\LnlHVZTx.cpp,0,2403
3,2.0,0,0,0,0,0,0,0,0,0,0,0,0,0,0,0,0,0,0,0,0,1,0,0,0.0,0,0,0,0,0.0,0,0,3,False,0,0,0.0,8,6,2,0,0.75,0.25,4,4,1.0,6,0.5,16,5,2.25,0,0,0,0,1.0,True,0.0,1,0.0,1.0,85.0,0.0,0,0,4,0.12903225806451613,1,0,0,0,0,0,0,False,0,0,0,0,0,1,0,0,False,0,0,0,0,False,False,False,False,0,0,34,559,15.470588235294118,14.295691029359874,56,16.967741935483872,14.097549251594927,0.8308441574133892,0.08823529411764706,1,0,23,False,2,0,0.0,0.0,0,3,1.0,3,3.0,2.0,8,16,13,38,24,51,233.83,9.5,2221.41,0.0779,100.0,191,0,0.0,0.0,0.9117647058823529,LsH7ZQia.cpp,C:\Users\ad\Downloads\codepython\project\fraud_detection_system\dataset_CPP\human\LsH7ZQia.cpp,0,559
2,1.5,0,0,0,0,0,1,0,0,0,0,0,0,0,0,0,0,0,0,0,0,0,0,0,0.0,0,0,0,0,0.0,0,0,2,False,0,0,0.0,1,1,0,0,1.0,0.0,1,1,1.0,2,0.5,0,4,4.375,0,0,0,0,1.0,True,0.0,1,0.0,1.0,85.0,0.0,0,0,4,0.25,1,0,0,0,0,0,0,False,0,0,0,0,0,1,0,0,False,0,0,0,0,False,False,False,False,0,0,18,270,14.055555555555555,15.11243866717532,56,15.8125,15.137778692727675,0.9573298778009597,0.1111111111111111,1,0,9,False,2,0,0.0,0.0,0,2,1.0,1,1.0,1.5,3,8,3,12,11,15,51.89,2.25,116.76,0.0173,100.0,72,0,0.0,0.0,0.8888888888888888,LgfnerjK.cpp,C:\Users\ad\Downloads\codepython\project\fraud_detection_system\dataset_CPP\human\LgfnerjK.cpp,0,270
4,2.0,0,0,0,0,0,4,0,0,0,0,0,0,0,0,0,0,0,0,0,0,3,0,0,0.0,0,0,0,0,0.0,0,0,3,False,0,0,0.0,14,14,0,0,1.0,0.0,10,10,1.0,18,0.5,46,9,2.5211267605633805,0,0,1,0,1.0,True,0.0,1,0.0,1.0,85.0,0.0,0,0,4,0.06060606060606061,4,0,0,0,0,0,0,False,0,0,0,0,0,2,0,0,False,0,0,1,0,False,False,False,False,0,0,74,1212,15.391891891891891,14.650724147371236,68,17.136363636363637,14.565303691490417,0.8499646716519607,0.10810810810810811,3,0,48,False,2,0,0.0,0.02702702702702703,0,11,1.0,8,2.0,2.0,10,23,21,90,33,111,559.93,19.57,10955.11,0.1866,86.99,452,0,0.0,0.0,0.8918918918918919,LeqrHOgk.cpp,C:\Users\ad\Downloads\codepython\project\fraud_detection_system\dataset_CPP\human\LeqrHOgk.cpp,0,1212
3,2.0,0,0,0,0,0,0,0,0,0,0,0,0,0,0,0,0,0,0,0,0,1,0,0,0.0,0,0,0,0,0.0,0,0,2,False,0,0,0.0,7,7,0,0,1.0,0.0,2,2,1.0,6,0.5,16,4,2.1818181818181817,0,0,0,0,1.0,True,0.0,1,0.0,1.0,85.0,0.0,0,0,4,0.13333333333333333,1,0,0,0,0,0,0,False,0,0,0,0,0,1,0,0,False,0,0,0,0,False,False,False,False,0,0,34,528,14.558823529411764,15.11172349042991,67,16.5,15.059327120868758,0.9126864921738641,0.11764705882352941,1,0,23,False,2,0,0.0,0.0,0,3,1.0,3,3.0,2.0,8,14,12,33,22,45,200.67,9.43,1892.07,0.0669,100.0,171,0,0.0,0.0,0.8823529411764706,MBaChKMc.cpp,C:\Users\ad\Downloads\codepython\project\fraud_detection_system\dataset_CPP\human\MBaChKMc.cpp,0,528
3,2.0,0,0,0,0,0,1,0,0,0,0,0,0,0,0,0,0,0,0,0,0,1,0,0,0.0,0,0,0,0,0.0,0,0,3,False,0,0,0.0,4,4,0,0,1.0,0.0,2,2,1.0,6,0.5,14,5,2.4545454545454546,0,0,0,0,1.0,True,0.0,1,0.0,1.0,85.0,0.0,0,0,4,0.13793103448275862,1,0,0,0,0,0,0,False,0,0,0,0,0,1,0,0,False,0,0,0,0,False,False,False,False,0,0,33,526,14.969696969696969,14.078750048867112,56,17.03448275862069,13.797757835394325,0.8099898324421769,0.12121212121212122,1,0,21,False,2,0,0.0,0.0,0,3,1.0,3,3.0,2.0,6,15,9,32,21,41,180.09,6.4,1152.54,0.06,100.0,171,0,0.0,0.0,0.8787878787878788,NCwpbCht.cpp,C:\Users\ad\Downloads\codepython\project\fraud_detection_system\dataset_CPP\human\NCwpbCht.cpp,0,526
3,1.75,0,0,0,0,0,0,0,0,0,0,0,0,0,0,0,0,0,0,0,0,6,0,0,0.0,0,0,0,0,0.0,0,0,2,False,0,0,0.0,34,33,1,0,0.9705882352941176,0.029411764705882353,12,11,0.9166666666666666,13,0.5384615384615384,45,27,5.088050314465409,0,2,11,0,0.8461538461538461,False,0.0,1,0.0,1.0,85.0,0.0,0,0,4,0.03125,8,3,0,0,0,0,0,False,0,0,0,0,0,6,0,0,False,0,0,0,0,False,False,False,False,0,1,146,2935,19.10958904109589,17.29918965861729,73,21.796875,16.815803288406265,0.7714777135899649,0.1232876712328767,2,0,91,False,2,1,0.01098901098901099,0.0,0,12,1.0,10,1.25,1.75,10,77,76,241,87,317,2042.41,15.65,31962.44,0.6808,63.99,1043,0,0.0,0.0,0.8767123287671232,MRnXrkix.cpp,C:\Users\ad\Downloads\codepython\project\fraud_detection_system\dataset_CPP\human\MRnXrkix.cpp,0,2935
3,1.625,0,0,0,0,0,2,0,0,0,0,0,0,0,0,0,0,0,0,0,0,3,0,0,0.0,0,0,0,0,0.0,0,0,3,False,0,0,0.0,14,14,0,0,1.0,0.0,12,12,1.0,12,0.5,43,9,2.5692307692307694,0,1,0,0,1.0,True,1.0,1,0.0,1.0,85.0,0.0,0,0,4,0.07692307692307693,4,0,0,0,0,0,0,False,0,0,0,0,0,3,0,0,False,0,0,1,0,False,False,False,False,0,0,59,996,15.898305084745763,15.151992558181727,68,18.03846153846154,14.895742213621801,0.8257767538468376,0.11864406779661017,1,0,34,False,2,0,0.0,0.0,0,7,1.0,6,1.5,1.625,10,22,19,83,32,102,510.0,18.86,9620.45,0.17,94.02,399,0,0.0,0.0,0.8813559322033898,Nb00ZNIl.cpp,C:\Users\ad\Downloads\codepython\project\fraud_detection_system\dataset_CPP\human\Nb00ZNIl.cpp,0,996
5,2.05,0,0,0,0,0,28,0,0,0,0,0,0,0,0,0,0,0,0,0,0,34,0,0,0.0,1,1,0,0,0.0,0,0,3,False,2,2,0.6666666666666666,118,95,22,1,0.8050847457627118,0.1864406779661017,52,49,0.9423076923076923,108,0.49074074074074076,313,58,3.273469387755102,0,0,27,0,1.0,True,0.0,12,0.0,0.9166666666666666,34.333333333333336,22.621278085515463,0,8,15,0.03614457831325301,28,0,0,0,0,0,0,False,0,0,0,0,0,28,0,0,True,0,0,0,0,False,False,False,False,1,0,434,8733,19.12442396313364,16.405383031496612,106,20.0,16.246445394356492,0.8123222697178246,0.04377880184331797,1,0,324,False,2,0,0.0,0.01152073732718894,0,71,1.0,70,2.5,2.05,19,108,186,647,127,833,5821.57,56.91,331317.65,1.9405,26.68,3143,0,0.0,0.0,0.956221198156682,LsBsab75.cpp,C:\Users\ad\Downloads\codepython\project\fraud_detection_system\dataset_CPP\human\LsBsab75.cpp,0,8733
3,1.625,0,0,0,0,0,2,0,0,0,0,0,0,0,0,0,0,0,0,0,0,2,0,0,0.0,0,0,0,0,0.0,0,0,3,False,0,0,0.0,12,12,0,0,1.0,0.0,12,12,1.0,10,0.5,37,9,2.4745762711864407,0,1,0,0,1.0,True,1.0,1,0.0,1.0,85.0,0.0,0,0,4,0.08163265306122448,4,0,0,0,0,0,0,False,0,0,0,0,0,3,0,0,False,0,0,1,0,False,False,False,False,0,0,56,928,15.589285714285714,15.348076642780136,68,17.816326530612244,15.150501398570004,0.850371785257652,0.125,1,0,31,False,2,0,0.0,0.0,0,7,1.0,5,1.25,1.625,9,21,16,75,30,91,446.53,16.07,7176.33,0.1488,96.49,369,0,0.0,0.0,0.875,NFRvSTNY.cpp,C:\Users\ad\Downloads\codepython\project\fraud_detection_system\dataset_CPP\human\NFRvSTNY.cpp,0,928
4,2.25,0,0,0,0,0,6,0,0,0,0,0,0,0,0,0,0,0,0,0,0,4,0,0,0.0,0,0,0,0,0.0,0,0,3,False,0,0,0.0,20,20,0,0,1.0,0.0,19,17,0.8947368421052632,20,0.5,37,11,3.36,0,0,3,0,1.0,True,0.0,4,0.0,1.0,51.5,40.26474885057648,0,2,7,0.0875,4,0,0,0,0,0,0,False,0,0,0,0,0,1,0,0,False,0,0,1,0,False,False,False,False,0,0,89,1819,19.44943820224719,19.310596285404195,109,21.6375,19.17044844937124,0.8859825973135177,0.10112359550561797,1,0,62,False,2,0,0.0,0.02247191011235955,0,14,1.0,12,3.0,2.25,7,25,31,126,32,157,785.0,17.64,13847.4,0.2617,84.71,608,0,0.0,0.0,0.898876404494382,NOt0Zpm0.cpp,C:\Users\ad\Downloads\codepython\project\fraud_detection_system\dataset_CPP\human\NOt0Zpm0.cpp,0,1819
2,1.5,0,0,0,0,0,0,0,0,0,0,0,0,0,0,0,0,0,0,0,0,1,0,0,0.0,0,0,0,0,0.0,0,0,2,False,0,0,0.0,4,4,0,0,1.0,0.0,5,5,1.0,4,0.5,17,4,2.4,0,0,0,0,1.0,True,0.0,1,0.0,1.0,85.0,0.0,0,0,4,0.16,1,0,0,0,0,0,0,False,0,0,0,0,0,1,0,0,False,0,0,0,0,False,False,False,False,0,0,30,462,14.433333333333334,13.149609204163529,56,17.16,12.742621394359952,0.7425770043333305,0.16666666666666666,1,0,18,False,2,0,0.0,0.03333333333333333,0,2,1.0,2,2.0,1.5,5,11,8,32,16,40,160.0,7.27,1163.64,0.0533,100.0,159,0,0.0,0.0,0.8333333333333334,NV6SVUvg.cpp,C:\Users\ad\Downloads\codepython\project\fraud_detection_system\dataset_CPP\human\NV6SVUvg.cpp,0,462
3,1.8333333333333333,0,0,0,0,0,3,0,0,0,0,0,0,0,0,0,0,0,0,0,0,3,0,0,0.0,0,0,0,0,0.0,0,0,3,False,0,0,0.0,12,12,0,0,1.0,0.0,10,10,1.0,14,0.5,38,9,2.7142857142857144,0,0,1,0,1.0,True,0.0,2,0.0,0.5,50.0,35.0,0,1,5,0.07936507936507936,4,0,0,0,0,0,0,False,0,0,0,0,0,2,0,0,False,0,0,1,0,False,False,False,False,0,0,71,1130,14.929577464788732,14.30780732766867,68,16.6984126984127,14.232351834827403,0.8523176479031619,0.11267605633802817,3,0,45,False,2,0,0.0,0.028169014084507043,0,10,1.0,7,1.75,1.8333333333333333,9,22,18,82,31,100,495.42,16.77,8309.54,0.1651,91.14,421,0,0.0,0.0,0.8873239436619719,N9Za13WP.cpp,C:\Users\ad\Downloads\codepython\project\fraud_detection_system\dataset_CPP\human\N9Za13WP.cpp,0,1130
2,1.6666666666666667,0,0,0,0,0,0,0,0,0,0,0,0,0,0,0,0,0,0,0,0,0,0,0,0.0,0,0,0,0,0.0,0,0,2,False,0,0,0.0,3,3,0,0,1.0,0.0,3,3,1.0,4,0.5,6,5,3.9285714285714284,0,0,1,0,1.0,True,0.0,4,0.0,0.25,63.5,45.57137259288994,0,3,12,0.4,1,0,0,0,0,0,0,False,0,0,0,0,0,1,0,0,False,0,0,0,0,False,False,False,False,0,0,36,628,16.47222222222222,16.65413881010282,56,19.766666666666666,16.361913770162165,0.8277528045613237,0.16666666666666666,1,0,23,False,2,0,0.0,0.0,0,1,1.0,2,2.0,1.6666666666666667,5,12,5,24,17,29,118.54,5.0,592.68,0.0395,100.0,140,0,0.0,0.0,0.8333333333333334,NbQWG1As.cpp,C:\Users\ad\Downloads\codepython\project\fraud_detection_system\dataset_CPP\human\NbQWG1As.cpp,0,628
4,2.0588235294117645,0,0,0,0,0,7,0,0,0,0,0,0,0,0,0,0,0,0,0,0,3,0,0,0.0,0,0,0,0,0.0,0,0,3,False,0,0,0.0,16,16,0,0,1.0,0.0,15,15,1.0,22,0.5,60,12,3.4752475247524752,0,0,4,0,1.0,True,0.0,2,0.0,0.5,53.0,32.0,0,1,5,0.060240963855421686,6,0,0,0,0,0,0,False,0,0,0,0,0,3,0,0,False,0,0,1,0,False,False,False,False,0,0,93,1666,16.9247311827957,17.661839404894845,91,18.96385542168675,17.631055420938516,0.9297189326161986,0.10752688172043011,2,0,59,False,2,0,0.0,0.0,0,15,1.0,11,1.8333333333333333,2.0588235294117645,9,27,29,124,36,153,791.0,20.67,16347.3,0.2637,80.74,602,0,0.0,0.0,0.8924731182795699,NSwFWVMg.cpp,C:\Users\ad\Downloads\codepython\project\fraud_detection_system\dataset_CPP\human\NSwFWVMg.cpp,0,1666
2,1.3333333333333333,0,0,0,0,0,1,0,0,0,0,0,0,0,0,0,0,0,0,0,0,3,0,0,0.0,0,0,0,0,0.0,0,0,2,False,0,0,0.0,7,6,1,0,0.8571428571428571,0.14285714285714285,2,2,1.0,10,0.4,16,7,2.5806451612903225,0,0,0,0,1.0,True,0.0,4,0.0,0.5,105.75,65.07447656339619,0,2,29,0.5087719298245614,2,0,0,0,0,0,0,False,0,0,0,0,0,4,2,0,False,0,0,0,0,False,False,False,False,0,1,62,1004,15.209677419354838,13.598075168311079,62,16.50877192982456,13.423104991567737,0.8130892502862497,0.08064516129032258,1,0,31,False,2,1,0.03225806451612903,0.06451612903225806,0,4,1.0,7,3.5,1.3333333333333333,11,16,17,50,27,67,318.58,17.19,5475.55,0.1062,100.0,226,0,0.0,0.0,0.9193548387096774,Nhw1s60f.cpp,C:\Users\ad\Downloads\codepython\project\fraud_detection_system\dataset_CPP\human\Nhw1s60f.cpp,0,1004
2,1.75,0,0,0,0,0,0,0,0,0,0,0,0,0,0,0,0,0,0,0,0,2,0,0,0.0,0,0,0,0,0.0,0,0,3,False,0,0,0.0,3,3,0,0,1.0,0.0,3,3,1.0,4,0.5,9,5,3.0555555555555554,0,0,0,0,1.0,True,0.0,3,0.0,1.0,132.66666666666666,81.21713010333609,0,2,8,0.25806451612903225,1,0,0,0,0,0,0,False,0,0,0,0,0,1,0,0,False,0,0,0,0,False,False,False,False,0,0,35,860,23.6,29.500799020656082,117,26.64516129032258,30.024235787966443,1.126817565892203,0.11428571428571428,1,0,23,False,2,2,0.08695652173913043,0.0,0,1,1.0,3,3.0,1.75,3,13,4,26,16,30,120.0,3.0,360.0,0.04,100.0,172,0,0.0,0.0,0.8857142857142857,OMq4zSiK.cpp,C:\Users\ad\Downloads\codepython\project\fraud_detection_system\dataset_CPP\human\OMq4zSiK.cpp,0,860
3,2.0714285714285716,0,0,0,0,0,6,0,0,0,0,0,0,0,0,0,0,0,0,0,0,2,0,0,0.0,0,0,0,0,0.0,0,0,3,False,0,0,0.0,18,18,0,0,1.0,0.0,22,20,0.9090909090909091,20,0.45,43,11,3.091743119266055,0,0,3,0,1.0,True,0.0,4,0.0,1.0,51.5,40.26474885057648,0,2,7,0.09722222222222222,4,0,0,0,0,0,0,False,0,0,0,0,0,1,0,0,False,0,0,1,0,False,False,False,False,0,0,82,1710,19.865853658536587,20.352240959563762,109,22.625,20.23160172436511,0.8942144408559164,0.12195121951219512,1,0,54,False,2,0,0.0,0.0,0,12,1.0,10,2.5,2.0714285714285716,6,26,28,131,32,159,795.0,15.12,12016.73,0.265,87.91,620,0,0.0,0.0,0.8780487804878049,NeyDoKUL.cpp,C:\Users\ad\Downloads\codepython\project\fraud_detection_system\dataset_CPP\human\NeyDoKUL.cpp,0,1710
3,1.8,0,0,0,0,0,3,0,0,0,0,0,0,0,0,0,0,0,0,0,0,3,0,0,0.0,0,0,0,0,0.0,0,0,3,False,0,0,0.0,18,18,0,0,1.0,0.0,11,11,1.0,12,0.5,46,9,2.2714285714285714,0,0,1,0,1.0,True,0.0,1,0.0,1.0,85.0,0.0,0,0,4,0.07017543859649122,4,0,0,0,0,0,0,False,0,0,0,0,0,1,0,0,False,0,0,1,0,False,False,False,False,0,0,63,1112,16.666666666666668,16.056448044618207,68,18.42105263157895,15.89433019114993,0.8628350675195675,0.09523809523809523,1,0,39,False,2,0,0.0,0.0,0,9,1.0,7,1.75,1.8,11,22,24,93,33,117,590.19,23.25,13722.01,0.1967,90.66,459,0,0.0,0.0,0.9047619047619048,O00lsmKO.cpp,C:\Users\ad\Downloads\codepython\project\fraud_detection_system\dataset_CPP\human\O00lsmKO.cpp,0,1112
3,1.8666666666666667,0,0,0,0,0,4,0,0,0,0,0,0,0,0,0,0,0,0,0,0,4,0,0,0.0,0,0,0,0,0.0,0,0,3,False,0,0,0.0,19,19,0,0,1.0,0.0,15,15,1.0,20,0.5,54,13,3.6333333333333333,0,0,6,0,1.0,True,0.0,2,0.0,1.0,57.0,28.0,0,0,5,0.06578947368421052,5,0,0,0,0,0,0,False,0,0,0,0,0,4,0,0,False,0,0,1,0,False,False,False,False,0,0,83,1549,17.674698795180724,18.11150764698028,93,19.25,18.128289175238038,0.9417293078045734,0.08433734939759036,1,0,54,False,2,0,0.0,0.012048192771084338,0,13,1.0,9,1.8,1.8666666666666667,13,27,26,112,40,138,734.43,26.96,19802.3,0.2448,83.81,544,0,0.0,0.0,0.9156626506024096,NxyTDeBV.cpp,C:\Users\ad\Downloads\codepython\project\fraud_detection_system\dataset_CPP\human\NxyTDeBV.cpp,0,1549
1,1.0,0,0,0,0,0,0,0,0,0,0,0,0,0,0,0,0,0,0,0,0,0,0,0,0.0,0,0,0,0,0.0,0,0,3,False,0,0,0.0,2,2,0,0,1.0,0.0,6,6,1.0,8,0.5,0,14,5.352941176470588,0,0,2,0,1.0,True,0.0,1,0.0,1.0,85.0,0.0,0,0,4,0.1,4,0,0,0,0,0,0,False,0,0,0,0,0,1,0,0,False,0,0,0,0,False,False,False,False,0,4,47,698,13.872340425531915,13.788087706695034,56,16.3,13.557654664432194,0.8317579548731407,0.14893617021276595,1,0,19,False,2,0,0.0,0.0,0,4,1.0,0,0.0,1.0,4,25,5,46,29,51,247.76,3.68,911.75,0.0826,100.0,256,0,0.0,0.0,0.851063829787234,PCGY7JUX.cpp,C:\Users\ad\Downloads\codepython\project\fraud_detection_system\dataset_CPP\human\PCGY7JUX.cpp,0,698
3,1.68,0,0,0,0,0,4,0,0,0,0,0,0,0,0,0,0,0,0,0,0,11,0,0,0.0,2,2,0,0,0.0,0,0,3,False,0,0,0.0,78,78,0,0,1.0,0.0,87,87,1.0,17,0.47058823529411764,127,22,2.9698996655518393,0,0,9,2,1.0,True,0.0,16,0.26666666666666666,0.4,36.0,76.7298290540691,3,3,26,0.18055555555555555,10,0,0,0,0,0,0,False,0,0,0,0,0,13,3,0,False,0,0,0,0,False,False,False,False,0,0,170,3213,17.905882352941177,22.14344865505598,92,21.13888888888889,22.59474223228072,1.0688708546151193,0.15294117647058825,2,90,0,False,2,73,0.8111111111111111,0.0058823529411764705,0,25,1.0,18,1.8,1.68,13,39,92,339,52,431,2456.89,56.5,138814.26,0.819,76.34,1413,1,0.0,0.0007077140835102619,0.8470588235294118,Og2xJjA5.cpp,C:\Users\ad\Downloads\codepython\project\fraud_detection_system\dataset_CPP\human\Og2xJjA5.cpp,0,3213
3,1.4444444444444444,0,0,0,0,0,0,0,0,0,0,0,0,0,0,0,0,0,0,0,0,8,0,0,0.0,0,0,0,0,0.0,0,0,2,False,0,0,0.0,44,43,0,1,0.9772727272727273,0.0,24,23,0.9583333333333334,50,0.5,145,24,3.4909638554216866,0,0,10,0,1.0,True,0.0,13,0.0,0.23076923076923078,28.53846153846154,19.820794770277093,0,0,16,0.08839779005524862,11,2,0,0,0,0,0,False,0,0,0,0,0,11,0,0,False,0,0,0,0,False,False,False,False,0,9,216,3905,17.083333333333332,13.951718996702986,64,20.386740331491712,12.843066400510873,0.6299715497269561,0.16203703703703703,1,0,121,False,2,0,0.0,0.0,0,18,1.0,9,0.8181818181818182,1.4444444444444444,15,50,162,416,65,578,3480.93,62.4,217209.94,1.1603,64.53,1521,0,0.0,0.0,0.8379629629629629,O3WxEblR.cpp,C:\Users\ad\Downloads\codepython\project\fraud_detection_system\dataset_CPP\human\O3WxEblR.cpp,0,3905
3,1.8,0,0,0,0,0,3,0,0,0,0,0,0,0,0,0,0,0,0,0,0,2,0,0,0.0,0,0,0,0,0.0,0,0,3,False,0,0,0.0,13,13,0,0,1.0,0.0,11,11,1.0,14,0.5,43,9,2.476923076923077,0,0,1,0,1.0,True,0.0,1,0.0,1.0,85.0,0.0,0,0,4,0.07272727272727272,4,0,0,0,0,0,0,False,0,0,0,0,0,3,0,0,False,0,0,1,0,False,False,False,False,0,0,61,1068,16.524590163934427,16.492031416471118,73,18.254545454545454,16.461766371386627,0.9017899904644069,0.09836065573770492,1,0,37,False,2,0,0.0,0.01639344262295082,0,9,1.0,6,1.5,1.8,10,24,18,82,34,100,508.75,17.08,8691.08,0.1696,92.58,405,0,0.0,0.0,0.9016393442622951,P45qPdCf.cpp,C:\Users\ad\Downloads\codepython\project\fraud_detection_system\dataset_CPP\human\P45qPdCf.cpp,0,1068
1,1.0,0,0,0,0,0,0,0,0,0,0,0,0,0,0,0,0,0,0,0,0,2,0,0,0.0,0,0,0,0,0.0,0,0,3,False,0,0,0.0,3,2,1,0,0.6666666666666666,0.3333333333333333,2,2,1.0,2,0.5,10,7,2.85,0,0,0,0,1.0,True,0.0,0,0.0,0.0,0.0,0.0,0,0,0,0.0,2,0,0,0,0,0,0,False,0,0,0,0,0,4,0,0,False,0,0,0,0,False,False,False,False,0,0,23,295,11.869565217391305,10.09220253388115,38,13.65,9.634702901491048,0.7058390404022745,0.13043478260869565,1,11,0,False,2,9,0.8181818181818182,0.0,0,2,1.0,2,1.0,1.0,6,13,7,28,19,35,148.68,6.46,960.69,0.0496,96.0,160,0,0.0,0.0,0.8695652173913043,P7xlMn5o.cpp,C:\Users\ad\Downloads\codepython\project\fraud_detection_system\dataset_CPP\human\P7xlMn5o.cpp,0,295
4,2.1666666666666665,0,0,0,0,0,6,0,0,0,0,0,0,0,0,0,0,0,0,0,0,4,0,0,0.0,0,0,0,0,0.0,0,0,3,False,0,0,0.0,32,32,0,0,1.0,0.0,25,23,0.92,20,0.5,66,11,3.259259259259259,0,0,4,0,1.0,True,0.0,5,0.0,1.0,68.4,49.39068738132726,0,2,15,0.15463917525773196,5,0,0,0,0,0,0,False,0,0,0,0,0,1,0,0,False,0,0,1,0,False,False,False,False,0,0,109,2273,19.862385321100916,20.10407229271249,109,22.31958762886598,19.983264333891942,0.8953240833198699,0.11009174311926606,1,0,68,False,2,0,0.0,0.01834862385321101,0,15,1.0,13,2.6,2.1666666666666665,9,29,45,165,38,210,1102.06,25.6,28216.66,0.3674,86.08,774,0,0.0,0.0,0.8899082568807339,OIIZNSZ2.cpp,C:\Users\ad\Downloads\codepython\project\fraud_detection_system\dataset_CPP\human\OIIZNSZ2.cpp,0,2273
3,1.75,0,0,0,0,0,3,0,0,0,0,0,0,0,0,0,0,0,0,0,0,3,0,0,0.0,0,0,0,0,0.0,0,0,3,False,0,0,0.0,15,15,0,0,1.0,0.0,11,11,1.0,12,0.5,45,10,2.8285714285714287,0,0,2,0,1.0,True,0.0,1,0.0,1.0,85.0,0.0,0,0,4,0.06153846153846154,5,0,0,0,0,0,0,False,0,0,0,0,0,3,0,0,False,0,0,1,0,False,False,False,False,0,0,74,1169,14.81081081081081,14.51343801882826,68,16.861538461538462,14.325745434305357,0.8496108149907374,0.12162162162162163,2,0,44,False,2,0,0.0,0.013513513513513514,0,11,1.0,8,1.6,1.75,11,23,22,92,34,114,579.97,22.0,12759.36,0.1933,87.19,454,0,0.0,0.0,0.8783783783783784,OBs4eliR.cpp,C:\Users\ad\Downloads\codepython\project\fraud_detection_system\dataset_CPP\human\OBs4eliR.cpp,0,1169
3,2.0714285714285716,0,0,0,0,0,6,0,0,0,0,0,0,0,0,0,0,0,0,0,0,2,0,0,0.0,0,0,0,0,0.0,0,0,3,False,0,0,0.0,19,19,0,0,1.0,0.0,20,18,0.9,20,0.5,42,11,3.2735849056603774,0,0,3,0,1.0,True,0.0,4,0.0,1.0,51.5,40.26474885057648,0,2,7,0.0958904109589041,4,0,0,0,0,0,0,False,0,0,0,0,0,1,1,0,False,0,0,1,0,False,False,False,False,0,0,83,1748,20.072289156626507,20.202459072872472,109,22.82191780821918,20.03240010224082,0.8777702325711764,0.12048192771084337,1,0,55,False,2,0,0.0,0.1566265060240964,0,12,1.0,11,2.75,2.0714285714285716,8,27,31,131,35,162,830.94,19.41,16126.47,0.277,87.08,622,0,0.0,0.0,0.8795180722891566,PGtsVWBG.cpp,C:\Users\ad\Downloads\codepython\project\fraud_detection_system\dataset_CPP\human\PGtsVWBG.cpp,0,1748
1,1.0,0,0,0,0,0,0,0,0,0,0,0,0,0,0,0,0,0,0,0,0,0,0,0,0.0,0,0,0,0,0.0,0,0,1,False,1,1,1.0,12,0,12,0,0.0,1.0,0,0,0.0,8,0.25,10,6,3.4615384615384617,0,0,0,0,1.0,True,0.0,5,0.0,0.8,77.8,31.2499599999744,0,4,8,0.3333333333333333,1,0,0,0,0,0,0,False,0,0,0,0,0,0,0,0,True,0,0,0,0,False,False,False,True,2,0,31,891,27.774193548387096,35.506209976992494,144,35.416666666666664,36.983010363619066,1.0442261749727737,0.22580645161290322,1,0,17,False,2,0,0.0,0.0967741935483871,0,1,1.0,0,0.0,1.0,4,16,21,33,20,54,233.38,4.12,962.71,0.0778,100.0,162,0,0.0,0.0,0.7741935483870968,OmwzMteX.cpp,C:\Users\ad\Downloads\codepython\project\fraud_detection_system\dataset_CPP\human\OmwzMteX.cpp,0,891
2,1.6666666666666667,0,0,0,0,0,0,0,0,0,0,0,0,0,0,0,0,0,0,0,0,0,0,0,0.0,0,0,0,0,0.0,0,0,3,False,0,0,0.0,6,6,0,0,1.0,0.0,2,2,1.0,6,0.5,9,5,3.9523809523809526,0,0,0,0,1.0,True,0.0,1,0.0,1.0,85.0,0.0,0,0,4,0.14814814814814814,1,0,0,0,0,0,0,False,0,0,0,0,0,1,0,0,False,0,0,0,0,False,False,False,False,0,0,31,488,14.774193548387096,13.818430136828493,56,16.962962962962962,13.494804161935756,0.7955452235202302,0.12903225806451613,1,0,19,False,2,0,0.0,0.0,0,2,1.0,2,2.0,1.6666666666666667,8,13,11,31,21,42,184.48,9.54,1759.63,0.0615,100.0,154,0,0.0,0.0,0.8709677419354839,PRY5vd6c.cpp,C:\Users\ad\Downloads\codepython\project\fraud_detection_system\dataset_CPP\human\PRY5vd6c.cpp,0,488
3,1.8,0,0,0,0,0,3,0,0,0,0,0,0,0,0,0,0,0,0,0,0,2,0,0,0.0,0,0,0,0,0.0,0,0,3,False,0,0,0.0,11,11,0,0,1.0,0.0,11,11,1.0,10,0.5,40,8,2.3833333333333333,0,0,0,0,1.0,True,0.0,1,0.0,1.0,85.0,0.0,0,0,4,0.07547169811320754,4,0,0,0,0,0,0,False,0,0,0,0,0,1,0,0,False,0,0,1,0,False,False,False,False,0,0,59,968,15.423728813559322,15.125691904421256,68,17.169811320754718,14.990230591019847,0.8730573860703866,0.1016949152542373,1,0,35,False,2,0,0.0,0.0,0,9,1.0,6,1.5,1.8,8,19,16,76,27,92,437.45,16.0,6999.19,0.1458,94.32,385,0,0.0,0.0,0.8983050847457628,PfbyI5r2.cpp,C:\Users\ad\Downloads\codepython\project\fraud_detection_system\dataset_CPP\human\PfbyI5r2.cpp,0,968
4,2.1538461538461537,0,0,0,0,0,6,0,0,0,0,0,0,0,0,0,0,0,0,0,0,2,0,0,0.0,0,0,0,0,0.0,0,0,3,False,0,0,0.0,14,14,0,0,1.0,0.0,12,9,0.75,18,0.5,72,9,2.5445544554455446,0,0,3,0,1.0,True,0.0,2,0.0,1.0,64.0,21.0,0,1,5,0.07575757575757576,4,0,0,0,0,0,0,False,0,0,0,0,0,1,0,0,False,0,0,1,0,False,False,False,False,0,0,72,1424,18.791666666666668,17.61938444819606,82,20.5,17.425382044418406,0.8500186363130929,0.08333333333333333,2,0,48,False,2,0,0.0,0.013888888888888888,0,12,1.0,9,2.25,2.1538461538461537,7,22,25,118,29,143,694.69,18.77,13041.25,0.2316,87.71,563,0,0.0,0.0,0.9166666666666666,PjRAaVN9.cpp,C:\Users\ad\Downloads\codepython\project\fraud_detection_system\dataset_CPP\human\PjRAaVN9.cpp,0,1424
3,1.8461538461538463,0,0,0,0,0,4,0,0,0,0,0,0,0,0,0,0,0,0,0,0,4,0,0,0.0,0,0,0,0,0.0,0,0,3,False,0,0,0.0,15,15,0,0,1.0,0.0,13,13,1.0,16,0.5,54,10,3.5,0,0,0,0,1.0,True,0.0,28,0.0,0.07142857142857142,10.964285714285714,16.663651938226728,6,0,31,0.3263157894736842,5,0,0,0,0,0,0,False,0,0,0,0,0,5,0,0,False,0,0,1,0,False,False,False,False,0,0,102,1803,16.686274509803923,14.87923964439153,68,17.91578947368421,14.68594971779399,0.8197210477029548,0.06862745098039216,1,0,47,False,2,4,0.0851063829787234,0.0,0,12,1.0,9,1.8,1.8461538461538463,9,22,22,101,31,123,609.37,20.66,12588.95,0.2031,100.0,522,0,0.0,0.0,0.9313725490196079,PfRiA84q.cpp,C:\Users\ad\Downloads\codepython\project\fraud_detection_system\dataset_CPP\human\PfRiA84q.cpp,0,1803
3,2.0,0,0,0,0,0,8,0,0,0,0,0,0,0,0,0,0,0,0,0,0,1,0,0,0.0,0,0,0,0,0.0,0,0,3,False,0,0,0.0,22,22,0,0,1.0,0.0,15,12,0.8,28,0.5,80,11,3.5737704918032787,0,0,4,0,1.0,True,0.0,1,0.0,1.0,85.0,0.0,0,0,4,0.05333333333333334,5,0,0,0,0,0,0,False,0,0,0,0,0,3,2,0,False,0,0,1,0,False,False,False,False,0,0,83,1774,20.3855421686747,21.406468634617163,82,22.56,21.40233009121515,0.9486848444687567,0.0963855421686747,1,0,54,False,2,0,0.0,0.0,0,14,1.0,12,2.4,2.0,10,25,38,149,35,187,959.18,29.8,28583.44,0.3197,80.1,687,0,0.0,0.0,0.9036144578313253,Q5ua1gVX.cpp,C:\Users\ad\Downloads\codepython\project\fraud_detection_system\dataset_CPP\human\Q5ua1gVX.cpp,0,1774
2,1.5,0,0,0,0,0,0,0,0,0,0,0,0,0,0,0,0,0,0,0,0,1,0,0,0.0,0,0,0,0,0.0,0,0,2,False,0,0,0.0,3,3,0,0,1.0,0.0,4,4,1.0,8,0.375,0,12,4.7272727272727275,0,3,0,0,1.0,True,1.0,1,0.0,1.0,85.0,0.0,0,0,4,0.15384615384615385,2,0,0,0,0,0,0,False,0,0,0,0,0,1,0,0,False,0,0,1,0,False,False,False,True,1,0,28,506,17.107142857142858,16.891120418124782,56,18.423076923076923,16.822999542574667,0.9131482006407962,0.07142857142857142,1,0,15,False,2,0,0.0,0.0,0,4,1.0,2,1.0,1.5,3,18,4,29,21,33,144.95,2.42,350.29,0.0483,100.0,158,0,0.0,0.0,0.9285714285714286,Pb3wJnGT.cpp,C:\Users\ad\Downloads\codepython\project\fraud_detection_system\dataset_CPP\human\Pb3wJnGT.cpp,0,506
4,2.263157894736842,0,0,0,0,0,5,0,0,0,0,0,0,0,0,0,0,0,0,0,0,5,0,0,0.0,0,0,0,0,0.0,0,0,3,False,0,0,0.0,20,20,0,0,1.0,0.0,26,26,1.0,28,0.5,80,16,2.503448275862069,0,2,3,0,0.6,False,0.0,12,0.0,1.0,37.416666666666664,24.968174186796723,0,8,15,0.15789473684210525,6,0,0,0,0,0,0,False,0,0,0,0,0,1,0,0,False,0,0,1,0,False,False,False,False,0,0,104,2316,21.278846153846153,24.63481617344462,135,23.294736842105262,24.847693394679737,1.066665554674458,0.08653846153846154,1,0,71,False,2,0,0.0,0.019230769230769232,0,13,1.0,11,1.8333333333333333,2.263157894736842,11,30,38,163,41,201,1076.87,29.88,32180.4,0.359,87.26,765,0,0.0,0.0,0.9134615384615384,QUTREyqd.cpp,C:\Users\ad\Downloads\codepython\project\fraud_detection_system\dataset_CPP\human\QUTREyqd.cpp,0,2316
3,2.0,0,0,0,0,0,0,0,0,0,0,0,0,0,0,0,0,0,0,0,0,2,0,0,0.0,0,0,0,0,0.0,0,0,2,False,0,0,0.0,5,5,0,0,1.0,0.0,2,2,1.0,6,0.5,10,5,2.727272727272727,0,0,0,0,1.0,True,0.0,1,0.0,1.0,85.0,0.0,0,0,4,0.13333333333333333,1,0,0,0,0,0,0,False,0,0,0,0,0,1,0,0,False,0,0,0,0,False,False,False,False,0,0,36,512,13.25,13.338280332270058,56,15.9,13.090327217707994,0.8232910199816348,0.16666666666666666,2,0,23,False,2,4,0.17391304347826086,0.0,0,2,1.0,4,4.0,2.0,8,13,11,33,21,44,193.26,10.15,1962.35,0.0644,100.0,168,0,0.0,0.0,0.8333333333333334,Q5TRCwnZ.cpp,C:\Users\ad\Downloads\codepython\project\fraud_detection_system\dataset_CPP\human\Q5TRCwnZ.cpp,0,512
2,1.2,0,0,0,0,0,1,0,0,0,0,0,0,0,0,0,0,0,0,0,0,2,0,0,0.0,0,0,0,0,0.0,0,0,2,False,0,0,0.0,17,17,0,0,1.0,0.0,9,9,1.0,6,0.5,29,7,2.840909090909091,0,3,0,0,1.0,True,1.0,4,0.0,0.25,28.0,32.96209944769902,0,3,7,0.1891891891891892,4,0,0,0,0,0,0,False,0,0,0,0,0,6,0,0,False,0,0,0,0,False,False,False,False,0,0,48,812,15.9375,18.120437644181408,56,20.324324324324323,18.462605089900627,0.9083994525616,0.22916666666666666,3,0,21,False,2,0,0.0,0.0625,0,2,1.0,3,0.75,1.2,9,20,20,67,29,87,422.64,15.08,6371.36,0.1409,100.0,316,0,0.0,0.0,0.7708333333333334,Q30COEG5.cpp,C:\Users\ad\Downloads\codepython\project\fraud_detection_system\dataset_CPP\human\Q30COEG5.cpp,0,812
4,2.176470588235294,0,0,0,0,0,6,0,0,0,0,0,0,0,0,0,0,0,0,0,0,4,0,0,0.0,0,0,0,0,0.0,0,0,3,False,0,0,0.0,21,21,0,0,1.0,0.0,18,16,0.8888888888888888,22,0.5,36,11,3.4752475247524752,0,0,3,0,1.0,True,0.0,4,0.0,1.0,51.5,40.26474885057648,0,2,7,0.08433734939759036,4,0,0,0,0,0,0,False,0,0,0,0,0,2,0,0,False,0,0,1,0,False,False,False,False,0,0,93,1853,18.93548387096774,19.424962574029024,109,21.216867469879517,19.349075002187238,0.9119666241803185,0.10752688172043011,1,0,65,False,2,0,0.0,0.0,0,14,1.0,12,3.0,2.176470588235294,9,27,31,129,36,160,827.19,21.5,17784.54,0.2757,83.46,628,0,0.0,0.0,0.8924731182795699,QTZznXmx.cpp,C:\Users\ad\Downloads\codepython\project\fraud_detection_system\dataset_CPP\human\QTZznXmx.cpp,0,1853
2,1.6666666666666667,0,0,0,0,0,0,0,0,0,0,0,0,0,0,0,0,0,0,0,0,0,0,0,0.0,0,0,0,0,0.0,0,0,3,False,0,0,0.0,6,6,0,0,1.0,0.0,2,2,1.0,6,0.5,9,5,3.9523809523809526,0,0,0,0,1.0,True,0.0,1,0.0,1.0,85.0,0.0,0,0,4,0.14814814814814814,1,0,0,0,0,0,0,False,0,0,0,0,0,1,0,0,False,0,0,0,0,False,False,False,False,0,0,31,490,14.838709677419354,13.889185336181876,56,17.037037037037038,13.565974542764135,0.7962637231622426,0.12903225806451613,1,0,19,False,2,0,0.0,0.0,0,2,1.0,2,2.0,1.6666666666666667,8,14,11,31,22,42,187.3,8.86,1658.91,0.0624,100.0,157,0,0.0,0.0,0.8709677419354839,Puw9r0jI.cpp,C:\Users\ad\Downloads\codepython\project\fraud_detection_system\dataset_CPP\human\Puw9r0jI.cpp,0,490
4,2.142857142857143,0,0,0,0,0,7,0,0,0,0,0,0,0,0,0,0,0,0,0,0,6,0,0,0.0,0,0,0,0,0.0,0,0,3,False,0,0,0.0,24,24,0,0,1.0,0.0,18,16,0.8888888888888888,26,0.5,45,13,3.634782608695652,0,0,4,0,1.0,True,0.0,4,0.0,1.0,51.5,40.26474885057648,0,2,7,0.0707070707070707,5,0,0,0,0,0,0,False,0,0,0,0,0,4,0,0,False,0,0,1,0,False,False,False,False,0,0,110,2111,18.2,18.951996776545254,109,20.22222222222222,18.92598852177542,0.9359005312965867,0.1,1,0,78,False,2,0,0.0,0.0,0,18,1.0,15,3.0,2.142857142857143,9,29,36,147,38,183,960.37,22.81,21906.39,0.3201,77.42,713,0,0.0,0.0,0.9,QbP31yhJ.cpp,C:\Users\ad\Downloads\codepython\project\fraud_detection_system\dataset_CPP\human\QbP31yhJ.cpp,0,2111
3,2.0,0,0,0,0,0,8,0,0,0,0,0,0,0,0,0,0,0,0,0,0,1,0,0,0.0,0,0,0,0,0.0,0,0,3,False,0,0,0.0,16,16,0,0,1.0,0.0,15,12,0.8,28,0.5,71,11,3.7155963302752295,0,0,4,0,1.0,True,0.0,2,0.0,0.5,106.5,21.5,0,0,11,0.13414634146341464,5,0,0,0,0,0,0,False,0,0,0,0,0,3,0,0,False,0,0,1,0,False,False,False,False,0,0,89,1811,19.359550561797754,19.381589312860477,75,21.01219512195122,19.31288834320359,0.9191275938146805,0.07865168539325842,1,0,61,False,2,0,0.0,0.0,0,16,1.0,10,2.0,2.0,9,25,28,131,34,159,808.91,23.58,19074.02,0.2696,89.37,614,0,0.0,0.0,0.9213483146067416,Qcw12e5i.cpp,C:\Users\ad\Downloads\codepython\project\fraud_detection_system\dataset_CPP\human\Qcw12e5i.cpp,0,1811
3,1.75,0,0,0,0,0,4,0,0,0,0,0,0,0,0,0,0,0,0,0,0,2,0,0,0.0,0,0,0,0,0.0,0,0,3,False,0,0,0.0,12,12,0,0,1.0,0.0,15,15,1.0,12,0.5,53,10,2.3376623376623376,0,0,3,0,1.0,True,0.0,1,0.0,1.0,85.0,0.0,0,0,4,0.06451612903225806,5,0,0,0,0,0,0,False,0,0,0,0,0,1,0,0,False,0,0,1,0,False,False,False,False,0,0,69,1113,15.144927536231885,14.887282153646627,68,16.85483870967742,14.759192623902882,0.8756650169205538,0.10144927536231885,1,0,41,False,2,0,0.0,0.014492753623188406,0,11,1.0,7,1.4,1.75,10,21,20,95,31,115,569.73,22.62,12886.81,0.1899,88.71,462,0,0.0,0.0,0.8985507246376812,Qe6FkhC0.cpp,C:\Users\ad\Downloads\codepython\project\fraud_detection_system\dataset_CPP\human\Qe6FkhC0.cpp,0,1113
3,1.8,0,0,0,0,0,3,0,0,0,0,0,0,0,0,0,0,0,0,0,0,2,0,0,0.0,0,0,0,0,0.0,0,0,3,False,0,0,0.0,11,11,0,0,1.0,0.0,11,11,1.0,14,0.5,42,10,3.3181818181818183,0,0,1,0,1.0,True,0.0,2,0.0,0.5,62.5,22.5,0,0,10,0.16393442622950818,4,0,0,0,0,0,0,False,0,0,0,0,0,2,0,0,False,0,0,1,0,False,False,False,False,0,0,67,1099,15.417910447761194,15.904706197093391,68,16.934426229508198,15.879535084719988,0.9377072992913061,0.08955223880597014,1,0,39,False,2,2,0.05128205128205128,0.0,0,9,1.0,6,1.5,1.8,8,21,17,81,29,98,476.08,15.43,7345.27,0.1587,100.0,401,0,0.0,0.0,0.9104477611940298,Pk9NbN0C.cpp,C:\Users\ad\Downloads\codepython\project\fraud_detection_system\dataset_CPP\human\Pk9NbN0C.cpp,0,1099
3,1.7857142857142858,0,0,0,0,0,3,0,0,0,0,0,0,0,0,0,0,0,0,0,0,3,0,0,0.0,0,0,0,0,0.0,0,0,3,False,0,0,0.0,15,15,0,0,1.0,0.0,11,11,1.0,16,0.5,43,12,3.054054054054054,0,0,4,0,1.0,True,0.0,1,0.0,1.0,85.0,0.0,0,0,4,0.05555555555555555,5,0,0,0,0,0,0,False,0,0,0,0,0,5,0,0,False,0,0,1,0,False,False,False,False,0,0,80,1261,14.775,14.44123869340854,68,16.416666666666668,14.309815978318289,0.8716639174610125,0.1,1,0,51,False,2,0,0.0,0.0,0,12,1.0,8,1.6,1.7857142857142858,13,26,22,96,39,118,623.68,24.0,14968.26,0.2079,84.27,473,0,0.0,0.0,0.9,QeL1VFJF.cpp,C:\Users\ad\Downloads\codepython\project\fraud_detection_system\dataset_CPP\human\QeL1VFJF.cpp,0,1261
3,2.1176470588235294,0,0,0,0,0,8,0,0,0,0,0,0,0,0,0,0,0,0,0,0,3,0,0,0.0,0,0,0,0,0.0,0,0,3,False,0,0,0.0,22,22,0,0,1.0,0.0,20,18,0.9,26,0.5,53,11,3.049586776859504,0,0,3,0,1.0,True,0.0,15,0.0,0.4666666666666667,22.133333333333333,28.698122276940392,3,4,18,0.19148936170212766,4,0,0,0,0,0,0,False,0,0,0,0,0,1,1,0,False,0,0,1,0,False,False,False,False,0,0,105,2105,19.057142857142857,19.0722079384181,109,21.28723404255319,18.943152549660052,0.8898832282199125,0.10476190476190476,1,0,67,False,2,0,0.0,0.08571428571428572,0,15,1.0,14,3.5,2.1176470588235294,10,26,37,147,36,184,951.27,28.27,26891.56,0.3171,89.88,703,0,0.0,0.0,0.8952380952380953,Q2tov8eO.cpp,C:\Users\ad\Downloads\codepython\project\fraud_detection_system\dataset_CPP\human\Q2tov8eO.cpp,0,2105
3,1.8,0,0,0,0,0,3,0,0,0,0,0,0,0,0,0,0,0,0,0,0,2,0,0,0.0,0,0,0,0,0.0,0,0,3,False,0,0,0.0,11,11,0,0,1.0,0.0,11,11,1.0,16,0.5,39,10,2.4603174603174605,0,0,2,0,1.0,True,0.0,1,0.0,1.0,85.0,0.0,0,0,4,0.07142857142857142,4,0,0,0,0,0,0,False,0,0,0,0,0,2,0,0,False,0,0,1,0,False,False,False,False,0,0,65,1022,14.738461538461538,14.634287371235585,68,17.035714285714285,14.498724433690077,0.8510781638224784,0.13846153846153847,2,0,38,False,2,9,0.23684210526315788,0.015384615384615385,0,9,1.0,6,1.5,1.8,8,22,17,79,30,96,471.06,14.36,6766.16,0.157,92.52,393,0,0.0,0.0,0.8615384615384616,QiKpFOT3.cpp,C:\Users\ad\Downloads\codepython\project\fraud_detection_system\dataset_CPP\human\QiKpFOT3.cpp,0,1022
3,2.2,0,0,0,0,0,0,0,0,0,0,0,0,0,0,0,0,0,0,0,0,2,0,0,0.0,0,0,0,0,0.0,0,0,2,False,0,0,0.0,6,6,0,0,1.0,0.0,4,4,1.0,6,0.5,19,4,2.1923076923076925,0,0,0,0,1.0,True,0.0,1,0.0,1.0,85.0,0.0,0,0,4,0.11764705882352941,1,0,0,0,0,0,0,False,0,0,0,0,0,1,0,0,False,0,0,0,0,False,False,False,False,0,0,36,585,15.277777777777779,13.62312395057901,56,16.176470588235293,13.489583319416798,0.8339015142912203,0.05555555555555555,1,0,27,False,2,3,0.1111111111111111,0.0,0,4,1.0,4,4.0,2.2,7,14,11,37,21,48,210.83,9.25,1950.19,0.0703,100.0,187,0,0.0,0.0,0.9444444444444444,Ql68PK00.cpp,C:\Users\ad\Downloads\codepython\project\fraud_detection_system\dataset_CPP\human\Ql68PK00.cpp,0,585
3,1.875,0,0,0,0,0,5,0,0,0,0,0,0,0,0,0,0,0,0,0,0,4,0,0,0.0,0,0,0,0,0.0,0,0,2,False,0,0,0.0,16,16,0,0,1.0,0.0,20,20,1.0,20,0.5,61,13,3.3917525773195876,1,0,7,0,0.875,False,0.0,3,0.0,1.0,121.0,64.06246951218786,0,0,11,0.13414634146341464,6,0,0,0,0,0,0,False,0,0,0,0,0,4,0,0,False,0,0,1,0,False,False,False,False,0,0,89,1814,19.39325842696629,20.59814433527474,83,21.048780487804876,20.631436136376337,0.980172516328424,0.07865168539325842,1,0,53,False,2,0,0.0,0.011235955056179775,0,15,1.0,10,1.6666666666666667,1.875,10,24,24,117,34,141,717.33,24.38,17484.97,0.2391,89.99,563,0,0.0,0.0,0.9213483146067416,Qc7WNXRi.cpp,C:\Users\ad\Downloads\codepython\project\fraud_detection_system\dataset_CPP\human\Qc7WNXRi.cpp,0,1814
3,2.0555555555555554,0,0,0,0,0,9,0,0,0,0,0,0,0,0,0,0,0,0,0,0,4,0,0,0.0,0,0,0,0,0.0,0,0,3,False,0,0,0.0,21,21,0,0,1.0,0.0,15,12,0.8,30,0.4666666666666667,88,13,2.5704225352112675,0,2,3,0,0.6,False,0.0,3,0.0,0.6666666666666666,60.666666666666664,18.263503375736967,0,2,6,0.06666666666666667,4,0,0,0,0,0,0,False,0,0,0,0,0,3,0,0,False,0,0,1,0,False,False,False,False,0,0,97,1910,18.701030927835053,16.656731371073846,68,20.155555555555555,16.422823624531482,0.8148038181961595,0.07216494845360824,1,0,72,False,2,0,0.0,0.010309278350515464,0,17,1.0,14,3.5,2.0555555555555554,9,29,50,168,38,218,1144.05,26.07,29824.15,0.3813,77.73,745,0,0.0,0.0,0.9278350515463918,Qrf9LbZX.cpp,C:\Users\ad\Downloads\codepython\project\fraud_detection_system\dataset_CPP\human\Qrf9LbZX.cpp,0,1910
3,1.9523809523809523,0,0,0,0,0,8,0,0,0,0,0,0,0,0,0,0,0,0,0,0,3,0,0,0.0,0,0,0,0,0.0,0,0,3,False,0,0,0.0,35,35,0,0,1.0,0.0,35,30,0.8571428571428571,24,0.5,70,15,3.707317073170732,0,0,5,0,1.0,True,0.0,9,0.0,0.6666666666666666,26.555555555555557,34.92248912826204,0,4,12,0.11428571428571428,7,0,0,0,0,0,0,False,0,0,0,0,0,1,0,0,False,0,0,1,0,False,False,False,False,0,0,121,2533,19.94214876033058,20.901301917084247,109,22.98095238095238,20.82305542393355,0.9061006297194458,0.1322314049586777,1,0,76,False,2,0,0.0,0.0,0,18,1.0,14,2.0,1.9523809523809523,9,34,53,197,43,250,1356.57,26.07,35370.47,0.4522,79.89,918,0,0.0,0.0,0.8677685950413223,QrahL2lk.cpp,C:\Users\ad\Downloads\codepython\project\fraud_detection_system\dataset_CPP\human\QrahL2lk.cpp,0,2533
2,1.2,0,0,0,0,0,0,0,0,0,0,0,0,0,0,0,0,0,0,0,0,2,0,0,0.0,0,0,0,0,0.0,0,0,2,False,0,0,0.0,17,17,0,0,1.0,0.0,9,9,1.0,6,0.5,32,7,2.723404255319149,0,3,0,0,1.0,True,1.0,4,0.0,0.25,28.0,32.96209944769902,0,3,7,0.1794871794871795,4,0,0,0,0,0,0,False,0,0,0,0,0,6,0,0,False,0,0,0,0,False,False,False,False,0,0,51,831,15.313725490196079,17.67959962735208,56,19.692307692307693,18.059948385867475,0.9171067539698327,0.23529411764705882,3,0,23,False,2,0,0.0,0.058823529411764705,0,2,1.0,3,0.75,1.2,9,20,20,67,29,87,422.64,15.08,6371.36,0.1409,100.0,318,0,0.0,0.0,0.7647058823529411,QvrF6spF.cpp,C:\Users\ad\Downloads\codepython\project\fraud_detection_system\dataset_CPP\human\QvrF6spF.cpp,0,831
3,2.0,0,0,0,0,0,0,0,0,0,0,0,0,0,0,0,0,0,0,0,0,2,0,0,0.0,0,0,0,0,0.0,0,0,2,False,0,0,0.0,6,6,0,0,1.0,0.0,2,2,1.0,6,0.5,11,5,2.652173913043478,0,0,0,0,1.0,True,0.0,3,0.0,0.3333333333333333,35.0,35.393031329156685,0,2,6,0.1935483870967742,1,0,0,0,0,0,0,False,0,0,0,0,0,1,0,0,False,0,0,0,0,False,False,False,False,0,0,37,549,13.864864864864865,13.576932269353168,56,16.548387096774192,13.251509249838044,0.8007734634405056,0.16216216216216217,2,0,24,False,2,4,0.16666666666666666,0.0,0,2,1.0,4,4.0,2.0,7,13,12,34,20,46,198.81,9.15,1819.86,0.0663,100.0,173,0,0.0,0.0,0.8378378378378378,RGgCYA1h.cpp,C:\Users\ad\Downloads\codepython\project\fraud_detection_system\dataset_CPP\human\RGgCYA1h.cpp,0,549
3,1.75,0,0,0,0,0,3,0,0,0,0,0,0,0,0,0,0,0,0,0,0,3,0,0,0.0,0,0,0,0,0.0,0,0,3,False,0,0,0.0,15,15,0,0,1.0,0.0,11,11,1.0,14,0.5,46,11,2.5211267605633805,0,0,3,0,1.0,True,0.0,2,0.0,0.5,56.5,28.5,0,1,5,0.07575757575757576,5,0,0,0,0,0,0,False,0,0,0,0,0,5,0,0,False,0,0,1,0,False,False,False,False,0,0,75,1176,14.693333333333333,14.573010060458419,68,16.636363636363637,14.479490577465771,0.8703518926345546,0.12,1,0,45,False,2,13,0.28888888888888886,0.013333333333333334,0,10,1.0,8,1.6,1.75,11,24,22,93,35,115,589.87,21.31,12571.55,0.1966,88.79,456,0,0.0,0.0,0.88,RFZDoVcJ.cpp,C:\Users\ad\Downloads\codepython\project\fraud_detection_system\dataset_CPP\human\RFZDoVcJ.cpp,0,1176
3,2.0,0,0,0,0,0,5,0,0,0,0,0,0,0,0,0,0,0,0,0,0,2,0,0,0.0,0,0,0,0,0.0,0,0,3,False,0,0,0.0,12,12,0,0,1.0,0.0,12,9,0.75,18,0.5,50,9,3.2151898734177213,0,0,3,0,1.0,True,0.0,1,0.0,1.0,85.0,0.0,0,0,4,0.06557377049180328,4,0,0,0,0,0,0,False,0,0,0,0,0,2,0,0,False,0,0,1,0,False,False,False,False,0,0,67,1250,17.671641791044777,17.328596036266305,68,19.34426229508197,17.27301054559542,0.8929268163401021,0.08955223880597014,2,0,43,False,2,0,0.0,0.014925373134328358,0,11,1.0,8,2.0,2.0,5,22,20,97,27,117,556.32,11.02,6132.18,0.1854,89.01,473,0,0.0,0.0,0.9104477611940298,SKPNnpvd.cpp,C:\Users\ad\Downloads\codepython\project\fraud_detection_system\dataset_CPP\human\SKPNnpvd.cpp,0,1250
2,1.25,0,0,0,0,0,0,0,0,0,0,0,0,0,0,0,0,0,0,0,0,2,0,0,0.0,0,0,0,0,0.0,0,0,2,False,0,0,0.0,7,7,0,0,1.0,0.0,7,7,1.0,6,0.5,14,8,3.5833333333333335,0,2,0,0,1.0,True,1.0,1,0.0,1.0,85.0,0.0,0,0,4,0.125,3,0,0,0,0,0,0,False,0,0,0,0,0,4,1,0,False,0,0,0,0,False,False,False,False,0,0,36,657,17.27777777777778,18.450551197895766,64,19.4375,18.46607954466784,0.9500233849346797,0.1111111111111111,1,0,19,False,2,0,0.0,0.0,0,3,1.0,4,1.3333333333333333,1.25,9,15,12,49,24,61,279.68,14.7,4111.34,0.0932,100.0,225,0,0.0,0.0,0.8888888888888888,STylbzzk.cpp,C:\Users\ad\Downloads\codepython\project\fraud_detection_system\dataset_CPP\human\STylbzzk.cpp,0,657
3,1.5,0,0,0,0,0,0,0,0,0,0,0,0,0,0,0,0,0,0,0,0,4,0,0,0.0,0,0,0,0,0.0,0,0,4,False,0,0,0.0,5,4,1,0,0.8,0.2,3,0,0.0,14,0.5,2,15,5.67741935483871,0,5,0,0,1.0,True,1.0,32,0.0,0.03125,18.03125,7.711535089559018,0,31,32,0.3368421052631579,7,0,0,0,0,0,0,False,0,0,0,0,0,5,0,0,False,0,0,1,0,False,False,False,False,0,4,120,2052,16.108333333333334,12.63579296636697,58,20.28421052631579,10.859546523337,0.5353694445858926,0.20833333333333334,1,0,72,False,2,64,0.8888888888888888,0.14166666666666666,12,0,1.0,5,0.7142857142857143,1.5,6,34,14,86,40,100,532.19,7.59,4038.4,0.1774,100.0,499,0,0.0,0.0,0.7916666666666666,Queue.cpp,C:\Users\ad\Downloads\codepython\project\fraud_detection_system\dataset_CPP\human\Queue.cpp,0,2052
4,2.0,0,0,0,0,0,4,0,0,0,0,0,0,0,0,0,0,0,0,0,0,2,0,0,0.0,0,0,0,0,0.0,0,0,2,False,0,0,0.0,10,3,6,1,0.3,0.6,4,3,0.75,14,0.35714285714285715,26,10,4.75,0,3,0,0,1.0,True,1.0,5,0.0,0.2,28.6,12.658593918757328,0,4,5,0.09615384615384616,4,0,0,0,0,0,0,False,0,0,0,0,0,0,0,0,False,0,0,1,0,False,False,False,False,0,1,68,1245,17.323529411764707,16.556890494213285,85,22.442307692307693,15.713068374810796,0.7001538607456396,0.23529411764705882,1,0,40,False,2,28,0.7,0.25,10,0,1.0,6,1.5,2.0,6,30,22,97,36,119,615.22,9.7,5967.64,0.2051,95.32,449,0,0.0,0.0,0.7647058823529411,Selection_Sort.cpp,C:\Users\ad\Downloads\codepython\project\fraud_detection_system\dataset_CPP\human\Selection_Sort.cpp,0,1245
4,2.2,0,0,0,0,0,6,0,0,0,0,0,0,0,0,0,0,0,0,0,0,3,0,0,0.0,0,0,0,0,0.0,0,0,3,False,0,0,0.0,20,20,0,0,1.0,0.0,19,17,0.8947368421052632,20,0.5,39,11,3.24,0,0,4,0,1.0,True,0.0,4,0.0,1.0,51.5,40.26474885057648,0,2,7,0.09333333333333334,4,0,0,0,0,0,0,False,0,0,0,0,0,3,0,0,False,0,0,1,0,False,False,False,False,0,0,85,1762,19.741176470588236,20.0012663958922,109,22.373333333333335,19.862039729650682,0.8877550534706801,0.11764705882352941,1,0,57,False,2,0,0.0,0.12941176470588237,0,13,1.0,11,2.75,2.2,7,27,29,125,34,154,783.47,16.2,12695.1,0.2612,86.67,602,0,0.0,0.0,0.8823529411764706,RkhdesoR.cpp,C:\Users\ad\Downloads\codepython\project\fraud_detection_system\dataset_CPP\human\RkhdesoR.cpp,0,1762
2,1.3333333333333333,0,0,0,0,0,1,0,0,0,0,0,0,0,0,0,0,0,0,0,0,2,0,0,0.0,0,0,0,0,0.0,0,0,3,False,0,0,0.0,11,11,0,0,1.0,0.0,24,22,0.9166666666666666,8,0.5,43,9,2.590909090909091,0,3,0,0,1.0,True,1.0,1,0.0,1.0,85.0,0.0,0,0,4,0.09523809523809523,4,0,0,0,0,0,0,False,0,0,0,0,0,6,0,0,False,0,0,0,0,False,False,False,False,0,0,50,893,16.88,18.557629158920058,64,20.095238095238095,18.584183654015256,0.9248053477116597,0.16,2,0,25,False,2,0,0.0,0.0,0,6,1.0,3,0.75,1.3333333333333333,8,23,15,84,31,99,490.47,14.61,7165.06,0.1635,100.0,363,0,0.0,0.0,0.84,SpuSFKjv.cpp,C:\Users\ad\Downloads\codepython\project\fraud_detection_system\dataset_CPP\human\SpuSFKjv.cpp,0,893
4,2.5,0,0,0,0,0,4,0,0,0,0,0,0,0,0,0,0,0,0,0,0,2,0,0,0.0,0,0,0,0,0.0,0,0,2,False,0,0,0.0,12,12,0,0,1.0,0.0,2,2,1.0,8,0.5,30,4,2.3095238095238093,0,0,0,0,1.0,True,0.0,3,0.0,0.6666666666666666,39.666666666666664,33.51948023993743,0,1,6,0.15,1,0,0,0,0,0,0,False,0,0,0,0,0,1,0,0,False,0,0,0,0,False,False,False,False,0,0,47,809,16.23404255319149,14.4107122772823,56,19.075,13.777495236798305,0.7222802221126242,0.14893617021276595,1,0,33,False,2,0,0.0,0.0851063829787234,0,6,1.0,6,6.0,2.5,6,16,22,59,22,81,361.21,11.06,3995.93,0.1204,100.0,282,0,0.0,0.0,0.851063829787234,R37Xz8jC.cpp,C:\Users\ad\Downloads\codepython\project\fraud_detection_system\dataset_CPP\human\R37Xz8jC.cpp,0,809
1,1.0,0,0,0,0,0,0,0,0,0,0,0,0,0,0,0,0,0,0,0,0,0,0,0,0.0,0,0,0,0,0.0,0,0,2,False,0,0,0.0,0,0,0,0,0.0,0.0,15,15,1.0,2,0.5,8,26,4.684684684684685,0,0,10,0,1.0,True,0.0,1,0.0,1.0,85.0,0.0,0,0,4,0.04819277108433735,7,5,0,0,0,0,0,False,0,0,0,0,0,1,0,0,False,0,0,0,0,False,False,False,False,0,0,102,1709,15.764705882352942,14.442025053938695,56,19.373493975903614,13.652936348077743,0.7047224607527691,0.18627450980392157,2,0,47,False,2,2,0.0425531914893617,0.0196078431372549,0,7,1.0,0,0.0,1.0,2,55,28,157,57,185,1079.08,2.85,3080.3,0.3597,79.78,685,0,0.0,0.0,0.8137254901960784,S0NlRlTg.cpp,C:\Users\ad\Downloads\codepython\project\fraud_detection_system\dataset_CPP\human\S0NlRlTg.cpp,0,1709
3,1.625,0,0,0,0,0,2,0,0,0,0,0,0,0,0,0,0,0,0,0,0,3,0,0,0.0,0,0,0,0,0.0,0,0,3,False,0,0,0.0,14,14,0,0,1.0,0.0,13,13,1.0,10,0.5,39,9,2.4838709677419355,0,1,0,0,1.0,True,1.0,2,0.0,0.5,99.5,14.5,0,0,10,0.17543859649122806,4,0,0,0,0,0,0,False,0,0,0,0,0,4,0,0,False,0,0,1,0,False,False,False,False,0,0,65,1098,15.907692307692308,14.55781373793477,68,18.140350877192983,14.18355682074886,0.7818788576234865,0.12307692307692308,1,0,39,False,2,0,0.0,0.0,0,7,1.0,6,1.5,1.625,9,21,18,81,30,99,485.78,17.36,8431.79,0.1619,100.0,393,0,0.0,0.0,0.8769230769230769,SGcqeCRS.cpp,C:\Users\ad\Downloads\codepython\project\fraud_detection_system\dataset_CPP\human\SGcqeCRS.cpp,0,1098
0,0.0,0,0,0,0,0,0,0,0,0,0,0,0,0,0,0,0,0,0,0,0,0,0,0,0.0,0,0,0,0,0.0,0,0,0,False,0,0,0.0,0,0,0,0,0.0,0.0,0,0,0.0,0,0.0,0,6,4.166666666666667,0,3,0,0,1.0,True,0.0,1,0.0,1.0,85.0,0.0,0,0,4,0.18181818181818182,0,7,0,0,0,0,0,False,0,0,0,0,0,0,0,0,False,0,0,0,0,False,False,False,False,0,0,25,336,12.48,13.20339350318697,56,14.181818181818182,13.189652844133553,0.9300396236248019,0.12,1,0,8,False,2,0,0.0,0.0,0,0,1.0,0,0.0,0.0,0,12,0,19,12,19,68.11,0.0,0.0,0.0,100.0,76,0,0.0,0.0,0.88,RfRq5CGd.cpp,C:\Users\ad\Downloads\codepython\project\fraud_detection_system\dataset_CPP\human\RfRq5CGd.cpp,0,336
4,2.0833333333333335,0,0,0,0,0,4,0,0,0,0,0,0,0,0,0,0,0,0,0,0,3,0,0,0.0,0,0,0,0,0.0,0,0,3,False,0,0,0.0,14,14,0,0,1.0,0.0,11,11,1.0,18,0.5,48,10,2.64,0,0,1,0,1.0,True,0.0,1,0.0,1.0,85.0,0.0,0,0,4,0.06349206349206349,4,0,0,0,0,0,0,False,0,0,0,0,0,2,0,0,False,0,0,1,0,False,False,False,False,0,0,73,1252,16.164383561643834,17.010080571777433,92,18.53968253968254,17.133301275516974,0.9241421064705216,0.136986301369863,3,0,45,False,2,0,0.0,0.0410958904109589,0,11,1.0,8,2.0,2.0833333333333335,8,22,22,93,30,115,564.29,16.91,9541.67,0.1881,88.12,454,0,0.0,0.0,0.863013698630137,STI7Fn8t.cpp,C:\Users\ad\Downloads\codepython\project\fraud_detection_system\dataset_CPP\human\STI7Fn8t.cpp,0,1252
3,2.2,0,0,0,0,0,0,0,0,0,0,0,0,0,0,0,0,0,0,0,0,2,0,0,0.0,0,0,0,0,0.0,0,0,2,False,0,0,0.0,5,5,0,0,1.0,0.0,4,4,1.0,6,0.5,13,5,2.9583333333333335,0,0,0,0,1.0,True,0.0,1,0.0,1.0,85.0,0.0,0,0,4,0.11764705882352941,1,0,0,0,0,0,0,False,0,0,0,0,0,1,0,0,False,0,0,0,0,False,False,False,False,0,0,36,600,15.694444444444445,14.406440389331365,61,16.61764705882353,14.297294490839356,0.86036816405051,0.05555555555555555,1,0,27,False,2,4,0.14814814814814814,0.0,0,4,1.0,4,4.0,2.2,6,14,10,35,20,45,194.49,7.5,1458.65,0.0648,100.0,182,0,0.0,0.0,0.9444444444444444,SyIiUAh2.cpp,C:\Users\ad\Downloads\codepython\project\fraud_detection_system\dataset_CPP\human\SyIiUAh2.cpp,0,600
3,1.7142857142857142,0,0,0,0,0,2,0,0,0,0,0,0,0,0,0,0,0,0,0,0,1,0,0,0.0,0,0,0,0,0.0,0,0,3,False,0,0,0.0,8,8,0,0,1.0,0.0,8,8,1.0,8,0.5,28,7,2.25,0,0,0,0,1.0,True,0.0,1,0.0,1.0,85.0,0.0,0,0,4,0.0975609756097561,3,0,0,0,0,0,0,False,0,0,0,0,0,1,0,0,False,0,0,1,0,False,False,False,False,0,0,46,737,15.043478260869565,15.14991250044919,68,16.878048780487806,15.05144855187751,0.891776576050546,0.10869565217391304,1,0,26,False,2,0,0.0,0.0,0,6,1.0,4,1.3333333333333333,1.7142857142857142,6,16,12,55,22,67,298.78,10.31,3081.19,0.0996,100.0,283,0,0.0,0.0,0.8913043478260869,Sx0rZyI2.cpp,C:\Users\ad\Downloads\codepython\project\fraud_detection_system\dataset_CPP\human\Sx0rZyI2.cpp,0,737
1,1.0,0,0,0,0,0,0,0,0,0,0,0,0,0,0,0,0,0,0,0,0,0,0,0,0.0,0,0,0,0,0.0,0,0,3,False,0,0,0.0,0,0,0,0,0.0,0.0,5,5,1.0,4,0.5,4,4,3.4,0,0,0,0,1.0,True,0.0,10,0.1,0.4,45.7,22.60110616761932,0,9,13,0.48148148148148145,1,0,0,0,0,0,0,False,0,0,0,0,0,1,0,0,False,0,0,0,0,False,False,False,False,0,0,31,868,27.032258064516128,22.37291546745859,84,31.037037037037038,21.222771630145175,0.6837885847421477,0.12903225806451613,1,0,15,False,2,0,0.0,0.03225806451612903,0,1,1.0,0,0.0,1.0,2,12,4,22,14,26,98.99,1.83,181.48,0.033,100.0,133,0,0.0,0.0,0.8709677419354839,TNK2Fv1D.cpp,C:\Users\ad\Downloads\codepython\project\fraud_detection_system\dataset_CPP\human\TNK2Fv1D.cpp,0,868
3,2.090909090909091,0,0,0,0,0,1,0,0,0,0,0,0,0,0,0,0,0,0,0,0,6,0,0,0.0,0,0,0,0,0.0,0,0,3,False,0,0,0.0,13,13,0,0,1.0,0.0,3,1,0.3333333333333333,20,0.5,7,14,4.472727272727273,0,1,0,0,1.0,True,0.0,3,0.0,1.0,56.333333333333336,22.51419305435771,0,1,8,0.12307692307692308,3,0,0,0,0,0,0,False,0,0,0,0,0,7,1,0,False,0,0,0,0,False,False,False,False,0,0,74,1242,15.797297297297296,13.657964441870472,60,17.984615384615385,13.154107059940578,0.7314088613311699,0.12162162162162163,1,0,51,False,2,0,0.0,0.0,0,11,1.0,9,3.0,2.090909090909091,10,26,19,73,36,92,475.63,14.04,6677.16,0.1585,95.11,383,0,0.0,0.0,0.8783783783783784,TTl3EzRd.cpp,C:\Users\ad\Downloads\codepython\project\fraud_detection_system\dataset_CPP\human\TTl3EzRd.cpp,0,1242
3,2.1052631578947367,0,0,0,0,0,5,0,0,0,0,0,0,0,0,0,0,0,0,0,0,5,0,0,0.0,0,0,0,0,0.0,0,0,3,False,0,0,0.0,32,32,0,0,1.0,0.0,30,28,0.9333333333333333,22,0.5,41,14,3.380281690140845,0,0,4,0,1.0,True,0.0,4,0.0,1.0,51.5,40.26474885057648,0,2,7,0.07216494845360824,5,0,0,0,0,0,0,False,0,0,0,0,0,1,0,0,False,0,0,1,0,False,False,False,False,0,0,114,2313,19.29824561403509,20.22198292486072,109,22.68041237113402,20.096953860451706,0.8860929656653707,0.14912280701754385,1,0,76,False,2,0,0.0,0.0,0,15,1.0,14,2.8,2.1052631578947367,8,32,46,175,40,221,1176.15,21.88,25728.2,0.392,77.12,830,0,0.0,0.0,0.8508771929824561,TfhxcJXS.cpp,C:\Users\ad\Downloads\codepython\project\fraud_detection_system\dataset_CPP\human\TfhxcJXS.cpp,0,2313
4,2.1052631578947367,0,0,0,0,0,14,0,0,0,0,0,0,0,0,0,0,0,0,0,0,8,0,0,0.0,0,0,0,0,0.0,0,0,4,False,1,1,0.25,72,71,0,1,0.9861111111111112,0.0,28,27,0.9642857142857143,52,0.5,224,20,2.8990228013029316,1,0,6,0,0.8571428571428571,False,0.0,10,0.0,0.5,30.0,41.46082488325576,0,8,17,0.11486486486486487,6,0,0,0,0,0,0,False,0,0,0,0,0,3,0,0,True,0,0,1,0,False,False,False,False,1,5,176,4105,22.329545454545453,20.22331102674085,90,26.554054054054053,19.343720184899098,0.7284657983117218,0.1590909090909091,2,0,113,False,2,0,0.0,0.011363636363636364,0,18,1.0,22,3.6666666666666665,2.1052631578947367,15,39,131,401,54,532,3061.6,77.12,236096.47,1.0205,68.31,1772,0,0.0,0.0,0.8409090909090909,SoWNkb8h.cpp,C:\Users\ad\Downloads\codepython\project\fraud_detection_system\dataset_CPP\human\SoWNkb8h.cpp,0,4105
2,1.6666666666666667,0,0,0,0,0,0,0,0,0,0,0,0,0,0,0,0,0,0,0,0,2,0,0,0.0,0,0,0,0,0.0,0,0,2,False,0,0,0.0,3,3,0,0,1.0,0.0,3,3,1.0,6,0.5,11,4,3.0,0,0,0,0,1.0,True,0.0,1,0.0,1.0,85.0,0.0,0,0,4,0.13793103448275862,1,0,0,0,0,0,0,False,0,0,0,0,0,1,0,0,False,0,0,0,0,False,False,False,False,0,0,33,521,14.818181818181818,13.725566821556141,56,16.862068965517242,13.413128252293912,0.795461593694322,0.12121212121212122,1,0,22,False,2,0,0.0,0.0,0,2,1.0,2,2.0,1.6666666666666667,5,14,7,30,19,37,157.17,5.36,842.0,0.0524,100.0,170,0,0.0,0.0,0.8787878787878788,Tpd4Bydg.cpp,C:\Users\ad\Downloads\codepython\project\fraud_detection_system\dataset_CPP\human\Tpd4Bydg.cpp,0,521
3,2.0,0,0,0,0,0,0,0,0,0,0,0,0,0,0,0,0,0,0,0,0,1,0,0,0.0,0,0,0,0,0.0,0,0,2,False,0,0,0.0,5,5,0,0,1.0,0.0,5,4,0.8,6,0.5,18,4,2.3846153846153846,0,0,0,0,1.0,True,0.0,2,0.0,0.5,52.0,33.0,0,1,5,0.16129032258064516,1,0,0,0,0,0,0,False,0,0,0,0,0,1,0,0,False,0,0,0,0,False,False,False,False,0,0,36,616,16.13888888888889,16.90850012695419,67,18.741935483870968,16.829252071502175,0.8979463239527838,0.1388888888888889,1,0,24,False,2,0,0.0,0.0,0,3,1.0,3,3.0,2.0,7,16,10,38,23,48,217.13,8.31,1804.9,0.0724,100.0,189,0,0.0,0.0,0.8611111111111112,TufNYnks.cpp,C:\Users\ad\Downloads\codepython\project\fraud_detection_system\dataset_CPP\human\TufNYnks.cpp,0,616
3,2.2222222222222223,0,0,0,0,0,6,0,0,0,0,0,0,0,0,0,0,0,0,0,0,6,0,0,0.0,0,0,0,0,0.0,0,0,3,False,0,0,0.0,25,25,0,0,1.0,0.0,19,17,0.8947368421052632,24,0.5,41,12,3.3008849557522124,0,0,3,0,1.0,True,0.0,6,0.0,0.6666666666666666,46.166666666666664,33.731373460853256,0,4,9,0.0967741935483871,4,0,0,0,0,0,0,False,0,0,0,0,0,2,0,0,False,0,0,1,0,False,False,False,False,0,0,103,2096,19.359223300970875,18.909521087173335,109,21.440860215053764,18.74530040922452,0.8742793069497895,0.0970873786407767,1,0,75,False,2,0,0.0,0.0,0,16,1.0,14,3.5,2.2222222222222223,7,27,39,145,34,184,936.09,18.8,17595.08,0.312,81.95,701,0,0.0,0.0,0.9029126213592233,T8CV9peK.cpp,C:\Users\ad\Downloads\codepython\project\fraud_detection_system\dataset_CPP\human\T8CV9peK.cpp,0,2096
4,2.6666666666666665,0,0,0,0,0,0,0,0,0,0,0,0,0,0,0,0,0,0,0,0,4,0,0,0.0,0,0,0,0,0.0,0,0,2,False,0,0,0.0,33,33,0,0,1.0,0.0,7,7,1.0,6,0.5,49,5,2.3846153846153846,0,0,1,0,1.0,True,0.0,2,0.0,0.5,206.5,121.5,0,0,17,0.2786885245901639,2,0,0,0,0,0,0,False,0,0,0,0,0,1,0,0,False,0,0,0,0,False,False,False,False,0,0,70,1397,18.97142857142857,19.253178905292074,91,21.639344262295083,19.211534092647547,0.8878057421602275,0.12857142857142856,2,0,51,False,2,1,0.0196078431372549,0.014285714285714285,0,8,1.0,4,2.0,2.6666666666666665,7,19,36,78,26,114,535.85,14.37,7699.32,0.1786,100.0,376,0,0.0,0.0,0.8714285714285714,TY49fVp7.cpp,C:\Users\ad\Downloads\codepython\project\fraud_detection_system\dataset_CPP\human\TY49fVp7.cpp,0,1397
2,1.5,0,0,0,0,0,0,0,0,0,0,0,0,0,0,0,0,0,0,0,0,1,0,0,0.0,1,0,0,0,0.0,0,0,0,False,0,0,0.0,1,1,0,0,1.0,0.0,0,0,0.0,2,0.5,5,6,3.3333333333333335,0,1,1,0,0.5,False,0.0,7,0.42857142857142855,0.8571428571428571,29.857142857142858,23.57618999528714,0,4,10,0.5555555555555556,1,0,0,0,0,0,0,False,0,0,0,0,0,2,0,0,False,0,0,0,0,False,False,False,False,0,0,20,481,23.1,20.124363343966934,56,25.666666666666668,19.598752794785465,0.7635877712254077,0.1,1,0,13,False,2,0,0.0,0.0,0,2,1.0,1,1.0,1.5,3,9,5,16,12,21,75.28,2.67,200.76,0.0251,100.0,94,0,0.0,0.0,0.9,TsWMiUi0.cpp,C:\Users\ad\Downloads\codepython\project\fraud_detection_system\dataset_CPP\human\TsWMiUi0.cpp,0,481
3,2.0,0,0,0,0,0,3,0,0,0,0,0,0,0,0,0,0,0,0,0,0,4,0,0,0.0,0,0,0,0,0.0,0,0,3,False,0,0,0.0,25,25,0,0,1.0,0.0,11,11,1.0,14,0.5,62,10,2.7613636363636362,0,0,1,0,1.0,True,0.0,4,0.0,0.25,31.25,31.115711465431737,0,3,7,0.1111111111111111,4,0,0,0,0,0,0,False,0,0,0,0,0,2,0,0,False,0,0,1,0,False,False,False,False,0,0,69,1330,18.28985507246377,19.2588029556186,85,20.03174603174603,19.269985093995317,0.9619723145179913,0.08695652173913043,1,0,45,False,2,0,0.0,0.0,0,8,1.0,8,2.0,2.0,12,21,33,109,33,142,716.3,31.14,22307.75,0.2388,92.54,519,0,0.0,0.0,0.9130434782608695,TvbOGYKx.cpp,C:\Users\ad\Downloads\codepython\project\fraud_detection_system\dataset_CPP\human\TvbOGYKx.cpp,0,1330
3,2.0,0,0,0,0,0,1,0,0,0,0,0,0,0,0,0,0,0,0,0,0,1,0,0,0.0,0,0,0,0,0.0,0,0,2,False,0,0,0.0,6,6,0,0,1.0,0.0,2,2,1.0,6,0.5,15,4,2.238095238095238,0,0,0,0,1.0,True,0.0,1,0.0,1.0,85.0,0.0,0,0,4,0.14285714285714285,1,0,0,0,0,0,0,False,0,0,0,0,0,1,0,0,False,0,0,0,0,False,False,False,False,0,0,32,509,14.9375,15.503905757905006,67,17.071428571428573,15.43634063646232,0.9042207904203869,0.125,1,0,21,False,2,0,0.0,0.0,0,3,1.0,3,3.0,2.0,8,15,11,32,23,43,194.51,8.53,1659.85,0.0648,100.0,162,0,0.0,0.0,0.875,Tf6Vifq0.cpp,C:\Users\ad\Downloads\codepython\project\fraud_detection_system\dataset_CPP\human\Tf6Vifq0.cpp,0,509
2,1.5,0,0,0,0,0,0,0,0,0,0,0,0,0,0,0,0,0,0,0,0,1,0,0,0.0,0,0,0,0,0.0,0,0,1,False,0,0,0.0,3,3,0,0,1.0,0.0,3,3,1.0,10,0.5,1,7,5.260869565217392,0,1,0,0,1.0,True,1.0,0,0.0,0.0,0.0,0.0,0,0,0,0.0,2,0,0,0,0,0,0,False,0,0,0,0,0,3,0,0,False,0,0,0,0,False,False,False,False,0,1,26,408,14.73076923076923,14.276278582933115,59,19.15,13.428607522747846,0.701232768811898,0.23076923076923078,1,0,14,False,2,12,0.8571428571428571,0.0,3,0,1.0,1,0.5,1.5,5,13,6,30,18,36,150.12,5.77,866.06,0.05,96.18,159,0,0.0,0.0,0.7692307692307693,TongN.cpp,C:\Users\ad\Downloads\codepython\project\fraud_detection_system\dataset_CPP\human\TongN.cpp,0,408
5,2.263157894736842,0,0,0,0,0,5,0,0,0,0,0,0,0,0,0,0,0,0,0,0,7,0,0,0.0,0,0,0,0,0.0,0,0,3,False,0,0,0.0,23,23,0,0,1.0,0.0,13,13,1.0,16,0.5,71,12,2.6565656565656566,0,0,3,0,1.0,True,0.0,1,0.0,1.0,85.0,0.0,0,0,4,0.045454545454545456,6,0,0,0,0,0,0,False,0,0,0,0,0,5,0,0,False,0,0,1,0,False,False,False,False,0,0,96,1622,15.90625,15.206274832148514,68,17.352272727272727,15.071827853140796,0.8685794702530387,0.08333333333333333,1,0,64,False,2,0,0.0,0.0,0,18,1.0,13,2.1666666666666665,2.263157894736842,13,27,32,127,40,159,846.19,30.57,25871.37,0.2821,76.64,623,0,0.0,0.0,0.9166666666666666,V5AZeass.cpp,C:\Users\ad\Downloads\codepython\project\fraud_detection_system\dataset_CPP\human\V5AZeass.cpp,0,1622
3,1.3571428571428572,0,0,0,0,0,0,0,0,0,0,0,0,0,0,0,0,0,0,0,0,12,0,0,0.0,0,0,0,0,0.0,0,0,2,False,0,0,0.0,55,54,0,1,0.9818181818181818,0.0,31,31,1.0,78,0.5,139,33,4.177545691906006,0,0,15,0,1.0,True,0.0,24,0.0,0.3333333333333333,23.541666666666668,23.27548632980391,0,7,27,0.10756972111553785,20,2,0,0,0,0,0,False,0,0,0,0,0,24,0,0,False,0,0,0,0,False,False,False,False,0,16,278,5645,19.309352517985612,15.461183198956745,63,21.37051792828685,14.864667301850332,0.6955688838114157,0.09712230215827339,2,0,151,False,2,0,0.0,0.014388489208633094,0,27,1.0,14,0.7,1.3571428571428572,17,56,185,517,73,702,4345.26,78.47,340986.27,1.4484,59.03,1929,0,0.0,0.0,0.9028776978417267,Twv5bSmE.cpp,C:\Users\ad\Downloads\codepython\project\fraud_detection_system\dataset_CPP\human\Twv5bSmE.cpp,0,5645
4,2.2142857142857144,0,0,0,0,0,6,0,0,0,0,0,0,0,0,0,0,0,0,0,0,5,0,0,0.0,0,0,0,0,0.0,0,0,3,False,0,0,0.0,16,16,0,0,1.0,0.0,22,22,1.0,18,0.5,64,11,2.7079646017699117,0,0,1,0,1.0,True,0.0,1,0.0,1.0,85.0,0.0,0,0,4,0.04938271604938271,4,0,0,0,0,0,0,False,0,0,0,0,0,1,0,0,False,0,0,1,0,False,False,False,False,0,0,89,1779,19.0,18.45553417197762,91,20.77777777777778,18.40625229254424,0.8858624098015945,0.0898876404494382,1,0,63,False,2,0,0.0,0.02247191011235955,0,13,1.0,12,3.0,2.2142857142857144,8,29,32,141,37,173,901.24,19.45,17527.48,0.3004,78.55,654,0,0.0,0.0,0.9101123595505618,U6bsfvt0.cpp,C:\Users\ad\Downloads\codepython\project\fraud_detection_system\dataset_CPP\human\U6bsfvt0.cpp,0,1779
4,2.2857142857142856,0,0,0,0,0,7,0,0,0,0,0,0,0,0,0,0,0,0,0,0,7,0,0,0.0,0,0,0,0,0.0,0,0,3,False,0,0,0.0,26,26,0,0,1.0,0.0,19,17,0.8947368421052632,24,0.5,46,12,3.375,0,0,4,0,1.0,True,0.0,4,0.0,1.0,51.5,40.26474885057648,0,2,7,0.07142857142857142,5,0,0,0,0,0,0,False,0,0,0,0,0,6,0,0,False,0,0,1,0,False,False,False,False,0,0,108,2108,18.52777777777778,18.695146098769094,109,20.418367346938776,18.61638704803376,0.9117470918077504,0.09259259259259259,1,0,77,False,2,0,0.0,0.0,0,19,1.0,16,3.2,2.2857142857142856,8,29,37,147,37,184,958.54,20.28,19435.21,0.3195,77.46,710,0,0.0,0.0,0.9074074074074074,Uv8pYAzp.cpp,C:\Users\ad\Downloads\codepython\project\fraud_detection_system\dataset_CPP\human\Uv8pYAzp.cpp,0,2108
4,2.210526315789474,0,0,0,0,0,6,0,0,0,0,0,0,0,0,0,0,0,0,0,0,5,0,0,0.0,0,0,0,0,0.0,0,0,3,False,0,0,0.0,30,30,0,0,1.0,0.0,20,18,0.9,24,0.5,49,11,3.282051282051282,0,0,3,0,1.0,True,0.0,4,0.0,1.0,51.5,40.26474885057648,0,2,7,0.07526881720430108,4,0,0,0,0,0,0,False,0,0,0,0,0,2,0,0,False,0,0,1,0,False,False,False,False,0,0,105,2134,19.333333333333332,19.56608663048761,109,21.827956989247312,19.436482521674392,0.8904398396629155,0.11428571428571428,1,0,75,False,2,0,0.0,0.0,0,15,1.0,14,3.5,2.210526315789474,9,30,41,151,39,192,1014.8,22.65,22985.16,0.3383,78.97,733,0,0.0,0.0,0.8857142857142857,V50SoLCw.cpp,C:\Users\ad\Downloads\codepython\project\fraud_detection_system\dataset_CPP\human\V50SoLCw.cpp,0,2134
4,2.2857142857142856,0,0,0,0,0,7,0,0,0,0,0,0,0,0,0,0,0,0,0,0,7,0,0,0.0,0,0,0,0,0.0,0,0,3,False,0,0,0.0,26,26,0,0,1.0,0.0,19,17,0.8947368421052632,22,0.5,49,13,3.327433628318584,0,0,5,0,1.0,True,0.0,4,0.0,1.0,51.5,40.26474885057648,0,2,7,0.07216494845360824,5,0,0,0,0,0,0,False,0,0,0,0,0,7,0,0,False,0,0,1,0,False,False,False,False,0,0,108,2117,18.61111111111111,18.97748828819017,109,20.68041237113402,18.941878760143375,0.9159333199072319,0.10185185185185185,1,0,76,False,2,0,0.0,0.009259259259259259,0,19,1.0,16,3.2,2.2857142857142856,9,31,36,148,40,184,979.23,21.48,21037.75,0.3264,77.61,722,0,0.0,0.0,0.8981481481481481,VM6ygeHx.cpp,C:\Users\ad\Downloads\codepython\project\fraud_detection_system\dataset_CPP\human\VM6ygeHx.cpp,0,2117
2,1.5,0,0,0,0,0,0,0,0,0,0,0,0,0,0,0,0,0,0,0,0,0,0,0,0.0,0,0,0,0,0.0,0,0,3,False,0,0,0.0,5,5,0,0,1.0,0.0,5,5,1.0,10,0.5,21,5,2.1333333333333333,0,0,0,0,1.0,True,0.0,2,0.0,0.5,46.0,39.0,0,1,5,0.1724137931034483,1,0,0,0,0,0,0,False,0,0,0,0,0,1,0,0,False,0,0,0,0,False,False,False,False,0,0,32,510,14.96875,13.125558023851786,56,16.517241379310345,12.826751919476926,0.7765674439766824,0.09375,1,0,21,False,2,0,0.0,0.0,0,2,1.0,1,1.0,1.5,6,19,13,42,25,55,255.41,6.63,1693.79,0.0851,100.0,196,0,0.0,0.0,0.90625,UcmmIGBm.cpp,C:\Users\ad\Downloads\codepython\project\fraud_detection_system\dataset_CPP\human\UcmmIGBm.cpp,0,510
4,2.8,0,0,0,0,0,0,0,0,0,0,0,0,0,0,0,0,0,0,0,0,5,0,0,0.0,0,0,0,0,0.0,0,0,3,False,0,0,0.0,18,18,0,0,1.0,0.0,7,7,1.0,16,0.5,25,8,2.88,0,0,0,0,1.0,True,0.0,6,0.16666666666666666,0.5,26.5,26.5690923192093,0,4,9,0.15517241379310345,1,0,0,0,0,0,0,False,0,0,0,0,0,1,0,0,False,0,0,0,0,False,False,False,False,0,0,72,1411,18.61111111111111,19.30929220432739,86,23.103448275862068,18.948832786519137,0.8201733594165,0.19444444444444445,2,0,49,False,2,0,0.0,0.0,0,4,1.0,5,5.0,2.8,7,24,25,72,31,97,480.56,10.5,5045.85,0.1602,100.0,399,0,0.0,0.0,0.8055555555555556,VJ1GXxdx.cpp,C:\Users\ad\Downloads\codepython\project\fraud_detection_system\dataset_CPP\human\VJ1GXxdx.cpp,0,1411
3,2.0,0,0,0,0,0,1,0,0,0,0,0,0,0,0,0,0,0,0,0,0,5,0,0,0.0,0,0,0,0,0.0,0,0,2,False,0,0,0.0,8,8,0,0,1.0,0.0,6,6,1.0,4,0.5,19,4,2.4642857142857144,0,0,0,0,1.0,True,0.0,1,0.0,1.0,85.0,0.0,0,0,4,0.125,1,0,0,0,0,0,0,False,0,0,0,0,0,1,0,0,False,0,0,0,0,False,False,False,False,0,0,38,731,18.263157894736842,17.700259008700108,60,21.4375,17.5088147442938,0.8167377140195359,0.15789473684210525,3,0,25,False,2,0,0.0,0.02631578947368421,0,2,1.0,6,6.0,2.0,7,13,11,43,20,54,233.38,11.58,2701.87,0.0778,100.0,218,0,0.0,0.0,0.8421052631578947,VP43s1AP.cpp,C:\Users\ad\Downloads\codepython\project\fraud_detection_system\dataset_CPP\human\VP43s1AP.cpp,0,731
3,1.75,0,0,0,0,0,0,0,0,0,0,0,0,0,0,0,0,0,0,0,0,7,0,0,0.0,0,0,0,0,0.0,0,0,2,False,0,0,0.0,36,35,1,0,0.9722222222222222,0.027777777777777776,15,14,0.9333333333333333,13,0.5384615384615384,39,30,4.98125,0,2,12,0,0.8571428571428571,False,0.0,1,0.0,1.0,85.0,0.0,0,0,4,0.028985507246376812,10,6,0,0,0,0,0,False,0,0,0,0,0,6,0,0,False,0,0,0,0,False,False,False,False,0,1,163,3071,17.846625766871167,17.55502578557896,73,20.905797101449274,17.391438707210458,0.8318955083518348,0.15337423312883436,2,0,91,False,2,0,0.0,0.049079754601226995,0,15,1.0,12,1.2,1.75,10,84,83,248,94,331,2169.57,14.76,32026.97,0.7232,61.51,1088,0,0.0,0.0,0.8466257668711656,UhjohAQR.cpp,C:\Users\ad\Downloads\codepython\project\fraud_detection_system\dataset_CPP\human\UhjohAQR.cpp,0,3071
4,1.9411764705882353,0,0,0,0,0,3,0,0,0,0,0,0,0,0,0,0,0,0,0,0,8,0,0,0.0,0,0,0,0,0.0,0,0,3,False,0,0,0.0,19,19,0,0,1.0,0.0,37,37,1.0,30,0.43333333333333335,34,40,4.3232323232323235,0,13,3,0,0.8125,False,1.0,2,0.0,1.0,55.0,30.0,0,1,5,0.04310344827586207,6,1,0,0,0,0,0,False,0,0,0,0,0,5,0,0,False,0,0,5,0,False,False,False,True,1,0,127,2671,20.03937007874016,17.819480437649304,80,21.939655172413794,17.491519518141004,0.7972558994516136,0.08661417322834646,1,0,85,False,2,0,0.0,0.0,0,16,1.0,13,2.1666666666666665,1.9411764705882353,14,55,62,234,69,296,1808.12,29.78,53849.2,0.6027,67.81,972,0,0.0,0.0,0.9133858267716536,VAD8U8Dj.cpp,C:\Users\ad\Downloads\codepython\project\fraud_detection_system\dataset_CPP\human\VAD8U8Dj.cpp,0,2671
5,2.3157894736842106,0,0,0,0,0,9,0,0,0,0,0,0,0,0,0,0,0,0,0,0,3,0,0,0.0,0,0,0,0,0.0,0,0,3,False,0,0,0.0,23,23,0,0,1.0,0.0,24,22,0.9166666666666666,26,0.5,58,12,3.1037037037037036,0,0,4,0,1.0,True,0.0,4,0.0,1.0,51.5,40.26474885057648,0,2,7,0.07777777777777778,5,0,0,0,0,0,0,False,0,0,0,0,0,2,1,0,False,0,0,1,0,False,False,False,False,0,0,101,2168,20.475247524752476,19.63760489287913,109,22.977777777777778,19.371788065109175,0.843066211731057,0.10891089108910891,2,0,72,False,2,0,0.0,0.25742574257425743,0,17,1.0,15,3.0,2.3157894736842106,9,26,39,163,35,202,1036.12,28.21,29230.4,0.3454,79.48,766,0,0.0,0.0,0.8910891089108911,V8DgAVHu.cpp,C:\Users\ad\Downloads\codepython\project\fraud_detection_system\dataset_CPP\human\V8DgAVHu.cpp,0,2168
4,2.25,0,0,0,0,0,6,0,0,0,0,0,0,0,0,0,0,0,0,0,0,4,0,0,0.0,0,0,0,0,0.0,0,0,3,False,0,0,0.0,21,21,0,0,1.0,0.0,19,17,0.8947368421052632,20,0.5,37,11,3.4,0,0,3,0,1.0,True,0.0,4,0.0,1.0,51.5,40.26474885057648,0,2,7,0.0875,4,0,0,0,0,0,0,False,0,0,0,0,0,1,0,0,False,0,0,1,0,False,False,False,False,0,0,89,1830,19.573033707865168,19.45486718250092,109,21.775,19.316427594148973,0.8870919675843386,0.10112359550561797,1,0,62,False,2,0,0.0,0.02247191011235955,0,14,1.0,12,3.0,2.25,8,26,32,127,34,159,808.91,19.54,15804.79,0.2696,84.55,611,0,0.0,0.0,0.898876404494382,VPpPhKNN.cpp,C:\Users\ad\Downloads\codepython\project\fraud_detection_system\dataset_CPP\human\VPpPhKNN.cpp,0,1830
2,1.5,0,0,0,0,0,3,0,0,0,0,0,0,0,0,0,0,0,0,0,0,0,0,0,0.0,0,0,0,0,0.0,0,0,1,False,0,0,0.0,4,3,1,0,0.75,0.25,0,0,0.0,6,0.16666666666666666,17,2,2.0454545454545454,0,0,0,0,1.0,True,0.0,1,0.0,0.0,17.0,0.0,0,1,1,0.07142857142857142,1,0,0,0,0,0,0,False,0,0,0,0,0,1,0,0,False,0,0,0,0,False,False,False,False,0,0,19,298,14.736842105263158,12.590063355315523,38,20.0,10.481275822014362,0.5240637911007181,0.2631578947368421,1,0,11,False,2,8,0.7272727272727273,0.0,2,0,1.0,3,3.0,1.5,4,11,11,31,15,42,164.09,5.64,924.87,0.0547,100.0,136,0,0.0,0.0,0.7368421052631579,Ve_tam_giac.cpp,C:\Users\ad\Downloads\codepython\project\fraud_detection_system\dataset_CPP\human\Ve_tam_giac.cpp,0,298
2,1.5,0,0,0,0,0,3,0,0,0,0,0,0,0,0,0,0,0,0,0,0,0,0,0,0.0,0,0,0,0,0.0,0,0,1,False,0,0,0.0,3,3,0,0,1.0,0.0,0,0,0.0,6,0.16666666666666666,17,2,2.0454545454545454,0,0,0,0,1.0,True,0.0,0,0.0,0.0,0.0,0.0,0,0,0,0.0,1,0,0,0,0,0,0,False,0,0,0,0,0,1,0,0,False,0,0,0,0,False,False,False,False,0,0,20,274,12.75,11.852742298725643,38,18.214285714285715,10.05824872166814,0.5522175768758978,0.3,1,0,11,False,2,8,0.7272727272727273,0.05,2,0,1.0,3,3.0,1.5,4,11,10,30,15,40,156.28,5.45,852.41,0.0521,100.0,132,0,0.0,0.0,0.7,Ve_tam_giac_vuon_can.cpp,C:\Users\ad\Downloads\codepython\project\fraud_detection_system\dataset_CPP\human\Ve_tam_giac_vuon_can.cpp,0,274
1,1.0,0,0,0,0,0,0,0,0,0,0,0,0,0,0,0,0,0,0,0,0,1,0,0,0.0,0,0,0,0,0.0,0,0,2,False,0,0,0.0,3,3,0,0,1.0,0.0,2,2,1.0,4,0.5,10,5,3.3333333333333335,0,0,1,0,1.0,True,0.0,1,0.0,1.0,85.0,0.0,0,0,4,0.19047619047619047,2,0,0,0,0,0,0,False,0,0,0,0,0,3,0,0,False,0,0,0,0,False,False,False,False,0,0,26,369,13.23076923076923,14.199966663849526,56,16.38095238095238,14.072858681658213,0.8590989311477398,0.19230769230769232,1,0,11,False,2,0,0.0,0.0,0,2,1.0,1,0.5,1.0,5,12,5,25,17,30,122.62,5.21,638.67,0.0409,100.0,128,0,0.0,0.0,0.8076923076923077,VXxePKhZ.cpp,C:\Users\ad\Downloads\codepython\project\fraud_detection_system\dataset_CPP\human\VXxePKhZ.cpp,0,369
2,1.5,0,0,0,0,0,0,0,0,0,0,0,0,0,0,0,0,0,0,0,0,1,0,0,0.0,1,0,0,0,0.0,0,0,0,False,0,0,0.0,1,1,0,0,1.0,0.0,0,0,0.0,2,0.5,5,6,3.3333333333333335,0,1,1,0,0.5,False,0.0,7,0.42857142857142855,0.8571428571428571,29.857142857142858,23.57618999528714,0,4,10,0.5555555555555556,1,0,0,0,0,0,0,False,0,0,0,0,0,2,0,0,False,0,0,0,0,False,False,False,False,0,0,20,485,23.3,20.14224416493852,56,25.88888888888889,19.589931906435137,0.7566926487464216,0.1,1,0,13,False,2,0,0.0,0.0,0,2,1.0,1,1.0,1.5,3,10,5,17,13,22,81.41,2.55,207.59,0.0271,100.0,94,0,0.0,0.0,0.9,VRTWN60b.cpp,C:\Users\ad\Downloads\codepython\project\fraud_detection_system\dataset_CPP\human\VRTWN60b.cpp,0,485
2,1.25,0,0,0,0,0,4,0,0,0,0,0,0,0,0,0,0,0,0,0,0,0,0,0,0.0,0,0,0,0,0.0,0,0,1,False,0,0,0.0,8,6,2,0,0.75,0.25,3,2,0.6666666666666666,8,0.5,33,4,2.340909090909091,0,0,0,0,1.0,True,0.0,0,0.0,0.0,0.0,0.0,0,0,0,0.0,3,0,0,0,0,0,0,False,0,0,0,0,0,3,0,0,False,0,0,0,0,False,False,False,False,0,0,32,485,14.1875,13.823525011732716,59,18.956521739130434,13.456785134740423,0.7098762800436462,0.28125,1,0,16,False,2,12,0.75,0.09375,4,0,1.0,4,1.3333333333333333,1.25,9,16,18,55,25,73,339.0,15.47,5243.93,0.113,88.99,236,0,0.0,0.0,0.71875,Ve_tam_giac_Pascal.cpp,C:\Users\ad\Downloads\codepython\project\fraud_detection_system\dataset_CPP\human\Ve_tam_giac_Pascal.cpp,0,485
3,1.8823529411764706,0,0,0,0,0,4,0,0,0,0,0,0,0,0,0,0,0,0,0,0,5,0,0,0.0,0,0,0,0,0.0,0,0,3,False,0,0,0.0,17,17,0,0,1.0,0.0,10,10,1.0,18,0.5,49,11,3.4430379746835444,0,0,2,0,1.0,True,0.0,2,0.0,0.5,50.0,35.0,0,1,5,0.06097560975609756,5,0,0,0,0,0,0,False,0,0,0,0,0,4,0,0,False,0,0,1,0,False,False,False,False,0,0,90,1474,15.38888888888889,15.647289040628978,68,16.79268292682927,15.692733913501256,0.9344983158366761,0.08888888888888889,3,0,61,False,2,0,0.0,0.022222222222222223,0,14,1.0,10,2.0,1.8823529411764706,11,24,25,103,35,128,656.55,23.6,15497.27,0.2188,82.24,522,0,0.0,0.0,0.9111111111111111,VfgyHgGB.cpp,C:\Users\ad\Downloads\codepython\project\fraud_detection_system\dataset_CPP\human\VfgyHgGB.cpp,0,1474
2,1.5,0,0,0,0,0,2,0,0,0,0,0,0,0,0,0,0,0,0,0,0,0,0,0,0.0,0,0,0,0,0.0,0,0,1,False,0,0,0.0,2,2,0,0,1.0,0.0,1,1,1.0,8,0.125,14,2,2.0,0,0,0,0,1.0,True,0.0,0,0.0,0.0,0.0,0.0,0,0,0,0.0,1,0,0,0,0,0,0,False,0,0,0,0,0,1,0,0,False,0,0,0,0,False,False,False,False,0,0,17,229,12.529411764705882,11.479483730238165,36,17.5,10.103629710818451,0.5773502691896257,0.29411764705882354,1,0,9,False,2,7,0.7777777777777778,0.058823529411764705,2,0,1.0,2,2.0,1.5,3,12,8,26,15,34,132.83,3.25,431.71,0.0443,100.0,113,0,0.0,0.0,0.7058823529411765,Ve_tam_giac_floyd.cpp,C:\Users\ad\Downloads\codepython\project\fraud_detection_system\dataset_CPP\human\Ve_tam_giac_floyd.cpp,0,229
3,2.0,0,0,0,0,0,6,0,0,0,0,0,0,0,0,0,0,0,0,0,0,2,0,0,0.0,0,0,0,0,0.0,0,0,3,False,0,0,0.0,20,20,0,0,1.0,0.0,19,17,0.8947368421052632,26,0.5,39,14,3.709090909090909,0,0,4,0,1.0,True,0.0,4,0.0,1.0,51.5,40.26474885057648,0,2,7,0.08860759493670886,5,0,0,0,0,0,0,False,0,0,0,0,0,3,1,0,False,0,0,1,0,False,False,False,False,0,0,90,1872,19.81111111111111,20.40963522154532,109,22.569620253164558,20.30506798638561,0.8996636965364346,0.12222222222222222,1,0,58,False,2,0,0.0,0.0,0,13,1.0,11,2.2,2.0,10,29,32,136,39,168,887.95,23.45,20820.84,0.296,84.63,648,0,0.0,0.0,0.8777777777777778,VgCcxiCy.cpp,C:\Users\ad\Downloads\codepython\project\fraud_detection_system\dataset_CPP\human\VgCcxiCy.cpp,0,1872
1,1.0,0,0,0,0,0,0,0,0,0,0,0,0,0,0,0,0,0,0,0,0,1,0,0,0.0,0,0,0,0,0.0,0,0,0,False,0,0,0.0,3,3,0,0,1.0,0.0,0,0,0.0,0,0.0,4,6,3.7857142857142856,0,3,0,0,1.0,True,1.0,1,0.0,1.0,85.0,0.0,0,0,4,0.16666666666666666,1,6,0,0,0,0,0,False,0,0,0,0,0,2,0,0,False,0,0,0,0,False,False,False,False,0,0,29,413,13.275862068965518,14.904053028308448,56,16.041666666666668,14.967963473885002,0.9330678529175065,0.1724137931034483,1,0,10,False,2,0,0.0,0.034482758620689655,0,1,1.0,1,1.0,1.0,3,14,5,27,17,32,130.8,2.89,378.38,0.0436,100.0,121,0,0.0,0.0,0.8275862068965517,WYppkzQe.cpp,C:\Users\ad\Downloads\codepython\project\fraud_detection_system\dataset_CPP\human\WYppkzQe.cpp,0,413
3,1.8,0,0,0,0,0,3,0,0,0,0,0,0,0,0,0,0,0,0,0,0,2,0,0,0.0,0,0,0,0,0.0,0,0,3,False,0,0,0.0,11,11,0,0,1.0,0.0,11,11,1.0,14,0.5,42,11,3.791044776119403,0,0,1,0,1.0,True,0.0,1,0.0,1.0,85.0,0.0,0,0,4,0.07272727272727272,4,0,0,0,0,0,0,False,0,0,0,0,0,2,0,0,False,0,0,1,0,False,False,False,False,0,0,61,1091,16.901639344262296,18.077886970344473,78,18.745454545454546,18.107977329762882,0.9659929710348772,0.09836065573770492,1,0,37,False,2,0,0.0,0.0,0,9,1.0,6,1.5,1.8,8,22,17,82,30,99,485.78,14.91,7242.57,0.1619,92.82,405,0,0.0,0.0,0.9016393442622951,WP9q6RYy.cpp,C:\Users\ad\Downloads\codepython\project\fraud_detection_system\dataset_CPP\human\WP9q6RYy.cpp,0,1091
3,2.0,0,0,0,0,0,0,0,0,0,0,0,0,0,0,0,0,0,0,0,0,1,0,0,0.0,0,0,0,0,0.0,0,0,3,False,0,0,0.0,8,7,1,0,0.875,0.125,4,4,1.0,12,0.5,29,5,1.9736842105263157,0,0,0,0,1.0,True,0.0,1,0.0,1.0,85.0,0.0,0,0,4,0.10526315789473684,1,0,0,0,0,0,0,False,0,0,0,0,0,1,0,0,False,0,0,0,0,False,False,False,False,0,0,42,644,14.357142857142858,12.573254737492498,56,15.868421052631579,12.27785994688595,0.7737291508817017,0.09523809523809523,1,0,30,False,2,0,0.0,0.0,0,3,1.0,3,3.0,2.0,8,20,18,52,28,70,336.51,10.4,3499.75,0.1122,100.0,243,0,0.0,0.0,0.9047619047619048,VhaHrabt.cpp,C:\Users\ad\Downloads\codepython\project\fraud_detection_system\dataset_CPP\human\VhaHrabt.cpp,0,644
3,2.090909090909091,0,0,0,0,0,4,0,0,0,0,0,0,0,0,0,0,0,0,0,0,2,0,0,0.0,0,0,0,0,0.0,0,0,3,False,0,0,0.0,16,16,0,0,1.0,0.0,14,12,0.8571428571428571,16,0.5,25,10,3.1948051948051948,0,0,2,0,1.0,True,0.0,4,0.0,1.0,51.5,40.26474885057648,0,2,7,0.11290322580645161,3,0,0,0,0,0,0,False,0,0,0,0,0,1,0,0,False,0,0,1,0,False,False,False,False,0,0,70,1435,19.514285714285716,19.826204057936522,109,22.032258064516128,19.70587577506859,0.8944101742710489,0.11428571428571428,1,0,47,False,2,0,0.0,0.0,0,9,1.0,8,2.6666666666666665,2.090909090909091,6,24,24,96,30,120,588.83,12.0,7065.92,0.1963,94.0,469,0,0.0,0.0,0.8857142857142857,W4T4ImoY.cpp,C:\Users\ad\Downloads\codepython\project\fraud_detection_system\dataset_CPP\human\W4T4ImoY.cpp,0,1435
3,1.7777777777777777,0,0,0,0,0,2,0,0,0,0,0,0,0,0,0,0,0,0,0,0,4,0,0,0.0,0,0,0,0,0.0,0,0,3,False,0,0,0.0,25,25,0,0,1.0,0.0,13,13,1.0,10,0.5,56,9,2.0875,0,1,0,0,1.0,True,1.0,18,0.0,0.0,11.444444444444445,11.441747254983111,2,0,18,0.2465753424657534,4,0,0,0,0,0,0,False,0,0,0,0,0,3,0,0,False,0,0,1,0,False,False,False,False,0,0,79,1188,14.050632911392405,14.41684908619448,75,15.205479452054794,14.40030336829377,0.9470469782751759,0.0759493670886076,1,39,0,False,2,27,0.6923076923076923,0.0,0,8,1.0,7,1.75,1.7777777777777777,11,21,31,106,32,137,685.0,27.76,19016.9,0.2283,100.0,509,0,0.0,0.0,0.9240506329113924,W8mhRNu0.cpp,C:\Users\ad\Downloads\codepython\project\fraud_detection_system\dataset_CPP\human\W8mhRNu0.cpp,0,1188
3,1.8181818181818181,0,0,0,0,0,3,0,0,0,0,0,0,0,0,0,0,0,0,0,0,3,0,0,0.0,0,0,0,0,0.0,0,0,3,False,0,0,0.0,12,11,1,0,0.9166666666666666,0.08333333333333333,12,11,0.9166666666666666,18,0.5,41,12,2.7746478873239435,0,0,1,0,1.0,True,0.0,1,0.0,1.0,85.0,0.0,0,0,4,0.06349206349206349,4,0,0,0,0,0,0,False,0,0,0,0,0,3,0,0,False,0,0,1,0,False,False,False,False,0,0,70,1193,16.057142857142857,15.535108362568144,68,17.841269841269842,15.372833541215352,0.8616445846054868,0.1,1,0,45,False,2,0,0.0,0.0,0,10,1.0,7,1.75,1.8181818181818181,9,26,19,91,35,110,564.22,15.75,8886.48,0.1881,88.35,446,0,0.0,0.0,0.9,XDS2kqKo.cpp,C:\Users\ad\Downloads\codepython\project\fraud_detection_system\dataset_CPP\human\XDS2kqKo.cpp,0,1193
2,1.5,0,0,0,0,0,0,0,0,0,0,0,0,0,0,0,0,0,0,0,0,0,0,0,0.0,0,0,0,0,0.0,0,0,2,False,0,0,0.0,2,2,0,0,1.0,0.0,3,3,1.0,6,0.5,14,4,2.1052631578947367,0,0,0,0,1.0,True,0.0,1,0.0,1.0,85.0,0.0,0,0,4,0.17391304347826086,1,0,0,0,0,0,0,False,0,0,0,0,0,1,0,0,False,0,0,0,0,False,False,False,False,0,0,26,385,13.846153846153847,14.119523601933679,56,15.652173913043478,14.039102831647767,0.8969426809108295,0.11538461538461539,1,0,16,False,2,0,0.0,0.0,0,2,1.0,1,1.0,1.5,5,12,7,25,17,32,130.8,5.21,681.24,0.0436,100.0,121,0,0.0,0.0,0.8846153846153846,XG0SDxsw.cpp,C:\Users\ad\Downloads\codepython\project\fraud_detection_system\dataset_CPP\human\XG0SDxsw.cpp,0,385
3,1.875,0,0,0,0,0,0,0,0,0,0,0,0,0,0,0,0,0,0,0,0,2,0,0,0.0,0,0,0,0,0.0,0,0,2,False,0,0,0.0,3,3,0,0,1.0,0.0,6,6,1.0,14,0.42857142857142855,0,15,5.428571428571429,0,4,0,0,1.0,True,1.0,1,0.0,1.0,85.0,0.0,0,0,4,0.08888888888888889,3,0,0,0,0,0,0,False,0,0,0,0,0,2,0,0,False,0,0,1,0,False,False,False,True,1,0,49,809,15.53061224489796,14.201325090252448,56,16.91111111111111,14.009238574315834,0.8284043835009363,0.08163265306122448,1,0,31,False,2,0,0.0,0.0,0,7,1.0,4,1.3333333333333333,1.875,4,21,6,47,25,53,246.12,4.48,1101.7,0.082,100.0,253,0,0.0,0.0,0.9183673469387755,Wm4yz1lO.cpp,C:\Users\ad\Downloads\codepython\project\fraud_detection_system\dataset_CPP\human\Wm4yz1lO.cpp,0,809
3,1.8,0,0,0,0,0,3,0,0,0,0,0,0,0,0,0,0,0,0,0,0,2,0,0,0.0,0,0,0,0,0.0,0,0,3,False,0,0,0.0,10,10,0,0,1.0,0.0,11,11,1.0,14,0.5,40,10,2.984375,0,1,1,0,0.5,False,0.0,1,0.0,1.0,85.0,0.0,0,0,4,0.07272727272727272,4,0,0,0,0,0,0,False,0,0,0,0,0,2,0,0,False,0,0,1,0,False,False,False,False,0,0,61,1065,16.475409836065573,16.746525509350086,70,18.272727272727273,16.679278974447246,0.9127963617856701,0.09836065573770492,1,0,37,False,2,0,0.0,0.0,0,9,1.0,6,1.5,1.8,7,21,16,79,28,95,456.7,13.17,6013.2,0.1522,93.14,392,0,0.0,0.0,0.9016393442622951,Wh1pnkeK.cpp,C:\Users\ad\Downloads\codepython\project\fraud_detection_system\dataset_CPP\human\Wh1pnkeK.cpp,0,1065
5,2.3846153846153846,0,0,0,0,0,4,0,0,0,0,0,0,0,0,0,0,0,0,0,0,4,0,0,0.0,0,0,0,0,0.0,0,0,3,False,0,0,0.0,16,16,0,0,1.0,0.0,17,17,1.0,24,0.5,48,13,2.9591836734693877,0,0,1,0,1.0,True,0.0,5,0.0,0.2,60.2,25.055139193387053,0,3,8,0.1111111111111111,4,0,0,0,0,0,0,False,0,0,0,0,0,2,0,0,False,0,0,1,0,False,False,False,False,0,0,81,1823,21.51851851851852,24.337701845871695,116,24.09722222222222,24.620542305056194,1.02171702937409,0.1111111111111111,2,0,54,False,2,0,0.0,0.024691358024691357,0,10,1.0,9,2.25,2.3846153846153846,12,28,29,119,40,148,787.65,25.5,20084.96,0.2625,89.66,554,0,0.0,0.0,0.8888888888888888,XLLrbD59.cpp,C:\Users\ad\Downloads\codepython\project\fraud_detection_system\dataset_CPP\human\XLLrbD59.cpp,0,1823
3,1.875,0,0,0,0,0,5,0,0,0,0,0,0,0,0,0,0,0,0,0,0,4,0,0,0.0,0,0,0,0,0.0,0,0,3,False,0,0,0.0,15,15,0,0,1.0,0.0,17,17,1.0,18,0.5,55,13,3.131868131868132,0,0,4,0,1.0,True,0.0,5,0.0,0.4,56.4,19.985995096566995,0,0,8,0.1,6,0,0,0,0,0,0,False,0,0,0,0,0,6,0,0,False,0,0,1,0,False,False,False,False,0,0,89,1669,17.764044943820224,18.469545216175796,74,19.7625,18.43925415384256,0.933042588429731,0.10112359550561797,1,0,55,False,2,0,0.0,0.011235955056179775,0,15,1.0,10,1.6666666666666667,1.875,12,26,23,112,38,135,708.47,25.85,18311.23,0.2362,87.11,553,0,0.0,0.0,0.898876404494382,Wk8SrCl3.cpp,C:\Users\ad\Downloads\codepython\project\fraud_detection_system\dataset_CPP\human\Wk8SrCl3.cpp,0,1669
3,2.0,0,0,0,0,0,0,0,0,0,0,0,0,0,0,0,0,0,0,0,0,1,0,0,0.0,0,0,0,0,0.0,0,0,2,False,0,0,0.0,9,9,0,0,1.0,0.0,2,2,1.0,6,0.5,16,4,2.1818181818181817,0,0,0,0,1.0,True,0.0,1,0.0,1.0,85.0,0.0,0,0,4,0.13333333333333333,1,0,0,0,0,0,0,False,0,0,0,0,0,1,0,0,False,0,0,0,0,False,False,False,False,0,0,34,540,14.911764705882353,15.79532255235302,67,16.9,15.784697230756969,0.934005753299229,0.11764705882352941,1,0,23,False,2,0,0.0,0.0,0,3,1.0,3,3.0,2.0,7,14,14,35,21,49,215.22,8.75,1883.21,0.0717,100.0,182,0,0.0,0.0,0.8823529411764706,X4uCIc79.cpp,C:\Users\ad\Downloads\codepython\project\fraud_detection_system\dataset_CPP\human\X4uCIc79.cpp,0,540
3,2.0,0,0,0,0,0,0,0,0,0,0,0,0,0,0,0,0,0,0,0,0,1,0,0,0.0,0,0,0,0,0.0,0,0,3,False,0,0,0.0,4,4,0,0,1.0,0.0,2,2,1.0,6,0.5,15,5,2.3181818181818183,0,0,0,0,1.0,True,0.0,1,0.0,1.0,85.0,0.0,0,0,4,0.12903225806451613,1,0,0,0,0,0,0,False,0,0,0,0,0,1,0,0,False,0,0,0,0,False,False,False,False,0,0,36,528,13.694444444444445,13.498599607293515,56,15.903225806451612,13.28437073117146,0.8353255429337024,0.1388888888888889,1,0,23,False,2,0,0.0,0.0,0,3,1.0,3,3.0,2.0,6,14,9,31,20,40,172.88,6.64,1148.4,0.0576,100.0,164,0,0.0,0.0,0.8611111111111112,WmgMSmzq.cpp,C:\Users\ad\Downloads\codepython\project\fraud_detection_system\dataset_CPP\human\WmgMSmzq.cpp,0,528
3,2.0,0,0,0,0,0,0,0,0,0,0,0,0,0,0,0,0,0,0,0,0,5,0,0,0.0,0,0,0,0,0.0,0,0,2,False,0,0,0.0,9,9,0,0,1.0,0.0,6,6,1.0,4,0.5,20,4,2.413793103448276,0,0,0,0,1.0,True,0.0,1,0.0,1.0,85.0,0.0,0,0,4,0.1111111111111111,1,0,0,0,0,0,0,False,0,0,0,0,0,1,0,0,False,0,0,0,0,False,False,False,False,0,0,38,879,22.157894736842106,17.153373637474765,63,23.38888888888889,16.786697408261794,0.7177210293318582,0.05263157894736842,1,0,29,False,2,0,0.0,0.0,0,2,1.0,6,6.0,2.0,7,13,12,44,20,56,242.03,11.85,2867.1,0.0807,100.0,224,0,0.0,0.0,0.9473684210526315,WzxqC2NE.cpp,C:\Users\ad\Downloads\codepython\project\fraud_detection_system\dataset_CPP\human\WzxqC2NE.cpp,0,879
2,1.3333333333333333,0,0,0,0,0,0,0,0,0,0,0,0,0,0,0,0,0,0,0,0,1,0,0,0.0,0,0,0,0,0.0,0,0,2,False,0,0,0.0,2,2,0,0,1.0,0.0,3,3,1.0,2,0.5,8,5,3.0625,0,1,0,0,1.0,True,1.0,0,0.0,0.0,0.0,0.0,0,0,0,0.0,2,0,0,0,0,0,0,False,0,0,0,0,0,3,0,0,False,0,0,0,0,False,False,False,False,0,0,23,257,10.217391304347826,13.628475693064361,57,13.0,14.200938936093861,1.0923799181610663,0.21739130434782608,2,10,0,False,2,9,0.9,0.043478260869565216,0,3,1.0,1,0.5,1.3333333333333333,3,11,3,22,14,25,95.18,3.0,285.55,0.0317,100.0,121,0,0.0,0.0,0.782608695652174,Y8ypt66R.cpp,C:\Users\ad\Downloads\codepython\project\fraud_detection_system\dataset_CPP\human\Y8ypt66R.cpp,0,257
6,2.8,0,0,0,0,0,7,0,0,0,0,0,0,0,0,0,0,0,0,0,0,5,0,0,0.0,0,0,0,0,0.0,0,0,3,False,0,0,0.0,28,28,0,0,1.0,0.0,23,21,0.9130434782608695,22,0.5,75,11,3.00709219858156,0,0,4,0,1.0,True,0.0,5,0.0,1.0,68.4,49.39068738132726,0,2,15,0.14705882352941177,5,0,0,0,0,0,0,False,0,0,0,0,0,1,0,0,False,0,0,1,0,False,False,False,False,0,0,115,2403,19.904347826086955,19.050036591562932,109,22.362745098039216,18.85277803198405,0.8430439979230044,0.11304347826086956,2,0,73,False,2,0,0.0,0.05217391304347826,0,17,1.0,14,2.8,2.8,11,29,41,167,40,208,1106.96,31.67,35060.13,0.369,84.39,789,0,0.0,0.0,0.8869565217391304,XQolxvQL.cpp,C:\Users\ad\Downloads\codepython\project\fraud_detection_system\dataset_CPP\human\XQolxvQL.cpp,0,2403
4,2.0,0,0,0,0,0,5,0,0,0,0,0,0,0,0,0,0,0,0,0,0,3,0,0,0.0,0,0,0,0,0.0,0,0,3,False,0,0,0.0,16,16,0,0,1.0,0.0,17,17,1.0,18,0.5,65,11,2.9361702127659575,0,0,3,0,1.0,True,0.0,2,0.0,1.0,51.0,34.0,0,0,5,0.0684931506849315,5,0,0,0,0,0,0,False,0,0,0,0,0,1,0,0,False,0,0,1,0,False,False,False,False,0,0,80,1458,17.2375,17.07501372620239,81,18.89041095890411,16.97908596200294,0.8988203591198076,0.0875,1,0,52,False,2,0,0.0,0.0,0,13,1.0,9,1.8,2.0,11,23,27,113,34,140,712.24,27.02,19246.09,0.2374,84.99,540,0,0.0,0.0,0.9125,Xs0LsAKw.cpp,C:\Users\ad\Downloads\codepython\project\fraud_detection_system\dataset_CPP\human\Xs0LsAKw.cpp,0,1458
3,1.8,0,0,0,0,0,5,0,0,0,0,0,0,0,0,0,0,0,0,0,0,3,0,0,0.0,0,0,0,0,0.0,0,0,3,False,0,0,0.0,14,14,0,0,1.0,0.0,24,24,1.0,22,0.5,78,12,2.210526315789474,0,0,3,0,1.0,True,0.0,4,0.0,1.0,55.75,24.324627438051337,0,0,7,0.08536585365853659,6,0,0,0,0,0,0,False,0,0,0,0,0,2,0,0,False,0,0,1,0,False,False,False,False,0,0,92,1706,17.554347826086957,18.617058639880685,93,19.695121951219512,18.619874658606086,0.9454054006227239,0.10869565217391304,1,0,56,False,2,0,0.0,0.010869565217391304,0,14,1.0,9,1.5,1.8,9,28,24,134,37,158,823.09,21.54,17725.91,0.2744,84.5,649,0,0.0,0.0,0.8913043478260869,XkqRc8Nw.cpp,C:\Users\ad\Downloads\codepython\project\fraud_detection_system\dataset_CPP\human\XkqRc8Nw.cpp,0,1706
3,1.8,0,0,0,0,0,3,0,0,0,0,0,0,0,0,0,0,0,0,0,0,2,0,0,0.0,0,0,0,0,0.0,0,0,3,False,0,0,0.0,10,10,0,0,1.0,0.0,11,11,1.0,14,0.5,41,9,2.3333333333333335,0,0,0,0,1.0,True,0.0,1,0.0,1.0,85.0,0.0,0,0,4,0.07272727272727272,4,0,0,0,0,0,0,False,0,0,0,0,0,3,0,0,False,0,0,1,0,False,False,False,False,0,0,61,1029,15.885245901639344,15.529029780483357,68,17.545454545454547,15.465878197818325,0.8814749231917179,0.09836065573770492,1,0,37,False,2,0,0.0,0.01639344262295082,0,9,1.0,6,1.5,1.8,6,23,15,78,29,93,451.79,10.17,4596.49,0.1506,93.2,391,0,0.0,0.0,0.9016393442622951,Xwjwnhkl.cpp,C:\Users\ad\Downloads\codepython\project\fraud_detection_system\dataset_CPP\human\Xwjwnhkl.cpp,0,1029
3,1.8,0,0,0,0,0,3,0,0,0,0,0,0,0,0,0,0,0,0,0,0,2,0,0,0.0,0,0,0,0,0.0,0,0,3,False,0,0,0.0,10,9,1,0,0.9,0.1,11,11,1.0,12,0.5,40,9,2.377049180327869,0,0,0,0,1.0,True,0.0,1,0.0,1.0,85.0,0.0,0,0,4,0.07407407407407407,4,0,0,0,0,0,0,False,0,0,0,0,0,3,0,0,False,0,0,1,0,False,False,False,False,0,0,60,981,15.366666666666667,14.917513942417555,68,17.074074074074073,14.768399511885542,0.8649604920193269,0.1,1,0,36,False,2,4,0.1111111111111111,0.0,0,9,1.0,6,1.5,1.8,6,20,15,76,26,91,427.74,11.4,4876.24,0.1426,93.96,383,0,0.0,0.0,0.9,Xy3dJd04.cpp,C:\Users\ad\Downloads\codepython\project\fraud_detection_system\dataset_CPP\human\Xy3dJd04.cpp,0,981
5,2.5555555555555554,0,0,0,0,0,2,0,0,0,0,0,0,0,0,0,0,0,0,0,0,3,0,0,0.0,0,0,0,0,0.0,0,0,4,False,0,0,0.0,6,6,0,0,1.0,0.0,5,5,1.0,22,0.5,11,14,3.4339622641509435,0,0,1,0,1.0,True,0.0,7,0.0,0.2857142857142857,52.285714285714285,34.62746344290607,1,4,10,0.1724137931034483,3,0,0,0,0,0,0,False,0,0,0,0,0,4,0,0,False,0,0,0,0,False,False,False,False,0,0,64,1444,21.578125,23.67409230539526,120,23.810344827586206,23.775862068965512,0.9985517740767558,0.09375,1,0,41,False,2,0,0.0,0.015625,0,7,1.0,6,2.0,2.5555555555555554,5,26,13,66,31,79,391.38,6.35,2483.77,0.1305,100.0,344,0,0.0,0.0,0.90625,Y658GDlC.cpp,C:\Users\ad\Downloads\codepython\project\fraud_detection_system\dataset_CPP\human\Y658GDlC.cpp,0,1444
2,1.3333333333333333,0,0,0,0,0,1,0,0,0,0,0,0,0,0,0,0,0,0,0,0,2,0,0,0.0,0,0,0,0,0.0,0,0,3,False,0,0,0.0,7,7,0,0,1.0,0.0,24,24,1.0,8,0.5,43,9,2.590909090909091,0,3,0,0,1.0,True,1.0,1,0.0,1.0,85.0,0.0,0,0,4,0.09523809523809523,4,0,0,0,0,0,0,False,0,0,0,0,0,6,0,0,False,0,0,0,0,False,False,False,False,0,0,50,879,16.6,18.32157198495806,64,19.761904761904763,18.361203306103675,0.9291211311522342,0.16,2,0,25,False,2,0,0.0,0.0,0,6,1.0,3,0.75,1.3333333333333333,7,23,11,80,30,91,446.53,12.17,5435.98,0.1488,100.0,351,0,0.0,0.0,0.84,YIFLXcoR.cpp,C:\Users\ad\Downloads\codepython\project\fraud_detection_system\dataset_CPP\human\YIFLXcoR.cpp,0,879
4,2.2916666666666665,0,0,0,0,0,9,0,0,0,0,0,0,0,0,0,0,0,0,0,0,8,0,0,0.0,0,0,0,0,0.0,0,0,3,False,0,0,0.0,30,30,0,0,1.0,0.0,20,18,0.9,28,0.5,57,14,3.3208955223880596,0,0,4,0,1.0,True,0.0,4,0.0,1.0,51.5,40.26474885057648,0,2,7,0.06481481481481481,5,0,0,0,0,0,0,False,0,0,0,0,0,5,1,0,False,0,0,1,0,False,False,False,False,0,0,119,2357,18.81512605042017,19.335588464968748,109,20.73148148148148,19.292872643602077,0.9306075236753124,0.09243697478991597,1,0,87,False,2,0,0.0,0.01680672268907563,0,22,1.0,20,4.0,2.2916666666666665,12,31,46,172,43,218,1182.93,33.29,39379.98,0.3943,72.97,826,0,0.0,0.0,0.907563025210084,Y17Gqx5k.cpp,C:\Users\ad\Downloads\codepython\project\fraud_detection_system\dataset_CPP\human\Y17Gqx5k.cpp,0,2357
3,2.0,0,0,0,0,0,4,0,0,0,0,0,0,0,0,0,0,0,0,0,0,1,0,0,0.0,0,0,0,0,0.0,0,0,3,False,0,0,0.0,10,10,0,0,1.0,0.0,9,6,0.6666666666666666,12,0.5,39,7,2.5254237288135593,0,0,2,0,1.0,True,0.0,1,0.0,1.0,85.0,0.0,0,0,4,0.0851063829787234,3,0,0,0,0,0,0,False,0,0,0,0,0,1,0,0,False,0,0,1,0,False,False,False,False,0,0,51,916,16.980392156862745,15.830586175809865,68,18.425531914893618,15.662320527033492,0.8500335620907322,0.0784313725490196,1,0,32,False,2,0,0.0,0.0,0,8,1.0,6,2.0,2.0,5,19,16,73,24,89,408.06,9.61,3919.54,0.136,97.82,361,0,0.0,0.0,0.9215686274509803,YQNn2EGH.cpp,C:\Users\ad\Downloads\codepython\project\fraud_detection_system\dataset_CPP\human\YQNn2EGH.cpp,0,916
3,1.8,0,0,0,0,0,3,0,0,0,0,0,0,0,0,0,0,0,0,0,0,2,0,0,0.0,0,0,0,0,0.0,0,0,2,False,0,0,0.0,10,10,0,0,1.0,0.0,11,11,1.0,14,0.5,41,9,2.1818181818181817,0,0,0,0,1.0,True,0.0,1,0.0,1.0,85.0,0.0,0,0,4,0.07407407407407407,4,0,0,0,0,0,0,False,0,0,0,0,0,2,0,0,False,0,0,1,0,False,False,False,False,0,0,61,997,15.360655737704919,15.304593531896408,68,17.35185185185185,15.167164103451086,0.8740948362714607,0.11475409836065574,1,0,37,False,2,0,0.0,0.0,0,9,1.0,6,1.5,1.8,7,20,16,80,27,96,456.47,14.0,6390.57,0.1522,93.62,394,0,0.0,0.0,0.8852459016393442,YWNstpxl.cpp,C:\Users\ad\Downloads\codepython\project\fraud_detection_system\dataset_CPP\human\YWNstpxl.cpp,0,997
3,2.0,0,0,0,0,0,0,0,0,0,0,0,0,0,0,0,0,0,0,0,0,1,0,0,0.0,0,0,0,0,0.0,0,0,2,False,0,0,0.0,7,6,1,0,0.8571428571428571,0.14285714285714285,3,3,1.0,12,0.5,28,4,1.9722222222222223,0,0,0,0,1.0,True,0.0,1,0.0,1.0,85.0,0.0,0,0,4,0.10810810810810811,1,0,0,0,0,0,0,False,0,0,0,0,0,1,0,0,False,0,0,0,0,False,False,False,False,0,0,42,608,13.5,12.136623049580926,56,15.324324324324325,11.800261229481444,0.7700346834053147,0.11904761904761904,1,0,30,False,2,0,0.0,0.0,0,3,1.0,3,3.0,2.0,8,18,17,49,26,66,310.23,10.89,3378.05,0.1034,100.0,225,0,0.0,0.0,0.8809523809523809,YXoSb2mF.cpp,C:\Users\ad\Downloads\codepython\project\fraud_detection_system\dataset_CPP\human\YXoSb2mF.cpp,0,608
3,1.9,0,0,0,0,0,20,0,0,0,0,0,0,0,0,0,0,0,0,0,0,1,0,0,0.0,5,2,0,0,0.0,0,0,1,False,1,1,1.0,58,46,11,1,0.7931034482758621,0.1896551724137931,44,44,1.0,52,0.4423076923076923,140,21,3.5498154981549814,0,0,8,0,1.0,True,0.0,8,0.0,1.0,28.0,23.531893251500186,0,6,11,0.0728476821192053,9,0,0,0,0,0,0,False,0,0,0,0,0,1,0,0,True,0,0,0,0,False,False,False,False,1,0,164,3533,20.548780487804876,18.64962723685827,80,22.31788079470199,18.3921127858523,0.8240976352117796,0.07926829268292683,2,0,120,False,2,0,0.0,0.012195121951219513,0,30,1.0,21,2.3333333333333335,1.9,12,36,98,313,48,411,2295.42,52.17,119744.39,0.7651,64.95,1491,3,0.0,0.002012072434607646,0.9207317073170732,YO2D6IsE.cpp,C:\Users\ad\Downloads\codepython\project\fraud_detection_system\dataset_CPP\human\YO2D6IsE.cpp,0,3533
3,1.8333333333333333,0,0,0,0,0,3,0,0,0,0,0,0,0,0,0,0,0,0,0,0,4,0,0,0.0,0,0,0,0,0.0,0,0,3,False,0,0,0.0,15,15,0,0,1.0,0.0,11,11,1.0,14,0.5,40,10,2.791044776119403,0,0,1,0,1.0,True,0.0,1,0.0,1.0,85.0,0.0,0,0,4,0.06349206349206349,4,0,0,0,0,0,0,False,0,0,0,0,0,4,0,0,False,0,0,1,0,False,False,False,False,0,0,69,1141,15.55072463768116,14.873901110922745,68,17.03174603174603,14.733579241611096,0.8650656963853672,0.08695652173913043,1,0,45,False,2,0,0.0,0.0,0,11,1.0,8,2.0,1.8333333333333333,9,23,21,86,32,107,535.0,16.83,9001.96,0.1783,88.4,429,0,0.0,0.0,0.9130434782608695,Yhm8XODY.cpp,C:\Users\ad\Downloads\codepython\project\fraud_detection_system\dataset_CPP\human\Yhm8XODY.cpp,0,1141
3,1.8888888888888888,0,0,0,0,0,5,0,0,0,0,0,0,0,0,0,0,0,0,0,0,5,0,0,0.0,0,0,0,0,0.0,0,0,3,False,0,0,0.0,17,17,0,0,1.0,0.0,16,16,1.0,20,0.5,67,13,3.8316831683168315,0,0,2,0,1.0,True,0.0,1,0.0,1.0,85.0,0.0,0,0,4,0.047058823529411764,6,0,0,0,0,0,0,False,0,0,0,0,0,4,0,0,False,0,0,1,0,False,False,False,False,0,0,91,1673,17.395604395604394,16.787540592361957,71,18.623529411764707,16.6986977094117,0.8966451707517337,0.06593406593406594,1,0,61,False,2,4,0.06557377049180328,0.0,0,16,1.0,11,1.8333333333333333,1.8888888888888888,9,27,25,122,36,147,759.98,20.33,15452.91,0.2533,78.49,605,0,0.0,0.0,0.9340659340659341,Ycrff87G.cpp,C:\Users\ad\Downloads\codepython\project\fraud_detection_system\dataset_CPP\human\Ycrff87G.cpp,0,1673
0,0.0,0,0,0,0,0,0,0,0,0,0,0,0,0,0,0,0,0,0,0,0,0,0,0,0.0,0,0,0,0,0.0,0,0,1,False,1,1,1.0,0,0,0,0,0.0,0.0,0,0,0.0,0,0.0,0,9,6.111111111111111,0,3,4,0,0.5714285714285714,False,0.0,1,0.0,1.0,85.0,0.0,0,0,4,0.16,0,7,0,0,0,0,0,False,0,0,0,0,0,0,0,0,True,0,0,0,0,False,False,False,False,1,0,28,425,14.214285714285714,13.080402852187321,56,15.92,12.82472611793328,0.8055732486138995,0.10714285714285714,1,0,9,False,2,0,0.0,0.0,0,0,1.0,0,0.0,0.0,0,16,0,22,16,22,88.0,0.0,0.0,0.0,100.0,94,0,0.0,0.0,0.8928571428571429,Ya7r8fJl.cpp,C:\Users\ad\Downloads\codepython\project\fraud_detection_system\dataset_CPP\human\Ya7r8fJl.cpp,0,425
2,1.1,0,0,0,0,0,0,0,0,0,0,0,0,0,0,0,0,0,0,0,0,0,0,0,0.0,0,0,0,0,0.0,0,0,2,False,0,0,0.0,25,25,0,0,1.0,0.0,20,20,1.0,36,0.5,83,20,4.968253968253968,0,0,10,0,1.0,True,0.0,10,0.0,0.3,46.0,43.662340752644035,0,0,19,0.16964285714285715,9,2,0,0,0,0,0,False,0,0,0,0,0,7,0,0,False,0,0,0,0,False,False,False,False,0,7,135,2853,20.14074074074074,20.77682575227006,119,24.276785714285715,20.4918144901065,0.8440909241971047,0.17037037037037037,1,0,60,False,2,0,0.0,0.014814814814814815,0,10,1.0,1,0.1111111111111111,1.1,9,37,85,249,46,334,1844.87,30.28,55869.63,0.615,85.01,898,0,0.0,0.0,0.8296296296296296,Yne6WjGl.cpp,C:\Users\ad\Downloads\codepython\project\fraud_detection_system\dataset_CPP\human\Yne6WjGl.cpp,0,2853
1,1.0,0,0,0,0,0,0,0,0,0,0,0,0,0,0,0,0,0,0,0,0,0,0,0,0.0,0,0,0,0,0.0,0,0,0,False,0,0,0.0,0,0,0,0,0.0,0.0,0,0,0.0,0,0.0,3,3,2.8333333333333335,0,2,0,0,1.0,True,0.0,1,0.0,1.0,85.0,0.0,0,0,4,0.4444444444444444,1,0,0,0,0,0,0,False,0,0,0,0,0,0,0,0,False,0,0,0,0,False,False,False,False,0,0,10,157,14.8,17.03408347989407,56,16.444444444444443,17.185983378653603,1.0450935838370434,0.1,1,0,4,False,2,0,0.0,0.0,0,1,1.0,0,0.0,1.0,2,5,4,7,7,11,30.88,1.4,43.23,0.0103,100.0,37,0,0.0,0.0,0.9,Yob0QLF9.cpp,C:\Users\ad\Downloads\codepython\project\fraud_detection_system\dataset_CPP\human\Yob0QLF9.cpp,0,157
5,2.2857142857142856,0,0,0,0,0,5,0,0,0,0,0,0,0,0,0,0,0,0,0,0,8,0,0,0.0,0,0,0,0,0.0,0,0,3,False,0,0,0.0,21,21,0,0,1.0,0.0,15,15,1.0,20,0.5,59,14,3.297872340425532,0,0,4,0,1.0,True,0.0,5,0.0,0.6,35.6,27.889783075527856,0,2,8,0.08421052631578947,6,0,0,0,0,0,0,False,0,0,0,0,0,8,0,0,False,0,0,1,0,False,False,False,False,0,0,104,1898,17.259615384615383,17.007348633587153,78,18.852631578947367,16.94633537224129,0.8988843441445687,0.08653846153846154,2,0,71,False,2,0,0.0,0.009615384615384616,0,17,1.0,14,2.3333333333333335,2.3,12,29,29,126,41,155,830.42,26.07,21648.2,0.2768,80.78,635,0,0.0,0.0,0.9134615384615384,YqvzObDc.cpp,C:\Users\ad\Downloads\codepython\project\fraud_detection_system\dataset_CPP\human\YqvzObDc.cpp,0,1898
3,1.8461538461538463,0,0,0,0,0,4,0,0,0,0,0,0,0,0,0,0,0,0,0,0,3,0,0,0.0,0,0,0,0,0.0,0,0,3,False,0,0,0.0,12,12,0,0,1.0,0.0,13,13,1.0,16,0.5,52,10,2.5125,0,0,2,0,1.0,True,0.0,1,0.0,1.0,85.0,0.0,0,0,4,0.06060606060606061,5,0,0,0,0,0,0,False,0,0,0,0,0,2,0,0,False,0,0,1,0,False,False,False,False,0,0,72,1208,15.791666666666666,14.894944612183025,68,17.227272727272727,14.740991552671177,0.8556776099175881,0.08333333333333333,1,0,45,False,2,0,0.0,0.0,0,12,1.0,8,1.6,1.8461538461538463,8,22,19,96,30,115,564.29,17.45,9849.47,0.1881,86.95,477,0,0.0,0.0,0.9166666666666666,Yqq2pxXw.cpp,C:\Users\ad\Downloads\codepython\project\fraud_detection_system\dataset_CPP\human\Yqq2pxXw.cpp,0,1208
3,2.0,0,0,0,0,0,0,0,0,0,0,0,0,0,0,0,0,0,0,0,0,1,0,0,0.0,0,0,0,0,0.0,0,0,3,False,0,0,0.0,8,8,0,0,1.0,0.0,3,3,1.0,8,0.5,9,6,4.333333333333333,0,0,0,0,1.0,True,0.0,1,0.0,1.0,85.0,0.0,0,0,4,0.12903225806451613,1,0,0,0,0,0,0,False,0,0,0,0,0,1,0,0,False,0,0,0,0,False,False,False,False,0,0,36,599,15.666666666666666,14.632536045098645,56,18.06451612903226,14.381743543343905,0.7961322318636804,0.1388888888888889,3,0,23,False,2,1,0.043478260869565216,0.027777777777777776,0,3,1.0,3,3.0,2.0,9,16,13,37,25,50,232.19,10.41,2416.26,0.0774,100.0,182,0,0.0,0.0,0.8611111111111112,YsDrc1Wk.cpp,C:\Users\ad\Downloads\codepython\project\fraud_detection_system\dataset_CPP\human\YsDrc1Wk.cpp,0,599
1,1.0,0,0,0,0,0,0,0,0,0,0,0,0,0,0,0,0,0,0,0,0,0,0,0,0.0,0,0,0,0,0.0,0,0,2,False,0,0,0.0,2,2,0,0,1.0,0.0,6,6,1.0,2,0.5,15,14,5.0212765957446805,0,0,7,0,1.0,True,0.0,1,0.0,1.0,85.0,0.0,0,0,4,0.09523809523809523,4,2,0,0,0,0,0,False,0,0,0,0,0,2,0,0,False,0,0,0,0,False,False,False,False,0,0,51,879,16.254901960784313,15.967912846601553,56,19.738095238095237,15.519664214288367,0.7862797310013407,0.17647058823529413,1,0,22,False,2,0,0.0,0.0196078431372549,0,4,1.0,0,0.0,1.0,4,27,12,66,31,78,386.43,4.89,1889.2,0.1288,100.0,306,0,0.0,0.0,0.8235294117647058,YytbYJNb.cpp,C:\Users\ad\Downloads\codepython\project\fraud_detection_system\dataset_CPP\human\YytbYJNb.cpp,0,879
3,1.8,0,0,0,0,0,3,0,0,0,0,0,0,0,0,0,0,0,0,0,0,3,0,0,0.0,0,0,0,0,0.0,0,0,3,False,0,0,0.0,16,16,0,0,1.0,0.0,12,12,1.0,12,0.5,53,9,2.1052631578947367,0,1,0,0,1.0,True,1.0,1,0.0,1.0,85.0,0.0,0,0,4,0.06779661016949153,4,0,0,0,0,0,0,False,0,0,0,0,0,2,0,0,False,0,0,1,0,False,False,False,False,0,0,66,1093,15.575757575757576,14.421218170355377,68,17.423728813559322,14.157950859380307,0.812567218583111,0.10606060606060606,1,0,41,False,2,0,0.0,0.0,0,9,1.0,7,1.75,1.8,9,22,23,95,31,118,584.6,19.43,11359.75,0.1949,89.83,456,0,0.0,0.0,0.8939393939393939,Yxqa24pa.cpp,C:\Users\ad\Downloads\codepython\project\fraud_detection_system\dataset_CPP\human\Yxqa24pa.cpp,0,1093
2,1.4,0,0,0,0,0,1,0,0,0,0,0,0,0,0,0,0,0,0,0,0,0,0,0,0.0,0,0,0,0,0.0,0,0,4,False,0,0,0.0,2,2,0,0,1.0,0.0,6,6,1.0,14,0.5,15,11,3.1578947368421053,0,0,0,0,1.0,True,0.0,3,0.0,1.0,53.666666666666664,29.578520735305357,0,1,6,0.15384615384615385,3,0,0,0,0,0,0,False,0,0,0,0,0,3,0,0,False,0,0,0,0,False,False,False,False,0,0,45,752,15.733333333333333,15.274379420017908,65,18.153846153846153,15.00861028353385,0.826745481720085,0.13333333333333333,1,0,23,False,2,0,0.0,0.0,0,5,1.0,2,0.6666666666666666,1.4,4,22,7,49,26,56,263.22,4.45,1172.55,0.0877,100.0,254,0,0.0,0.0,0.8666666666666667,ZEQYuw4w.cpp,C:\Users\ad\Downloads\codepython\project\fraud_detection_system\dataset_CPP\human\ZEQYuw4w.cpp,0,752
3,1.7142857142857142,0,0,0,0,0,2,0,0,0,0,0,0,0,0,0,0,0,0,0,0,1,0,0,0.0,0,0,0,0,0.0,0,0,4,False,0,0,0.0,8,8,0,0,1.0,0.0,3,3,1.0,18,0.5,19,13,3.0,0,0,0,0,1.0,True,0.0,9,0.1111111111111111,0.5555555555555556,45.44444444444444,40.84417845397612,1,5,19,0.3275862068965517,3,0,0,0,0,0,0,False,0,0,0,0,0,3,0,0,False,0,0,0,0,False,False,False,False,0,0,65,1208,17.6,17.751099640910656,90,19.724137931034484,17.641832244596714,0.8944285578554277,0.1076923076923077,2,0,35,False,2,0,0.0,0.0,0,6,1.0,4,1.3333333333333333,1.7142857142857142,10,25,14,62,35,76,389.83,12.4,4833.84,0.1299,100.0,319,0,0.0,0.0,0.8923076923076924,ZU42b1Y6.cpp,C:\Users\ad\Downloads\codepython\project\fraud_detection_system\dataset_CPP\human\ZU42b1Y6.cpp,0,1208
4,2.5,0,0,0,0,0,0,0,0,0,0,0,0,0,0,0,0,0,0,0,0,3,0,0,0.0,0,0,0,0,0.0,0,0,2,False,0,0,0.0,8,8,0,0,1.0,0.0,5,4,0.8,6,0.5,21,4,2.2413793103448274,0,0,0,0,1.0,True,0.0,1,0.0,1.0,85.0,0.0,0,0,4,0.10526315789473684,1,0,0,0,0,0,0,False,0,0,0,0,0,1,0,0,False,0,0,0,0,False,False,False,False,0,0,41,696,16.0,14.390037203972312,56,17.263157894736842,14.199118227860257,0.8225098973455637,0.07317073170731707,1,0,31,False,2,2,0.06451612903225806,0.0,0,5,1.0,5,5.0,2.5,7,16,13,43,23,56,253.32,9.41,2382.79,0.0844,100.0,216,0,0.0,0.0,0.926829268292683,ZXCJZBRQ.cpp,C:\Users\ad\Downloads\codepython\project\fraud_detection_system\dataset_CPP\human\ZXCJZBRQ.cpp,0,696
3,1.8888888888888888,0,0,0,0,0,1,0,0,0,0,0,0,0,0,0,0,0,0,0,0,4,0,0,0.0,0,0,0,0,0.0,0,0,3,False,0,0,0.0,7,7,0,0,1.0,0.0,3,1,0.3333333333333333,16,0.5,9,12,4.042553191489362,0,1,0,0,1.0,True,0.0,1,0.0,1.0,85.0,0.0,0,0,4,0.0784313725490196,3,0,0,0,0,0,0,False,0,0,0,0,0,7,1,0,False,0,0,0,0,False,False,False,False,0,0,58,905,14.620689655172415,13.540268914722352,60,16.627450980392158,13.233885182814257,0.795905830570197,0.1206896551724138,1,0,37,False,2,0,0.0,0.0,0,9,1.0,7,2.3333333333333335,1.8888888888888888,6,21,11,59,27,70,332.84,8.43,2805.38,0.1109,96.51,317,0,0.0,0.0,0.8793103448275862,ZYsTVyTB.cpp,C:\Users\ad\Downloads\codepython\project\fraud_detection_system\dataset_CPP\human\ZYsTVyTB.cpp,0,905
3,2.0,0,0,0,0,0,0,0,0,0,0,0,0,0,0,0,0,0,0,0,0,1,0,0,0.0,0,0,0,0,0.0,0,0,2,False,0,0,0.0,6,6,0,0,1.0,0.0,2,2,1.0,6,0.5,16,4,2.1818181818181817,0,0,0,0,1.0,True,0.0,1,0.0,1.0,85.0,0.0,0,0,4,0.13333333333333333,1,0,0,0,0,0,0,False,0,0,0,0,0,1,0,0,False,0,0,0,0,False,False,False,False,0,0,34,527,14.529411764705882,15.070882120475673,67,16.466666666666665,15.017175352094533,0.91197421166566,0.11764705882352941,1,0,23,False,2,0,0.0,0.0,0,3,1.0,3,3.0,2.0,7,13,11,32,20,43,185.84,8.62,1601.11,0.0619,100.0,170,0,0.0,0.0,0.8823529411764706,Z4tB1vdG.cpp,C:\Users\ad\Downloads\codepython\project\fraud_detection_system\dataset_CPP\human\Z4tB1vdG.cpp,0,527
3,1.8333333333333333,0,0,0,0,0,3,0,0,0,0,0,0,0,0,0,0,0,0,0,0,3,0,0,0.0,0,0,0,0,0.0,0,0,3,False,0,0,0.0,14,14,0,0,1.0,0.0,10,10,1.0,14,0.5,40,9,2.723076923076923,0,0,1,0,1.0,True,0.0,1,0.0,1.0,85.0,0.0,0,0,4,0.06349206349206349,4,0,0,0,0,0,0,False,0,0,0,0,0,2,0,0,False,0,0,1,0,False,False,False,False,0,0,71,1132,14.95774647887324,14.489857180760124,68,16.73015873015873,14.434533491514783,0.8627852086958551,0.11267605633802817,3,0,45,False,2,0,0.0,0.028169014084507043,0,10,1.0,7,1.75,1.8333333333333333,10,22,20,85,32,105,525.0,19.32,10142.05,0.175,88.73,434,0,0.0,0.0,0.8873239436619719,Z7wa60dN.cpp,C:\Users\ad\Downloads\codepython\project\fraud_detection_system\dataset_CPP\human\Z7wa60dN.cpp,0,1132
4,2.3076923076923075,0,0,0,0,0,9,0,0,0,0,0,0,0,0,0,0,0,0,0,0,9,0,0,0.0,0,0,0,0,0.0,0,0,3,False,0,0,0.0,31,31,0,0,1.0,0.0,23,21,0.9130434782608695,28,0.5,66,14,3.8493150684931505,0,0,6,0,1.0,True,0.0,4,0.0,1.0,51.5,40.26474885057648,0,2,7,0.06086956521739131,6,0,0,0,0,0,0,False,0,0,0,0,0,9,1,0,False,0,0,1,0,False,False,False,False,0,0,127,2612,19.5748031496063,19.944616104989922,109,21.617391304347827,19.87814294917285,0.9195440221861938,0.09448818897637795,1,0,92,False,2,0,0.0,0.12598425196850394,0,24,1.0,21,3.5,2.3076923076923075,12,32,46,186,44,232,1266.59,34.88,44172.26,0.4222,70.8,894,0,0.0,0.0,0.905511811023622,Ze2cavWN.cpp,C:\Users\ad\Downloads\codepython\project\fraud_detection_system\dataset_CPP\human\Ze2cavWN.cpp,0,2612
3,2.0,0,0,0,0,0,0,0,0,0,0,0,0,0,0,0,0,0,0,0,0,1,0,0,0.0,0,0,0,0,0.0,0,0,2,False,0,0,0.0,4,4,0,0,1.0,0.0,3,3,1.0,6,0.5,16,4,2.1818181818181817,0,0,0,0,1.0,True,0.0,1,0.0,1.0,85.0,0.0,0,0,4,0.13333333333333333,1,0,0,0,0,0,0,False,0,0,0,0,0,1,0,0,False,0,0,0,0,False,False,False,False,0,0,34,525,14.470588235294118,15.465778720086654,67,16.4,15.47384890710776,0.9435273723846196,0.11764705882352941,1,0,23,False,2,0,0.0,0.0,0,3,1.0,3,3.0,2.0,5,13,9,31,18,40,166.8,5.96,994.37,0.0556,100.0,159,0,0.0,0.0,0.8823529411764706,ZSeY1iFc.cpp,C:\Users\ad\Downloads\codepython\project\fraud_detection_system\dataset_CPP\human\ZSeY1iFc.cpp,0,525
3,2.0,0,0,0,0,0,3,0,0,0,0,0,0,0,0,0,0,0,0,0,0,3,0,0,0.0,0,0,0,0,0.0,0,0,4,False,0,0,0.0,13,13,0,0,1.0,0.0,4,4,1.0,30,0.5,30,18,3.3703703703703702,0,0,0,0,1.0,True,0.0,8,0.0,0.5,29.5,24.27447218787671,1,5,11,0.14473684210526316,4,0,0,0,0,0,0,False,0,0,0,0,0,4,0,0,False,0,0,0,0,False,False,False,False,0,0,84,1543,17.38095238095238,16.366999871914715,92,19.105263157894736,16.251784474787947,0.8506443664489559,0.09523809523809523,1,0,58,False,2,1,0.017241379310344827,0.011904761904761904,0,10,1.0,7,1.75,2.0,13,34,26,104,47,130,722.1,19.88,14356.98,0.2407,92.8,509,0,0.0,0.0,0.9047619047619048,ZeeKvvlr.cpp,C:\Users\ad\Downloads\codepython\project\fraud_detection_system\dataset_CPP\human\ZeeKvvlr.cpp,0,1543
3,1.8,0,0,0,0,0,0,0,0,0,0,0,0,0,0,0,0,0,0,0,0,2,0,0,0.0,0,0,0,0,0.0,0,0,3,False,0,0,0.0,2,2,0,0,1.0,0.0,7,7,1.0,8,0.25,0,18,5.829268292682927,0,2,1,1,0.6666666666666666,False,0.0,7,0.0,0.14285714285714285,31.285714285714285,23.088118686670768,0,5,10,0.2702702702702703,2,0,0,0,0,0,0,False,0,0,0,0,0,1,0,0,False,0,0,0,0,False,False,False,True,1,0,39,982,24.205128205128204,23.554823652306464,80,25.513513513513512,23.482738481151248,0.9204039447061401,0.05128205128205128,1,0,26,False,2,0,0.0,0.0,1,4,0.8,3,1.5,1.8,4,23,6,47,27,53,252.01,4.09,1029.95,0.084,100.0,238,0,0.0,0.0,0.9487179487179487,aVdsn9Y1.cpp,C:\Users\ad\Downloads\codepython\project\fraud_detection_system\dataset_CPP\human\aVdsn9Y1.cpp,0,982
0,0.0,0,0,0,0,0,0,0,0,0,0,0,0,0,0,0,0,0,0,0,0,0,0,0,0.0,0,0,0,0,0.0,0,0,0,False,0,0,0.0,0,0,0,0,0.0,0.0,0,0,0.0,0,0.0,0,6,4.0,0,3,0,0,1.0,True,0.0,1,0.0,1.0,85.0,0.0,0,0,4,0.18181818181818182,0,7,0,0,0,0,0,False,0,0,0,0,0,0,0,0,False,0,0,0,0,False,False,False,False,0,0,25,331,12.28,13.19551438936732,56,13.954545454545455,13.209766609758763,0.9466282261064911,0.12,1,0,8,False,2,0,0.0,0.0,0,0,1.0,0,0.0,0.0,0,12,0,19,12,19,68.11,0.0,0.0,0.0,100.0,76,0,0.0,0.0,0.88,Zxuia4WH.cpp,C:\Users\ad\Downloads\codepython\project\fraud_detection_system\dataset_CPP\human\Zxuia4WH.cpp,0,331
3,1.8181818181818181,0,0,0,0,0,3,0,0,0,0,0,0,0,0,0,0,0,0,0,0,3,0,0,0.0,0,0,0,0,0.0,0,0,3,False,0,0,0.0,16,16,0,0,1.0,0.0,11,11,1.0,14,0.5,40,9,3.121212121212121,0,0,1,0,1.0,True,0.0,1,0.0,1.0,85.0,0.0,0,0,4,0.06779661016949153,4,0,0,0,0,0,0,False,0,0,0,0,0,2,0,0,False,0,0,1,0,False,False,False,False,0,0,65,1130,16.4,16.93771394982669,68,18.06779661016949,16.909394046194556,0.9358857867968845,0.09230769230769231,1,0,41,False,2,0,0.0,0.015384615384615385,0,10,1.0,7,1.75,1.8181818181818181,11,21,23,86,32,109,545.0,22.52,12275.48,0.1817,90.2,423,0,0.0,0.0,0.9076923076923077,ZfKEMqAy.cpp,C:\Users\ad\Downloads\codepython\project\fraud_detection_system\dataset_CPP\human\ZfKEMqAy.cpp,0,1130
3,2.0714285714285716,0,0,0,0,0,6,0,0,0,0,0,0,0,0,0,0,0,0,0,0,2,0,0,0.0,0,0,0,0,0.0,0,0,3,False,0,0,0.0,19,19,0,0,1.0,0.0,28,26,0.9285714285714286,22,0.5,51,10,3.2635658914728682,0,0,3,0,1.0,True,0.0,4,0.0,1.0,51.5,40.26474885057648,0,3,7,0.08974358974358974,4,0,0,0,0,0,0,False,0,0,0,0,0,1,0,0,False,0,0,1,0,False,False,False,False,0,0,93,1970,20.193548387096776,20.702323418781553,109,24.025641025641026,20.488254520750047,0.8527661967014427,0.16129032258064516,1,0,60,False,2,0,0.0,0.010752688172043012,0,12,1.0,10,2.5,2.0714285714285716,7,30,29,155,37,184,958.54,18.08,17333.59,0.3195,84.8,727,0,0.0,0.0,0.8387096774193549,ZnAXWhQd.cpp,C:\Users\ad\Downloads\codepython\project\fraud_detection_system\dataset_CPP\human\ZnAXWhQd.cpp,0,1970
3,2.0714285714285716,0,0,0,0,0,5,0,0,0,0,0,0,0,0,0,0,0,0,0,0,3,0,0,0.0,0,0,0,0,0.0,0,0,3,False,0,0,0.0,23,23,0,0,1.0,0.0,19,17,0.8947368421052632,24,0.5,38,12,3.2752293577981653,0,0,3,0,1.0,True,0.0,5,0.0,1.0,47.2,37.026477013078086,0,3,8,0.1038961038961039,4,0,0,0,0,0,0,False,0,0,0,0,0,2,0,0,False,0,0,1,0,False,False,False,False,0,0,88,1845,19.977272727272727,20.218677949275733,109,22.83116883116883,20.050846144274463,0.8782224989244218,0.125,1,0,59,False,2,0,0.0,0.0,0,12,1.0,10,2.5,2.0714285714285716,10,28,33,132,38,165,865.91,23.57,20410.69,0.2886,87.1,621,0,0.0,0.0,0.875,a9ayoLFf.cpp,C:\Users\ad\Downloads\codepython\project\fraud_detection_system\dataset_CPP\human\a9ayoLFf.cpp,0,1845
3,1.8461538461538463,0,0,0,0,0,4,0,0,0,0,0,0,0,0,0,0,0,0,0,0,3,0,0,0.0,0,0,0,0,0.0,0,0,3,False,0,0,0.0,13,13,0,0,1.0,0.0,14,14,1.0,18,0.5,54,12,2.7790697674418605,0,0,3,0,1.0,True,0.0,4,0.0,0.5,101.75,106.99853970966146,0,0,21,0.25925925925925924,5,0,0,0,0,0,0,False,0,0,0,0,0,3,0,0,False,0,0,1,0,False,False,False,False,0,0,91,1612,16.725274725274726,15.703338998243554,68,18.790123456790123,15.435021945364843,0.8214433492605469,0.10989010989010989,1,0,47,False,2,0,0.0,0.04395604395604396,0,12,1.0,8,1.6,1.8461538461538463,10,24,22,103,34,125,635.93,21.46,13646.06,0.212,99.88,499,0,0.0,0.0,0.8901098901098901,aI8qVghk.cpp,C:\Users\ad\Downloads\codepython\project\fraud_detection_system\dataset_CPP\human\aI8qVghk.cpp,0,1612
3,1.75,0,0,0,0,0,3,0,0,0,0,0,0,0,0,0,0,0,0,0,0,3,0,0,0.0,0,0,0,0,0.0,0,0,3,False,0,0,0.0,15,15,0,0,1.0,0.0,11,11,1.0,12,0.5,46,10,2.8714285714285714,0,0,2,0,1.0,True,0.0,2,0.0,0.5,56.5,28.5,0,1,5,0.07575757575757576,5,0,0,0,0,0,0,False,0,0,0,0,0,4,0,0,False,0,0,1,0,False,False,False,False,0,0,75,1206,15.093333333333334,15.056492139789913,68,17.09090909090909,14.97141445183805,0.8759870157990349,0.12,1,0,45,False,2,13,0.28888888888888886,0.013333333333333334,0,10,1.0,8,1.6,1.75,11,23,22,93,34,115,585.06,22.24,13011.19,0.195,88.83,459,0,0.0,0.0,0.88,bFItrvyB.cpp,C:\Users\ad\Downloads\codepython\project\fraud_detection_system\dataset_CPP\human\bFItrvyB.cpp,0,1206
4,2.2,0,0,0,0,0,6,0,0,0,0,0,0,0,0,0,0,0,0,0,0,3,0,0,0.0,0,0,0,0,0.0,0,0,3,False,0,0,0.0,19,19,0,0,1.0,0.0,23,20,0.8695652173913043,26,0.5,42,12,3.3783783783783785,0,0,3,0,1.0,True,0.0,4,0.0,1.0,51.5,40.26474885057648,0,2,7,0.08536585365853659,4,0,0,0,0,0,0,False,0,0,0,0,0,2,0,0,False,0,0,1,0,False,False,False,False,0,0,93,1900,19.440860215053764,19.702880290281133,109,22.048780487804876,19.56471590054115,0.8873377786749858,0.11827956989247312,1,0,64,False,2,0,0.0,0.0,0,13,1.0,11,2.75,2.2,7,29,31,136,36,167,863.38,16.41,14171.3,0.2878,83.79,648,0,0.0,0.0,0.8817204301075269,alU16q0G.cpp,C:\Users\ad\Downloads\codepython\project\fraud_detection_system\dataset_CPP\human\alU16q0G.cpp,0,1900
3,2.0,0,0,0,0,0,6,0,0,0,0,0,0,0,0,0,0,0,0,0,0,1,0,0,0.0,0,0,0,0,0.0,0,0,3,False,0,0,0.0,13,13,0,0,1.0,0.0,12,9,0.75,20,0.5,58,9,2.898876404494382,0,0,3,0,1.0,True,0.0,1,0.0,1.0,85.0,0.0,0,0,4,0.06557377049180328,4,0,0,0,0,0,0,False,0,0,0,0,0,2,1,0,False,0,0,1,0,False,False,False,False,0,0,67,1304,18.47761194029851,17.811918036750477,69,20.295081967213115,17.651772086115507,0.8697561367148998,0.08955223880597014,1,0,43,False,2,0,0.0,0.0,0,11,1.0,9,2.25,2.0,8,23,24,108,31,132,653.95,18.78,12282.96,0.218,87.94,517,0,0.0,0.0,0.9104477611940298,aERW33gy.cpp,C:\Users\ad\Downloads\codepython\project\fraud_detection_system\dataset_CPP\human\aERW33gy.cpp,0,1304
3,1.75,0,0,0,0,0,3,0,0,0,0,0,0,0,0,0,0,0,0,0,0,5,0,0,0.0,0,0,0,0,0.0,0,0,3,False,0,0,0.0,16,16,0,0,1.0,0.0,11,11,1.0,14,0.5,49,11,2.8947368421052633,0,0,2,0,1.0,True,0.0,2,0.0,0.5,59.0,26.0,0,1,5,0.07042253521126761,5,0,0,0,0,0,0,False,0,0,0,0,0,4,1,0,False,0,0,1,0,False,False,False,False,0,0,79,1323,15.759493670886076,15.24169430585888,68,17.535211267605632,15.078042038538335,0.8598722768965638,0.10126582278481013,1,0,50,False,2,0,0.0,0.0,0,11,1.0,11,2.2,1.75,14,24,27,103,38,130,682.23,30.04,20495.34,0.2274,85.46,499,0,0.0,0.0,0.8987341772151899,atyTgZtg.cpp,C:\Users\ad\Downloads\codepython\project\fraud_detection_system\dataset_CPP\human\atyTgZtg.cpp,0,1323
4,2.3076923076923075,0,0,0,0,0,10,0,0,0,0,0,0,0,0,0,0,0,0,0,0,8,0,0,0.0,0,0,0,0,0.0,0,0,3,False,0,0,0.0,35,35,0,0,1.0,0.0,21,19,0.9047619047619048,32,0.5,76,15,3.1103896103896105,0,0,5,0,1.0,True,0.0,5,0.0,1.0,68.4,49.39068738132726,0,2,15,0.11904761904761904,6,0,0,0,0,0,0,False,0,0,0,0,0,5,0,0,False,0,0,1,0,False,False,False,False,0,0,139,2682,18.302158273381295,17.94622449873851,109,20.095238095238095,17.90602832400686,0.8910582815264078,0.09352517985611511,3,0,94,False,2,0,0.0,0.03597122302158273,0,24,1.0,20,3.3333333333333335,2.3076923076923075,13,34,53,194,47,247,1371.98,37.09,50884.44,0.4573,75.96,920,0,0.0,0.0,0.9064748201438849,aqXnljeI.cpp,C:\Users\ad\Downloads\codepython\project\fraud_detection_system\dataset_CPP\human\aqXnljeI.cpp,0,2682
3,1.625,0,0,0,0,0,4,0,0,0,0,0,0,0,0,0,0,0,0,0,0,2,0,0,0.0,0,0,0,0,0.0,0,0,2,False,0,0,0.0,13,10,3,0,0.7692307692307693,0.23076923076923078,9,9,1.0,18,0.5,37,9,2.875,0,3,0,0,1.0,True,1.0,1,0.0,1.0,85.0,0.0,0,0,4,0.07692307692307693,4,0,0,0,0,0,0,False,0,0,0,0,0,6,0,0,False,0,0,0,0,False,False,False,False,0,0,58,996,16.189655172413794,15.171953362919721,56,18.057692307692307,14.933716964200974,0.8270003004669336,0.10344827586206896,1,0,36,False,2,0,0.0,0.0,0,8,1.0,6,1.5,1.625,8,22,22,87,30,109,534.85,15.82,8460.37,0.1783,93.77,379,0,0.0,0.0,0.896551724137931,bVsqTj3m.cpp,C:\Users\ad\Downloads\codepython\project\fraud_detection_system\dataset_CPP\human\bVsqTj3m.cpp,0,996
4,2.235294117647059,0,0,0,0,0,8,0,0,0,0,0,0,0,0,0,0,0,0,0,0,3,0,0,0.0,0,0,0,0,0.0,0,0,3,False,0,0,0.0,23,23,0,0,1.0,0.0,15,12,0.8,28,0.5,71,11,3.55045871559633,0,0,4,0,1.0,True,0.0,1,0.0,1.0,85.0,0.0,0,0,4,0.04938271604938271,5,0,0,0,0,0,0,False,0,0,0,0,0,3,0,0,False,0,0,1,0,False,False,False,False,0,0,88,1799,19.454545454545453,19.539533987015968,82,21.08641975308642,19.52282458494223,0.9258482385130683,0.07954545454545454,2,0,60,False,2,0,0.0,0.011363636363636364,0,16,1.0,12,2.4,2.235294117647059,9,26,35,138,35,173,887.37,23.88,21194.39,0.2958,78.63,650,0,0.0,0.0,0.9204545454545454,aizXEEQK.cpp,C:\Users\ad\Downloads\codepython\project\fraud_detection_system\dataset_CPP\human\aizXEEQK.cpp,0,1799
3,1.8,0,0,0,0,0,3,0,0,0,0,0,0,0,0,0,0,0,0,0,0,2,0,0,0.0,0,0,0,0,0.0,0,0,2,False,0,0,0.0,10,10,0,0,1.0,0.0,11,11,1.0,14,0.5,41,9,2.1818181818181817,0,0,0,0,1.0,True,0.0,1,0.0,1.0,85.0,0.0,0,0,4,0.07407407407407407,4,0,0,0,0,0,0,False,0,0,0,0,0,2,0,0,False,0,0,1,0,False,False,False,False,0,0,61,997,15.360655737704919,15.304593531896408,68,17.35185185185185,15.167164103451086,0.8740948362714607,0.11475409836065574,1,0,37,False,2,0,0.0,0.0,0,9,1.0,6,1.5,1.8,7,20,16,80,27,96,456.47,14.0,6390.57,0.1522,93.62,394,0,0.0,0.0,0.8852459016393442,bkHJRkNI.cpp,C:\Users\ad\Downloads\codepython\project\fraud_detection_system\dataset_CPP\human\bkHJRkNI.cpp,0,997
4,1.9375,0,0,0,0,0,5,0,0,0,0,0,0,0,0,0,0,0,0,0,0,4,0,0,0.0,0,0,0,0,0.0,0,0,3,False,0,0,0.0,16,16,0,0,1.0,0.0,21,20,0.9523809523809523,20,0.5,66,13,2.7410714285714284,0,0,3,0,1.0,True,0.0,5,0.2,1.0,79.8,91.39234103577826,0,3,13,0.14772727272727273,6,0,0,0,0,0,0,False,0,0,0,0,0,4,0,0,False,0,0,1,0,False,False,False,False,0,0,97,1897,18.567010309278352,20.85685489752443,113,20.46590909090909,20.991312523191134,1.0256721277294947,0.09278350515463918,1,0,59,False,2,0,0.0,0.020618556701030927,0,15,1.0,10,1.6666666666666667,1.9375,10,27,25,130,37,155,807.47,24.07,19438.98,0.2692,89.4,633,0,0.0,0.0,0.9072164948453608,axKzJYCw.cpp,C:\Users\ad\Downloads\codepython\project\fraud_detection_system\dataset_CPP\human\axKzJYCw.cpp,0,1897
3,2.0,0,0,0,0,0,0,0,0,0,0,0,0,0,0,0,0,0,0,0,0,1,0,0,0.0,0,0,0,0,0.0,0,0,2,False,0,0,0.0,5,5,0,0,1.0,0.0,3,3,1.0,10,0.5,24,4,2.09375,0,0,0,0,1.0,True,0.0,1,0.0,1.0,85.0,0.0,0,0,4,0.11428571428571428,1,0,0,0,0,0,0,False,0,0,0,0,0,1,0,0,False,0,0,0,0,False,False,False,False,0,0,40,588,13.725,13.090048701208106,61,15.457142857142857,13.087273768584406,0.8466812974130392,0.125,1,0,28,False,2,0,0.0,0.05,0,3,1.0,3,3.0,2.0,8,17,16,44,25,60,278.63,10.35,2884.65,0.0929,100.0,212,0,0.0,0.0,0.875,btLu8jEn.cpp,C:\Users\ad\Downloads\codepython\project\fraud_detection_system\dataset_CPP\human\btLu8jEn.cpp,0,588
4,2.2,0,0,0,0,0,6,0,0,0,0,0,0,0,0,0,0,0,0,0,0,3,0,0,0.0,0,0,0,0,0.0,0,0,3,False,0,0,0.0,19,19,0,0,1.0,0.0,19,17,0.8947368421052632,20,0.5,39,11,3.3636363636363638,0,0,4,0,1.0,True,0.0,4,0.0,1.0,51.5,40.26474885057648,0,2,7,0.09333333333333334,4,0,0,0,0,0,0,False,0,0,0,0,0,3,0,0,False,0,0,1,0,False,False,False,False,0,0,84,1778,20.178571428571427,20.379822370765293,109,22.6,20.259647907437415,0.8964445976742218,0.10714285714285714,1,0,57,False,2,0,0.0,0.16666666666666666,0,13,1.0,11,2.75,2.2,5,27,28,124,32,152,760.0,11.48,8725.93,0.2533,86.82,599,0,0.0,0.0,0.8928571428571429,bVHqSPl3.cpp,C:\Users\ad\Downloads\codepython\project\fraud_detection_system\dataset_CPP\human\bVHqSPl3.cpp,0,1778
0,0.0,0,0,0,0,0,0,0,0,0,0,0,0,0,0,0,0,0,0,0,0,0,0,0,0.0,0,0,0,0,0.0,0,0,1,False,1,1,1.0,0,0,0,0,0.0,0.0,0,0,0.0,0,0.0,0,5,4.4,0,3,0,0,1.0,True,0.0,1,0.0,1.0,85.0,0.0,0,0,4,0.23529411764705882,0,5,0,0,0,0,0,False,0,0,0,0,0,0,0,0,True,0,0,0,0,False,False,False,False,1,0,20,285,13.3,14.153091535067524,56,15.647058823529411,14.104405554838651,0.9014093775648763,0.15,1,0,5,False,2,0,0.0,0.0,0,0,1.0,0,0.0,0.0,0,9,0,13,9,13,41.21,0.0,0.0,0.0,100.0,60,0,0.0,0.0,0.85,bAvIYFCu.cpp,C:\Users\ad\Downloads\codepython\project\fraud_detection_system\dataset_CPP\human\bAvIYFCu.cpp,0,285
3,2.0,0,0,0,0,0,8,0,0,0,0,0,0,0,0,0,0,0,0,0,0,2,0,0,0.0,0,0,0,0,0.0,0,0,3,False,0,0,0.0,22,22,0,0,1.0,0.0,30,28,0.9333333333333333,26,0.46153846153846156,66,12,3.074324324324324,0,0,4,0,1.0,True,0.0,6,0.0,1.0,43.166666666666664,34.925714818104375,0,4,9,0.10344827586206896,5,0,0,0,0,0,0,False,0,0,0,0,0,2,2,0,False,0,0,1,0,False,False,False,False,0,0,98,2142,20.867346938775512,21.47739093867537,109,23.50574712643678,21.391196794566476,0.9100411350255665,0.11224489795918367,1,0,66,False,2,0,0.0,0.0,0,15,1.0,14,2.8,2.0,8,28,40,173,36,213,1101.19,24.71,27215.22,0.3671,82.91,795,0,0.0,0.0,0.8877551020408163,bLZh4Yme.cpp,C:\Users\ad\Downloads\codepython\project\fraud_detection_system\dataset_CPP\human\bLZh4Yme.cpp,0,2142
3,2.142857142857143,0,0,0,0,0,12,0,0,0,0,0,0,0,0,0,0,0,0,0,0,2,0,0,0.0,0,0,0,0,0.0,0,0,3,False,0,0,0.0,31,31,0,0,1.0,0.0,22,20,0.9090909090909091,36,0.5,76,11,3.240506329113924,0,0,3,0,1.0,True,0.0,6,0.0,0.8333333333333334,112.5,147.6129511029887,0,2,25,0.21551724137931033,5,0,0,0,0,0,0,False,0,0,0,0,0,1,0,0,False,0,0,1,0,False,False,False,False,0,0,128,2867,21.40625,20.808440857918693,109,23.620689655172413,20.627089307933854,0.8732636349344259,0.09375,1,0,79,False,2,0,0.0,0.078125,0,19,1.0,16,3.2,2.142857142857143,9,28,49,194,37,243,1265.9,31.18,39468.87,0.422,86.1,908,0,0.0,0.0,0.90625,bgTcJl13.cpp,C:\Users\ad\Downloads\codepython\project\fraud_detection_system\dataset_CPP\human\bgTcJl13.cpp,0,2867
2,1.5,0,0,0,0,0,0,0,0,0,0,0,0,0,0,0,0,0,0,0,0,1,0,0,0.0,0,0,0,0,0.0,0,0,2,False,0,0,0.0,4,4,0,0,1.0,0.0,2,2,1.0,4,0.5,11,4,2.3125,0,0,0,0,1.0,True,0.0,1,0.0,1.0,85.0,0.0,0,0,4,0.19047619047619047,1,0,0,0,0,0,0,False,0,0,0,0,0,1,0,0,False,0,0,0,0,False,False,False,False,0,0,24,348,13.541666666666666,12.776864399722214,56,15.476190476190476,12.515206170396409,0.8086748602409988,0.125,1,0,14,False,2,0,0.0,0.0,0,2,1.0,2,2.0,1.5,6,11,7,23,17,30,122.62,6.27,769.19,0.0409,100.0,114,0,0.0,0.0,0.875,bbVDryI0.cpp,C:\Users\ad\Downloads\codepython\project\fraud_detection_system\dataset_CPP\human\bbVDryI0.cpp,0,348
3,1.9090909090909092,0,0,0,0,0,5,0,0,0,0,0,0,0,0,0,0,0,0,0,0,1,0,0,0.0,0,0,0,0,0.0,0,0,3,False,0,0,0.0,13,13,0,0,1.0,0.0,12,9,0.75,18,0.5,54,9,3.0875,0,0,3,0,1.0,True,0.0,1,0.0,1.0,85.0,0.0,0,0,4,0.06896551724137931,4,0,0,0,0,0,0,False,0,0,0,0,0,2,0,0,False,0,0,1,0,False,False,False,False,0,0,64,1215,18.0,17.527656717313928,68,19.79310344827586,17.449195832364165,0.8815795803807679,0.09375,1,0,40,False,2,0,0.0,0.046875,0,10,1.0,7,1.75,1.9090909090909092,7,23,21,98,30,119,583.92,14.91,8708.02,0.1946,90.27,468,0,0.0,0.0,0.90625,cR8NWWBl.cpp,C:\Users\ad\Downloads\codepython\project\fraud_detection_system\dataset_CPP\human\cR8NWWBl.cpp,0,1215
1,1.0,0,0,0,0,0,0,0,0,0,0,0,0,0,0,0,0,0,0,0,0,0,0,0,0.0,0,0,0,0,0.0,0,0,2,False,0,0,0.0,0,0,0,0,0.0,0.0,4,4,1.0,8,0.5,15,7,3.6363636363636362,0,0,2,0,1.0,True,0.0,1,0.0,1.0,85.0,0.0,0,0,4,0.1111111111111111,3,2,0,0,0,0,0,False,0,0,0,0,0,1,0,0,False,0,0,0,0,False,False,False,False,0,2,45,580,11.911111111111111,12.148748855969988,56,14.88888888888889,11.83867902207228,0.7951351581988845,0.2,1,0,17,False,2,0,0.0,0.0,0,3,1.0,0,0.0,1.0,3,17,8,47,20,55,237.71,4.15,985.78,0.0792,100.0,218,0,0.0,0.0,0.8,biWrpSGK.cpp,C:\Users\ad\Downloads\codepython\project\fraud_detection_system\dataset_CPP\human\biWrpSGK.cpp,0,580
3,2.2,0,0,0,0,0,0,0,0,0,0,0,0,0,0,0,0,0,0,0,0,3,0,0,0.0,0,0,0,0,0.0,0,0,2,False,0,0,0.0,7,7,0,0,1.0,0.0,2,2,1.0,6,0.5,19,4,2.1923076923076925,0,0,0,0,1.0,True,0.0,1,0.0,1.0,85.0,0.0,0,0,4,0.1111111111111111,1,0,0,0,0,0,0,False,0,0,0,0,0,1,0,0,False,0,0,0,0,False,False,False,False,0,0,38,627,15.526315789473685,14.21958775423103,56,16.38888888888889,14.117124702875698,0.8613838801754663,0.05263157894736842,1,0,29,False,2,3,0.10344827586206896,0.0,0,4,1.0,5,5.0,2.2,8,14,12,37,22,49,218.51,10.57,2309.99,0.0728,100.0,195,0,0.0,0.0,0.9473684210526315,cZlDYYwS.cpp,C:\Users\ad\Downloads\codepython\project\fraud_detection_system\dataset_CPP\human\cZlDYYwS.cpp,0,627
2,1.5,0,0,0,0,0,1,0,0,0,0,0,0,0,0,0,0,0,0,0,0,0,0,0,0.0,0,0,0,0,0.0,0,0,3,False,0,0,0.0,6,6,0,0,1.0,0.0,5,5,1.0,14,0.5,22,9,2.926829268292683,0,0,2,0,1.0,True,0.0,1,0.0,1.0,85.0,0.0,0,0,4,0.15384615384615385,1,0,0,0,0,0,0,False,0,0,0,0,0,1,0,0,False,0,0,1,0,False,False,False,False,0,0,31,638,19.612903225806452,19.110337380514412,63,23.384615384615383,18.634287922819386,0.7968609966995133,0.16129032258064516,2,0,17,False,2,0,0.0,0.0,0,2,1.0,1,1.0,1.5,8,22,19,51,30,70,343.48,9.27,3185.02,0.1145,100.0,210,0,0.0,0.0,0.8387096774193549,dWQbZ9PV.cpp,C:\Users\ad\Downloads\codepython\project\fraud_detection_system\dataset_CPP\human\dWQbZ9PV.cpp,0,638
3,1.8333333333333333,0,0,0,0,0,0,0,0,0,0,0,0,0,0,0,0,0,0,0,0,3,0,0,0.0,0,0,0,0,0.0,0,0,2,False,0,0,0.0,2,2,0,0,1.0,0.0,7,7,1.0,10,0.2,0,16,5.076923076923077,0,5,0,0,1.0,True,1.0,1,0.0,1.0,85.0,0.0,0,0,4,0.09523809523809523,2,0,0,0,0,0,0,False,0,0,0,0,0,2,0,0,False,0,0,0,0,False,False,False,True,1,0,46,816,16.76086956521739,15.226099992545263,59,18.357142857142858,14.987012518100032,0.8164131332817138,0.08695652173913043,1,0,32,False,2,0,0.0,0.021739130434782608,0,6,1.0,4,2.0,1.8333333333333333,3,24,6,49,27,55,261.52,3.06,800.9,0.0872,100.0,261,0,0.0,0.0,0.9130434782608695,dZDovAzF.cpp,C:\Users\ad\Downloads\codepython\project\fraud_detection_system\dataset_CPP\human\dZDovAzF.cpp,0,816
4,2.1538461538461537,0,0,0,0,0,6,0,0,0,0,0,0,0,0,0,0,0,0,0,0,2,0,0,0.0,0,0,0,0,0.0,0,0,3,False,0,0,0.0,13,13,0,0,1.0,0.0,12,9,0.75,20,0.5,57,9,3.058139534883721,0,0,3,0,1.0,True,0.0,1,0.0,1.0,85.0,0.0,0,0,4,0.0625,4,0,0,0,0,0,0,False,0,0,0,0,0,2,0,0,False,0,0,1,0,False,False,False,False,0,0,70,1331,18.02857142857143,17.51486831937077,71,19.71875,17.383962391741992,0.8815955571089441,0.08571428571428572,1,0,46,False,2,0,0.0,0.0,0,12,1.0,9,2.25,2.1538461538461537,6,22,22,104,28,126,605.73,14.18,8590.31,0.2019,87.13,505,0,0.0,0.0,0.9142857142857143,cmBkGai0.cpp,C:\Users\ad\Downloads\codepython\project\fraud_detection_system\dataset_CPP\human\cmBkGai0.cpp,0,1331
2,1.2,0,0,0,0,0,1,0,0,0,0,0,0,0,0,0,0,0,0,0,0,2,0,0,0.0,0,0,0,0,0.0,0,0,3,False,0,0,0.0,8,8,0,0,1.0,0.0,9,8,0.8888888888888888,6,0.5,27,8,3.0625,0,3,0,0,1.0,True,1.0,0,0.0,0.0,0.0,0.0,0,0,0,0.0,4,0,0,0,0,0,0,False,0,0,0,0,0,6,0,0,False,0,0,0,0,False,False,False,False,0,0,41,605,13.78048780487805,14.727628251296537,50,16.142857142857142,14.695272042672885,0.9103265867142495,0.14634146341463414,2,20,0,False,2,17,0.85,0.0,0,5,1.0,3,0.75,1.2,7,21,12,65,28,77,370.17,10.83,4010.14,0.1234,81.96,308,0,0.0,0.0,0.8536585365853658,d7Ik3Ffa.cpp,C:\Users\ad\Downloads\codepython\project\fraud_detection_system\dataset_CPP\human\d7Ik3Ffa.cpp,0,605
4,2.210526315789474,0,0,0,0,0,6,0,0,0,0,0,0,0,0,0,0,0,0,0,0,5,0,0,0.0,0,0,0,0,0.0,0,0,3,False,0,0,0.0,30,30,0,0,1.0,0.0,20,18,0.9,24,0.5,49,11,3.282051282051282,0,0,3,0,1.0,True,0.0,4,0.0,1.0,51.5,40.26474885057648,0,2,7,0.07526881720430108,4,0,0,0,0,0,0,False,0,0,0,0,0,2,0,0,False,0,0,1,0,False,False,False,False,0,0,103,2127,19.660194174757283,19.528198877997085,109,21.774193548387096,19.399107080802242,0.890921954822029,0.0970873786407767,1,0,75,False,2,0,0.0,0.0,0,15,1.0,14,3.5,2.210526315789474,9,29,41,151,38,192,1007.6,23.43,23609.16,0.3359,79.01,733,0,0.0,0.0,0.9029126213592233,brrYL46N.cpp,C:\Users\ad\Downloads\codepython\project\fraud_detection_system\dataset_CPP\human\brrYL46N.cpp,0,2127
4,2.0588235294117645,0,0,0,0,0,4,0,0,0,0,0,0,0,0,0,0,0,0,0,0,7,0,0,0.0,0,0,0,0,0.0,0,0,3,False,0,0,0.0,19,18,1,0,0.9473684210526315,0.05263157894736842,11,11,1.0,18,0.5,50,13,2.841463414634146,0,0,2,0,1.0,True,0.0,1,0.0,1.0,85.0,0.0,0,0,4,0.047619047619047616,5,0,0,0,0,0,0,False,0,0,0,0,0,7,0,0,False,0,0,1,0,False,False,False,False,0,0,91,1531,15.835164835164836,14.809607615331414,68,17.154761904761905,14.661655567872605,0.8546697208197771,0.07692307692307693,1,0,63,False,2,0,0.0,0.0,0,16,1.0,12,2.4,2.0588235294117645,10,27,27,112,37,139,724.11,20.74,15018.66,0.2414,78.8,558,0,0.0,0.0,0.9230769230769231,bvUB3oVU.cpp,C:\Users\ad\Downloads\codepython\project\fraud_detection_system\dataset_CPP\human\bvUB3oVU.cpp,0,1531
4,2.3125,0,0,0,0,0,6,0,0,0,0,0,0,0,0,0,0,0,0,0,0,5,0,0,0.0,0,0,0,0,0.0,0,0,3,False,0,0,0.0,16,16,0,0,1.0,0.0,17,17,1.0,26,0.5,52,12,2.796116504854369,0,0,1,0,1.0,True,0.0,1,0.0,1.0,85.0,0.0,0,0,4,0.047619047619047616,4,0,0,0,0,0,0,False,0,0,0,0,0,2,0,0,False,0,0,1,0,False,False,False,False,0,0,91,1665,17.307692307692307,15.476101610165996,69,18.702380952380953,15.297665369579668,0.8179528268903197,0.07692307692307693,1,0,66,False,2,0,0.0,0.01098901098901099,0,15,1.0,12,3.0,2.3125,8,27,30,128,35,158,810.43,18.96,15368.09,0.2701,78.22,607,0,0.0,0.0,0.9230769230769231,btaDn3kC.cpp,C:\Users\ad\Downloads\codepython\project\fraud_detection_system\dataset_CPP\human\btaDn3kC.cpp,0,1665
3,2.1052631578947367,0,0,0,0,0,10,0,0,0,0,0,0,0,0,0,0,0,0,0,0,2,0,0,0.0,0,0,0,0,0.0,0,0,3,False,0,0,0.0,27,27,0,0,1.0,0.0,22,20,0.9090909090909091,30,0.5,63,11,3.45,0,0,3,0,1.0,True,0.0,6,0.0,0.8333333333333334,112.5,147.6129511029887,0,2,25,0.23148148148148148,5,0,0,0,0,0,0,False,0,0,0,0,0,1,0,0,False,0,0,1,0,False,False,False,False,0,0,122,2705,21.18032786885246,21.199681560182867,109,23.925925925925927,21.023665546986567,0.8786980956170856,0.11475409836065574,1,0,71,False,2,1,0.014084507042253521,0.08196721311475409,0,17,1.0,14,2.8,2.1052631578947367,9,27,42,173,36,215,1111.53,28.83,32049.23,0.3705,89.37,820,0,0.0,0.0,0.8852459016393442,cDVAYVJ7.cpp,C:\Users\ad\Downloads\codepython\project\fraud_detection_system\dataset_CPP\human\cDVAYVJ7.cpp,0,2705
3,1.9166666666666667,0,0,0,0,0,1,0,0,0,0,0,0,0,0,0,0,0,0,0,0,6,0,0,0.0,0,0,0,0,0.0,0,0,4,False,0,0,0.0,11,11,0,0,1.0,0.0,18,18,1.0,18,0.4444444444444444,9,27,5.019607843137255,0,8,1,0,0.8888888888888888,False,1.0,4,0.0,0.75,45.5,23.56374333589636,0,1,7,0.0945945945945946,4,1,0,0,0,0,0,False,0,0,0,0,0,2,0,0,False,0,0,2,0,False,False,False,True,1,0,82,1779,20.70731707317073,19.99907790854737,79,22.945945945945947,19.794820433564894,0.8626717974580695,0.0975609756097561,1,0,52,False,2,0,0.0,0.012195121951219513,0,11,1.0,9,2.25,1.9166666666666667,11,39,31,126,50,157,886.09,17.77,15745.06,0.2954,86.85,577,0,0.0,0.0,0.9024390243902439,dsPMNLyz.cpp,C:\Users\ad\Downloads\codepython\project\fraud_detection_system\dataset_CPP\human\dsPMNLyz.cpp,0,1779
1,1.0,0,0,0,0,0,0,0,0,0,0,0,0,0,0,0,0,0,0,0,0,0,0,0,0.0,0,0,0,0,0.0,0,0,3,False,0,0,0.0,24,24,0,0,1.0,0.0,16,16,1.0,46,0.5,130,16,3.3762886597938144,0,0,10,0,1.0,True,0.0,1,0.0,1.0,85.0,0.0,0,0,4,0.038834951456310676,9,4,0,0,0,0,0,False,0,0,0,0,0,5,0,0,False,0,0,0,0,False,False,False,False,0,8,128,2304,17.0078125,16.825156060638598,77,21.135922330097088,16.264828062918383,0.7695348141849303,0.1953125,1,0,55,False,2,0,0.0,0.0078125,0,9,1.0,0,0.0,1.0,7,49,77,244,56,321,1864.16,17.43,32489.66,0.6214,71.79,977,0,0.0,0.0,0.8046875,e6tMNkUs.cpp,C:\Users\ad\Downloads\codepython\project\fraud_detection_system\dataset_CPP\human\e6tMNkUs.cpp,0,2304
4,2.25,0,0,0,0,0,6,0,0,0,0,0,0,0,0,0,0,0,0,0,0,4,0,0,0.0,0,0,0,0,0.0,0,0,3,False,0,0,0.0,21,21,0,0,1.0,0.0,19,17,0.8947368421052632,20,0.5,37,11,3.64,0,0,3,0,1.0,True,0.0,4,0.0,1.0,51.5,40.26474885057648,0,2,7,0.0875,4,0,0,0,0,0,0,False,0,0,0,0,0,1,0,0,False,0,0,1,0,False,False,False,False,0,0,89,1842,19.707865168539325,19.859734118631078,109,21.925,19.752705510891417,0.900921574042938,0.10112359550561797,1,0,62,False,2,0,0.0,0.0,0,14,1.0,12,3.0,2.25,9,26,32,127,35,159,815.56,21.98,17926.55,0.2719,84.51,611,0,0.0,0.0,0.898876404494382,dRGlCvIK.cpp,C:\Users\ad\Downloads\codepython\project\fraud_detection_system\dataset_CPP\human\dRGlCvIK.cpp,0,1842
0,0.0,0,0,0,0,0,0,0,0,0,0,0,0,0,0,0,0,0,0,0,0,0,0,0,0.0,0,0,0,0,0.0,0,0,1,False,1,1,1.0,0,0,0,0,0.0,0.0,0,0,0.0,0,0.0,0,5,4.4,0,2,0,0,1.0,True,0.0,1,0.0,1.0,85.0,0.0,0,0,4,0.2222222222222222,0,5,0,0,0,0,0,False,0,0,0,0,0,0,0,0,True,0,0,0,0,False,False,False,False,1,0,21,301,13.380952380952381,13.716435016765873,56,15.61111111111111,13.58977920223254,0.8705196641999492,0.14285714285714285,1,0,6,False,2,0,0.0,0.0,0,0,1.0,0,0.0,0.0,0,10,0,15,10,15,49.83,0.0,0.0,0.0,100.0,62,0,0.0,0.0,0.8571428571428571,eT4Bmq18.cpp,C:\Users\ad\Downloads\codepython\project\fraud_detection_system\dataset_CPP\human\eT4Bmq18.cpp,0,301
2,1.5,0,0,0,0,0,0,0,0,0,0,0,0,0,0,0,0,0,0,0,0,0,0,0,0.0,0,0,0,0,0.0,0,0,2,False,0,0,0.0,3,2,1,0,0.6666666666666666,0.3333333333333333,2,2,1.0,6,0.5,12,4,2.235294117647059,0,0,0,0,1.0,True,0.0,1,0.0,1.0,85.0,0.0,0,0,4,0.17391304347826086,1,0,0,0,0,0,0,False,0,0,0,0,0,1,0,0,False,0,0,0,0,False,False,False,False,0,0,27,364,12.518518518518519,12.296854070348026,56,14.695652173913043,12.063004105650055,0.8208553089643529,0.14814814814814814,1,0,16,False,2,0,0.0,0.0,0,2,1.0,1,1.0,1.5,6,13,8,25,19,33,140.18,5.77,808.74,0.0467,100.0,121,0,0.0,0.0,0.8518518518518519,ebgG6i9e.cpp,C:\Users\ad\Downloads\codepython\project\fraud_detection_system\dataset_CPP\human\ebgG6i9e.cpp,0,364
3,2.142857142857143,0,0,0,0,0,0,0,0,0,0,0,0,0,0,0,0,0,0,0,0,3,0,0,0.0,0,0,0,0,0.0,0,0,2,False,0,0,0.0,6,6,0,0,1.0,0.0,2,2,1.0,4,0.5,7,5,3.6666666666666665,0,0,0,0,1.0,True,0.0,1,0.0,1.0,85.0,0.0,0,0,4,0.10256410256410256,1,0,0,0,0,0,0,False,0,0,0,0,0,1,0,0,False,0,0,0,0,False,False,False,False,0,0,44,697,14.863636363636363,14.842492606596089,64,16.666666666666668,14.819137545985514,0.8891482527591308,0.11363636363636363,2,0,32,False,2,0,0.0,0.045454545454545456,0,5,1.0,5,5.0,2.142857142857143,6,18,9,34,24,43,197.15,5.67,1117.2,0.0657,100.0,201,0,0.0,0.0,0.8863636363636364,dzr2q4m2.cpp,C:\Users\ad\Downloads\codepython\project\fraud_detection_system\dataset_CPP\human\dzr2q4m2.cpp,0,697
2,1.6666666666666667,0,0,0,0,0,0,0,0,0,0,0,0,0,0,0,0,0,0,0,0,1,0,0,0.0,0,0,0,0,0.0,0,0,3,False,0,0,0.0,6,6,0,0,1.0,0.0,3,3,1.0,6,0.5,6,6,5.0,0,0,0,0,1.0,True,0.0,2,0.0,0.5,68.5,16.5,1,1,5,0.16666666666666666,1,0,0,0,0,0,0,False,0,0,0,0,0,1,0,0,False,0,0,0,0,False,False,False,False,0,0,35,625,16.885714285714286,16.12233841346743,58,19.7,15.741982086128798,0.7990853850826801,0.14285714285714285,1,0,22,False,2,0,0.0,0.0,0,2,1.0,3,3.0,1.6666666666666667,8,14,12,35,22,47,209.59,10.0,2095.93,0.0699,100.0,170,0,0.0,0.0,0.8571428571428571,eJl1V3uh.cpp,C:\Users\ad\Downloads\codepython\project\fraud_detection_system\dataset_CPP\human\eJl1V3uh.cpp,0,625
4,1.9230769230769231,0,0,0,0,0,5,0,0,0,0,0,0,0,0,0,0,0,0,0,0,2,0,0,0.0,0,0,0,0,0.0,0,0,3,False,0,0,0.0,14,14,0,0,1.0,0.0,15,15,1.0,16,0.5,62,10,2.632183908045977,0,0,3,0,1.0,True,0.0,1,0.0,1.0,85.0,0.0,0,0,4,0.05970149253731343,5,0,0,0,0,0,0,False,0,0,0,0,0,1,0,0,False,0,0,1,0,False,False,False,False,0,0,74,1273,16.216216216216218,15.940997858039108,68,17.91044776119403,15.821515054048398,0.8833679238510356,0.0945945945945946,1,0,46,False,2,0,0.0,0.0,0,12,1.0,8,1.6,1.9230769230769231,10,22,24,102,32,126,630.0,23.18,14604.55,0.21,86.0,499,0,0.0,0.0,0.9054054054054054,eEYL1bI1.cpp,C:\Users\ad\Downloads\codepython\project\fraud_detection_system\dataset_CPP\human\eEYL1bI1.cpp,0,1273
1,1.0,0,0,0,0,0,0,0,0,0,0,0,0,0,0,0,0,0,0,0,0,0,0,0,0.0,0,0,0,0,0.0,0,0,2,False,0,0,0.0,0,0,0,0,0.0,0.0,4,0,0.0,0,0.0,0,3,5.5,0,0,0,0,1.0,True,0.0,5,0.0,0.2,17.8,33.6,0,4,8,0.5714285714285714,1,0,0,0,0,0,0,False,0,0,0,0,0,0,0,0,False,0,0,0,0,False,False,False,True,1,0,16,417,25.125,25.794560957690287,68,28.714285714285715,25.63877802812588,0.8928927671486625,0.125,1,0,7,False,2,0,0.0,0.0625,0,1,1.0,0,0.0,1.0,0,7,0,10,7,10,28.07,0.0,0.0,0.0,100.0,116,0,0.0,0.0,0.875,efpADfPu.cpp,C:\Users\ad\Downloads\codepython\project\fraud_detection_system\dataset_CPP\human\efpADfPu.cpp,0,417
5,2.4,0,0,0,0,0,4,0,0,0,0,0,0,0,0,0,0,0,0,0,0,2,0,0,0.0,0,0,0,0,0.0,0,0,3,False,0,0,0.0,12,12,0,0,1.0,0.0,8,8,1.0,14,0.5,52,8,1.8714285714285714,0,0,0,0,1.0,True,0.0,1,0.0,1.0,85.0,0.0,0,0,4,0.07272727272727272,3,0,0,0,0,0,0,False,0,0,0,0,0,1,0,0,False,0,0,1,0,False,False,False,False,0,0,62,1060,16.112903225806452,14.288620374845193,68,18.09090909090909,13.973055535269857,0.7723799542108967,0.11290322580645161,2,0,40,False,2,0,0.0,0.016129032258064516,0,9,1.0,7,2.3333333333333335,2.4,9,20,23,83,29,106,514.95,18.68,9616.62,0.1716,92.29,396,0,0.0,0.0,0.8870967741935484,e8XB0pZZ.cpp,C:\Users\ad\Downloads\codepython\project\fraud_detection_system\dataset_CPP\human\e8XB0pZZ.cpp,0,1060
3,1.8333333333333333,0,0,0,0,0,3,0,0,0,0,0,0,0,0,0,0,0,0,0,0,3,0,0,0.0,0,0,0,0,0.0,0,0,3,False,0,0,0.0,13,13,0,0,1.0,0.0,10,10,1.0,14,0.5,40,9,2.6307692307692307,0,0,1,0,1.0,True,0.0,1,0.0,1.0,85.0,0.0,0,0,4,0.06349206349206349,4,0,0,0,0,0,0,False,0,0,0,0,0,2,0,0,False,0,0,1,0,False,False,False,False,0,0,71,1112,14.67605633802817,14.081027739267086,68,16.41269841269841,14.010919687741652,0.8536633852299073,0.11267605633802817,3,0,45,False,2,0,0.0,0.028169014084507043,0,10,1.0,7,1.75,1.8333333333333333,10,21,19,84,31,103,510.28,20.0,10205.64,0.1701,88.88,428,0,0.0,0.0,0.8873239436619719,f73QKNVj.cpp,C:\Users\ad\Downloads\codepython\project\fraud_detection_system\dataset_CPP\human\f73QKNVj.cpp,0,1112
1,1.0,0,0,0,0,0,0,0,0,0,0,0,0,0,0,0,0,0,0,0,0,0,0,0,0.0,0,0,0,0,0.0,0,0,2,False,0,0,0.0,2,2,0,0,1.0,0.0,9,9,1.0,2,0.5,20,16,5.104477611940299,0,0,9,0,1.0,True,0.0,1,0.0,1.0,85.0,0.0,0,0,4,0.08,4,2,0,0,0,0,0,False,0,0,0,0,0,2,0,0,False,0,0,0,0,False,False,False,False,0,0,60,1142,18.05,16.074228856568308,56,21.66,15.227094273038439,0.7030052757635475,0.16666666666666666,1,0,30,False,2,0,0.0,0.016666666666666666,0,4,1.0,0,0.0,1.0,3,32,18,91,35,109,559.09,4.27,2384.88,0.1864,95.94,406,0,0.0,0.0,0.8333333333333334,ewR65GQp.cpp,C:\Users\ad\Downloads\codepython\project\fraud_detection_system\dataset_CPP\human\ewR65GQp.cpp,0,1142
3,2.0,0,0,0,0,0,8,0,0,0,0,0,0,0,0,0,0,0,0,0,0,1,0,0,0.0,0,0,0,0,0.0,0,0,3,False,0,0,0.0,19,19,0,0,1.0,0.0,15,12,0.8,28,0.5,71,11,3.7155963302752295,0,0,4,0,1.0,True,0.0,1,0.0,1.0,85.0,0.0,0,0,4,0.05333333333333334,5,0,0,0,0,0,0,False,0,0,0,0,0,3,0,0,False,0,0,1,0,False,False,False,False,0,0,82,1685,19.5609756097561,19.937767544485553,75,21.386666666666667,19.88895394154476,0.9299697915310828,0.08536585365853659,1,0,54,False,2,0,0.0,0.0,0,14,1.0,10,2.0,2.0,8,25,31,134,33,165,832.33,21.44,17845.05,0.2774,81.3,622,0,0.0,0.0,0.9146341463414634,ev4OOYBF.cpp,C:\Users\ad\Downloads\codepython\project\fraud_detection_system\dataset_CPP\human\ev4OOYBF.cpp,0,1685
1,1.0,0,0,0,0,0,0,0,0,0,0,0,0,0,0,0,0,0,0,0,0,0,0,0,0.0,0,0,0,0,0.0,0,0,2,False,0,0,0.0,4,4,0,0,1.0,0.0,8,8,1.0,24,0.5,38,13,4.426829268292683,0,0,8,0,1.0,True,0.0,1,0.0,1.0,85.0,0.0,0,0,4,0.05405405405405406,7,4,0,0,0,0,0,False,0,0,0,0,0,3,0,0,False,0,0,0,0,False,False,False,False,0,6,87,1395,15.045977011494253,13.746396013348134,56,17.68918918918919,13.243994738744167,0.7487055849251859,0.14942528735632185,1,0,35,False,2,0,0.0,0.0,0,7,1.0,0,0.0,1.0,4,36,21,119,40,140,745.07,6.61,4925.74,0.2484,84.51,524,0,0.0,0.0,0.8505747126436781,enWxGSeZ.cpp,C:\Users\ad\Downloads\codepython\project\fraud_detection_system\dataset_CPP\human\enWxGSeZ.cpp,0,1395
3,1.8,0,0,0,0,0,3,0,0,0,0,0,0,0,0,0,0,0,0,0,0,2,0,0,0.0,0,0,0,0,0.0,0,0,3,False,0,0,0.0,13,13,0,0,1.0,0.0,11,11,1.0,16,0.5,41,10,3.1538461538461537,0,0,2,0,1.0,True,0.0,1,0.0,1.0,85.0,0.0,0,0,4,0.07142857142857142,4,0,0,0,0,0,0,False,0,0,0,0,0,2,0,0,False,0,0,1,0,False,False,False,False,0,0,65,1098,15.907692307692308,16.995676442892155,75,18.392857142857142,17.04162820380537,0.9265351256437871,0.13846153846153847,2,0,38,False,2,9,0.23684210526315788,0.015384615384615385,0,9,1.0,6,1.5,1.8,9,22,19,82,31,101,500.37,16.77,8392.63,0.1668,92.21,404,0,0.0,0.0,0.8615384615384616,ey0Cqi3d.cpp,C:\Users\ad\Downloads\codepython\project\fraud_detection_system\dataset_CPP\human\ey0Cqi3d.cpp,0,1098
2,1.5,0,0,0,0,0,1,0,0,0,0,0,0,0,0,0,0,0,0,0,0,1,0,0,0.0,0,0,0,0,0.0,0,0,2,False,0,0,0.0,3,3,0,0,1.0,0.0,2,2,1.0,6,0.5,14,4,2.1052631578947367,0,0,0,0,1.0,True,0.0,2,0.0,0.5,120.5,35.5,0,0,13,0.40625,1,0,0,0,0,0,0,False,0,0,0,0,0,1,0,0,False,0,0,0,0,False,False,False,False,0,0,36,555,14.444444444444445,11.966259149153146,56,16.25,11.478240283248997,0.7063532481999383,0.1111111111111111,1,0,25,False,2,0,0.0,0.0,0,3,1.0,2,2.0,1.5,4,13,8,26,17,34,138.97,4.0,555.89,0.0463,100.0,130,0,0.0,0.0,0.8888888888888888,fMVAYHiN.cpp,C:\Users\ad\Downloads\codepython\project\fraud_detection_system\dataset_CPP\human\fMVAYHiN.cpp,0,555
3,1.5,0,0,0,0,0,2,0,0,0,0,0,0,0,0,0,0,0,0,0,0,1,0,0,0.0,0,0,0,0,0.0,0,0,3,False,0,0,0.0,12,12,0,0,1.0,0.0,10,10,1.0,6,0.5,38,20,4.514851485148514,0,0,12,0,1.0,True,0.0,1,0.0,1.0,85.0,0.0,0,0,4,0.05063291139240506,6,4,0,0,0,0,0,False,0,0,0,0,0,2,0,0,False,0,0,1,0,False,False,False,False,0,0,91,1706,17.75824175824176,16.82380617016979,66,20.455696202531644,16.457692186641445,0.8045530215004172,0.13186813186813187,1,0,47,False,2,0,0.0,0.01098901098901099,0,9,1.0,4,0.6666666666666666,1.5,8,43,36,139,51,175,992.67,12.93,12835.51,0.3309,80.49,621,0,0.0,0.0,0.8681318681318682,f1XlNmWm.cpp,C:\Users\ad\Downloads\codepython\project\fraud_detection_system\dataset_CPP\human\f1XlNmWm.cpp,0,1706
3,1.8,0,0,0,0,0,0,0,0,0,0,0,0,0,0,0,0,0,0,0,0,4,0,0,0.0,0,0,0,0,0.0,0,0,2,False,0,0,0.0,7,7,0,0,1.0,0.0,5,5,1.0,10,0.3,0,12,4.393939393939394,0,2,0,0,1.0,True,1.0,1,0.0,1.0,85.0,0.0,0,0,4,0.10810810810810811,2,0,0,0,0,0,0,False,0,0,0,0,0,2,0,0,False,0,0,0,0,False,False,False,True,1,0,39,746,18.153846153846153,15.535795658593159,56,19.135135135135137,15.350256908074883,0.8022026915236873,0.05128205128205128,1,0,27,False,2,0,0.0,0.0,0,5,1.0,5,2.5,1.8,6,21,10,46,27,56,266.27,6.57,1749.8,0.0888,100.0,233,0,0.0,0.0,0.9487179487179487,fOeSc5pv.cpp,C:\Users\ad\Downloads\codepython\project\fraud_detection_system\dataset_CPP\human\fOeSc5pv.cpp,0,746
2,1.6,0,0,0,0,0,0,0,0,0,0,0,0,0,0,0,0,0,0,0,0,0,0,0,0.0,0,0,0,0,0.0,0,0,2,False,1,1,0.5,4,4,0,0,1.0,0.0,0,0,0.0,0,0.0,3,6,3.75,0,0,1,0,1.0,True,0.0,1,0.0,0.0,32.0,0.0,0,0,1,0.038461538461538464,2,1,0,0,1,2,1,True,0,0,0,1,0,1,0,0,True,0,0,0,0,False,False,False,False,1,0,28,446,14.964285714285714,15.805700018070203,57,16.076923076923077,15.864627021538968,0.9867949822009885,0.07142857142857142,1,0,17,False,2,0,0.0,0.03571428571428571,0,4,1.0,2,1.0,1.6,3,10,6,23,13,29,107.31,3.45,370.23,0.0358,100.0,144,0,0.0,0.0,0.9285714285714286,exception.cpp,C:\Users\ad\Downloads\codepython\project\fraud_detection_system\dataset_CPP\human\exception.cpp,0,446
1,1.0,0,0,0,0,0,0,0,0,0,0,0,0,0,0,0,0,0,0,0,0,0,0,0,0.0,0,0,0,0,0.0,0,0,3,False,0,0,0.0,20,20,0,0,1.0,0.0,25,25,1.0,48,0.5,135,21,4.975609756097561,0,3,10,0,0.7692307692307693,False,0.0,12,0.0,0.9166666666666666,59.25,12.709084677243021,0,0,15,0.1171875,11,2,0,0,0,0,0,False,0,0,0,0,0,9,0,0,False,0,0,0,0,False,False,False,False,0,10,157,3536,21.528662420382165,21.79743469671093,81,26.375,21.342445970413046,0.8091922642810634,0.18471337579617833,1,0,65,False,2,0,0.0,0.012738853503184714,0,11,1.0,0,0.0,1.0,6,51,77,286,57,363,2117.34,16.82,35621.12,0.7058,77.87,1087,0,0.0,0.0,0.8152866242038217,fVG1klii.cpp,C:\Users\ad\Downloads\codepython\project\fraud_detection_system\dataset_CPP\human\fVG1klii.cpp,0,3536
3,2.0,0,0,0,0,0,0,0,0,0,0,0,0,0,0,0,0,0,0,0,0,1,0,0,0.0,0,0,0,0,0.0,0,0,2,False,0,0,0.0,7,6,1,0,0.8571428571428571,0.14285714285714285,3,3,1.0,12,0.5,28,4,1.9722222222222223,0,0,0,0,1.0,True,0.0,1,0.0,1.0,85.0,0.0,0,0,4,0.10810810810810811,1,0,0,0,0,0,0,False,0,0,0,0,0,1,0,0,False,0,0,0,0,False,False,False,False,0,0,42,608,13.5,12.136623049580926,56,15.324324324324325,11.800261229481444,0.7700346834053147,0.11904761904761904,1,0,30,False,2,0,0.0,0.0,0,3,1.0,3,3.0,2.0,8,18,17,49,26,66,310.23,10.89,3378.05,0.1034,100.0,225,0,0.0,0.0,0.8809523809523809,fox1Nn60.cpp,C:\Users\ad\Downloads\codepython\project\fraud_detection_system\dataset_CPP\human\fox1Nn60.cpp,0,608
3,1.8461538461538463,0,0,0,0,0,4,0,0,0,0,0,0,0,0,0,0,0,0,0,0,3,0,0,0.0,0,0,0,0,0.0,0,0,3,False,0,0,0.0,12,12,0,0,1.0,0.0,13,13,1.0,16,0.5,52,10,2.5125,0,0,2,0,1.0,True,0.0,1,0.0,1.0,85.0,0.0,0,0,4,0.06060606060606061,5,0,0,0,0,0,0,False,0,0,0,0,0,2,0,0,False,0,0,1,0,False,False,False,False,0,0,72,1208,15.791666666666666,14.894944612183025,68,17.227272727272727,14.740991552671177,0.8556776099175881,0.08333333333333333,1,0,45,False,2,0,0.0,0.0,0,12,1.0,8,1.6,1.8461538461538463,8,22,19,96,30,115,564.29,17.45,9849.47,0.1881,86.95,477,0,0.0,0.0,0.9166666666666666,fpKJoCPD.cpp,C:\Users\ad\Downloads\codepython\project\fraud_detection_system\dataset_CPP\human\fpKJoCPD.cpp,0,1208
3,1.8,0,0,0,0,0,3,0,0,0,0,0,0,0,0,0,0,0,0,0,0,2,0,0,0.0,0,0,0,0,0.0,0,0,3,False,0,0,0.0,10,10,0,0,1.0,0.0,14,14,1.0,16,0.5,43,10,2.782608695652174,0,0,2,0,1.0,True,0.0,1,0.0,1.0,85.0,0.0,0,0,4,0.06896551724137931,4,0,0,0,0,0,0,False,0,0,0,0,0,2,0,0,False,0,0,1,0,False,False,False,False,0,0,68,1095,15.117647058823529,15.413448493561322,68,17.655172413793103,15.313451067312135,0.8673634393594765,0.14705882352941177,2,0,40,False,2,0,0.0,0.014705882352941176,0,9,1.0,6,1.5,1.8,7,22,17,85,29,102,495.51,13.52,6700.7,0.1652,91.36,423,0,0.0,0.0,0.8529411764705882,fFmwLQCs.cpp,C:\Users\ad\Downloads\codepython\project\fraud_detection_system\dataset_CPP\human\fFmwLQCs.cpp,0,1095
3,1.8,0,0,0,0,0,3,0,0,0,0,0,0,0,0,0,0,0,0,0,0,2,0,0,0.0,0,0,0,0,0.0,0,0,2,False,0,0,0.0,10,10,0,0,1.0,0.0,11,11,1.0,14,0.5,40,9,2.6307692307692307,0,0,0,0,1.0,True,0.0,1,0.0,1.0,85.0,0.0,0,0,4,0.07407407407407407,4,0,0,0,0,0,0,False,0,0,0,0,0,2,0,0,False,0,0,1,0,False,False,False,False,0,0,61,1015,15.655737704918034,15.63925834254847,68,17.685185185185187,15.504866707984727,0.8767149761582986,0.11475409836065574,1,0,37,False,2,0,0.0,0.0,0,9,1.0,6,1.5,1.8,7,20,16,79,27,95,451.71,13.83,6244.95,0.1506,93.67,389,0,0.0,0.0,0.8852459016393442,fbx5JfMf.cpp,C:\Users\ad\Downloads\codepython\project\fraud_detection_system\dataset_CPP\human\fbx5JfMf.cpp,0,1015
3,2.1875,0,0,0,0,0,6,0,0,0,0,0,0,0,0,0,0,0,0,0,0,5,0,0,0.0,0,0,0,0,0.0,0,0,3,False,0,0,0.0,25,25,0,0,1.0,0.0,12,9,0.75,20,0.5,77,9,2.6019417475728157,0,0,3,0,1.0,True,0.0,3,0.0,1.0,52.666666666666664,28.33529404980455,0,2,6,0.07692307692307693,4,0,0,0,0,0,0,False,0,0,0,0,0,2,0,0,False,0,0,1,0,False,False,False,False,0,0,86,1635,18.023255813953487,16.766506441023573,68,19.76923076923077,16.639405713101866,0.8416820010518453,0.09302325581395349,2,0,60,False,2,0,0.0,0.023255813953488372,0,15,1.0,12,3.0,2.1875,10,24,37,138,34,175,890.31,28.75,25596.3,0.2968,83.17,649,0,0.0,0.0,0.9069767441860465,fgYrmYBp.cpp,C:\Users\ad\Downloads\codepython\project\fraud_detection_system\dataset_CPP\human\fgYrmYBp.cpp,0,1635
4,2.263157894736842,0,0,0,0,0,8,0,0,0,0,0,0,0,0,0,0,0,0,0,0,4,0,0,0.0,0,0,0,0,0.0,0,0,3,False,0,0,0.0,22,22,0,0,1.0,0.0,28,26,0.9285714285714286,34,0.5,54,16,3.6923076923076925,0,0,4,0,1.0,True,0.0,4,0.0,1.0,51.5,40.26474885057648,0,2,7,0.07446808510638298,5,0,0,0,0,0,0,False,0,0,0,0,0,3,0,0,False,0,0,1,0,False,False,False,False,0,0,107,2278,20.299065420560748,21.004323076728927,109,23.106382978723403,20.91241516883578,0.9050492752626903,0.12149532710280374,3,0,73,False,2,0,0.0,0.0,0,17,1.0,14,2.8,2.263157894736842,7,31,38,172,38,210,1102.06,19.42,21401.39,0.3674,78.27,784,0,0.0,0.0,0.8785046728971962,fbVDMeU9.cpp,C:\Users\ad\Downloads\codepython\project\fraud_detection_system\dataset_CPP\human\fbVDMeU9.cpp,0,2278
3,2.090909090909091,0,0,0,0,0,4,0,0,0,0,0,0,0,0,0,0,0,0,0,0,2,0,0,0.0,0,0,0,0,0.0,0,0,3,False,0,0,0.0,16,16,0,0,1.0,0.0,14,12,0.8571428571428571,14,0.5,25,9,3.1621621621621623,0,0,2,0,1.0,True,0.0,4,0.0,1.0,51.5,40.26474885057648,0,2,7,0.11864406779661017,3,0,0,0,0,0,0,False,0,0,0,0,0,1,0,0,False,0,0,1,0,False,False,False,False,0,0,67,1370,19.46268656716418,20.20590157488645,109,22.10169491525424,20.132354359153243,0.9108964012193568,0.11940298507462686,1,0,44,False,2,0,0.0,0.0,0,9,1.0,8,2.6666666666666665,2.090909090909091,5,22,23,93,27,116,551.57,10.57,5829.06,0.1839,95.71,457,0,0.0,0.0,0.8805970149253731,fSlddNPx.cpp,C:\Users\ad\Downloads\codepython\project\fraud_detection_system\dataset_CPP\human\fSlddNPx.cpp,0,1370
3,1.8,0,0,0,0,0,0,0,0,0,0,0,0,0,0,0,0,0,0,0,0,2,0,0,0.0,0,0,0,0,0.0,0,0,2,False,0,0,0.0,1,1,0,0,1.0,0.0,5,4,0.8,6,0.3333333333333333,0,15,5.074074074074074,0,4,0,0,1.0,True,1.0,1,0.0,1.0,85.0,0.0,0,0,4,0.12121212121212122,2,0,0,0,0,0,0,False,0,0,0,0,0,0,0,0,False,0,0,0,0,False,False,False,True,1,0,36,586,15.305555555555555,13.965869994073339,56,16.696969696969695,13.767517433139828,0.8245518607869589,0.08333333333333333,1,0,23,False,2,0,0.0,0.0,0,5,1.0,3,1.5,1.8,3,20,4,34,23,38,171.9,2.55,438.33,0.0573,100.0,180,0,0.0,0.0,0.9166666666666666,fVYhYPVv.cpp,C:\Users\ad\Downloads\codepython\project\fraud_detection_system\dataset_CPP\human\fVYhYPVv.cpp,0,586
5,2.45,0,0,0,0,0,4,0,0,0,0,0,0,0,0,0,0,0,0,0,0,4,0,0,0.0,1,1,0,0,0.0,0,0,1,False,1,1,1.0,56,56,0,0,1.0,0.0,18,18,1.0,24,0.4166666666666667,82,17,3.5555555555555554,0,0,6,0,1.0,True,0.0,11,0.0,0.36363636363636365,29.363636363636363,23.511207104360512,0,7,14,0.109375,7,0,0,0,0,0,0,False,0,0,0,0,0,1,0,0,True,0,0,0,0,False,False,False,False,1,0,139,3326,22.93525179856115,18.994209126264796,83,24.90625,18.51200518413659,0.7432674603417452,0.07913669064748201,1,0,101,False,2,0,0.0,0.04316546762589928,0,13,1.0,13,1.8571428571428572,2.45,15,43,79,194,58,273,1599.23,33.84,54113.44,0.5331,75.56,985,0,0.0,0.0,0.920863309352518,fr3GPN7S.cpp,C:\Users\ad\Downloads\codepython\project\fraud_detection_system\dataset_CPP\human\fr3GPN7S.cpp,0,3326
3,1.8,0,0,0,0,0,3,0,0,0,0,0,0,0,0,0,0,0,0,0,0,2,0,0,0.0,0,0,0,0,0.0,0,0,3,False,0,0,0.0,10,10,0,0,1.0,0.0,11,11,1.0,10,0.5,40,8,2.4833333333333334,0,0,1,0,1.0,True,0.0,1,0.0,1.0,85.0,0.0,0,0,4,0.07547169811320754,4,0,0,0,0,0,0,False,0,0,0,0,0,1,0,0,False,0,0,1,0,False,False,False,False,0,0,59,976,15.559322033898304,15.149281111142857,68,17.32075471698113,14.999086242489827,0.8659603168322014,0.1016949152542373,1,0,35,False,2,0,0.0,0.0,0,9,1.0,6,1.5,1.8,6,20,15,75,26,90,423.04,11.25,4759.2,0.141,94.5,384,0,0.0,0.0,0.8983050847457628,gnauKWER.cpp,C:\Users\ad\Downloads\codepython\project\fraud_detection_system\dataset_CPP\human\gnauKWER.cpp,0,976
2,1.5,0,0,0,0,0,0,0,0,0,0,0,0,0,0,0,0,0,0,0,0,0,0,0,0.0,0,0,0,0,0.0,0,0,2,False,0,0,0.0,3,3,0,0,1.0,0.0,4,4,1.0,6,0.5,16,4,2.1818181818181817,0,0,0,0,1.0,True,0.0,2,0.0,0.5,203.5,118.5,0,1,20,0.5555555555555556,1,0,0,0,0,0,0,False,0,0,0,0,0,1,0,0,False,0,0,0,0,False,False,False,False,0,0,47,754,15.063829787234043,15.555534357987092,58,19.666666666666668,15.012957366518059,0.7633707135517657,0.23404255319148937,3,0,29,False,2,4,0.13793103448275862,0.0,1,2,0.6666666666666666,1,1.0,1.5,6,13,8,29,19,37,157.17,6.69,1051.85,0.0524,100.0,138,0,0.0,0.0,0.7659574468085106,gGwAsR2H.cpp,C:\Users\ad\Downloads\codepython\project\fraud_detection_system\dataset_CPP\human\gGwAsR2H.cpp,0,754
3,1.8333333333333333,0,0,0,0,0,3,0,0,0,0,0,0,0,0,0,0,0,0,0,0,3,0,0,0.0,0,0,0,0,0.0,0,0,3,False,0,0,0.0,12,12,0,0,1.0,0.0,10,10,1.0,14,0.5,38,9,2.7142857142857144,0,0,1,0,1.0,True,0.0,1,0.0,1.0,85.0,0.0,0,0,4,0.06349206349206349,4,0,0,0,0,0,0,False,0,0,0,0,0,2,0,0,False,0,0,1,0,False,False,False,False,0,0,71,1113,14.690140845070422,14.122793033913448,68,16.428571428571427,14.056252391463275,0.8555979716542864,0.11267605633802817,3,0,45,False,2,0,0.0,0.04225352112676056,0,10,1.0,7,1.75,1.8333333333333333,10,22,18,82,32,100,500.0,18.64,9318.18,0.1667,88.98,420,0,0.0,0.0,0.8873239436619719,gL3cH0Zm.cpp,C:\Users\ad\Downloads\codepython\project\fraud_detection_system\dataset_CPP\human\gL3cH0Zm.cpp,0,1113
5,2.1538461538461537,0,0,0,0,0,4,0,0,0,0,0,0,0,0,0,0,0,0,0,0,3,0,0,0.0,0,0,0,0,0.0,0,0,3,False,0,0,0.0,18,18,0,0,1.0,0.0,13,13,1.0,14,0.5,61,10,2.2588235294117647,0,0,2,0,1.0,True,0.0,1,0.0,1.0,85.0,0.0,0,0,4,0.06060606060606061,5,0,0,0,0,0,0,False,0,0,0,0,0,1,0,0,False,0,0,1,0,False,False,False,False,0,0,74,1240,15.77027027027027,15.224045079268606,68,17.681818181818183,15.035472290461819,0.8503351938050385,0.10810810810810811,1,0,45,False,2,0,0.0,0.0,0,12,1.0,8,1.6,2.1538461538461537,12,24,26,104,36,130,672.09,26.0,17474.35,0.224,86.04,501,0,0.0,0.0,0.8918918918918919,g6qBorkb.cpp,C:\Users\ad\Downloads\codepython\project\fraud_detection_system\dataset_CPP\human\g6qBorkb.cpp,0,1240
4,2.1363636363636362,0,0,0,0,0,7,0,0,0,0,0,0,0,0,0,0,0,0,0,0,7,0,0,0.0,0,0,0,0,0.0,0,0,2,False,0,0,0.0,22,22,0,0,1.0,0.0,22,22,1.0,30,0.5,78,17,3.671875,1,0,9,0,0.9,False,0.0,9,0.0,0.5555555555555556,39.55555555555556,33.77741227872428,1,6,13,0.125,7,0,0,0,0,0,0,False,0,0,0,0,0,5,0,0,False,0,0,1,0,False,False,False,False,0,0,115,2390,19.791304347826088,19.291582148101224,74,21.884615384615383,19.123740628373465,0.8738440357429,0.09565217391304348,1,0,78,False,2,0,0.0,0.008695652173913044,0,20,1.0,15,2.142857142857143,2.1363636363636362,11,30,34,153,41,187,1001.86,28.05,28102.24,0.334,82.42,737,0,0.0,0.0,0.9043478260869565,gfAOqDqz.cpp,C:\Users\ad\Downloads\codepython\project\fraud_detection_system\dataset_CPP\human\gfAOqDqz.cpp,0,2390
4,2.25,0,0,0,0,0,8,0,0,0,0,0,0,0,0,0,0,0,0,0,0,5,0,0,0.0,0,0,0,0,0.0,0,0,3,False,0,0,0.0,26,26,0,0,1.0,0.0,23,21,0.9130434782608695,26,0.5,56,12,3.3257575757575757,0,0,5,0,1.0,True,0.0,4,0.0,1.0,51.5,40.26474885057648,0,2,7,0.07446808510638298,5,0,0,0,0,0,0,False,0,0,0,0,0,5,1,0,False,0,0,1,0,False,False,False,False,0,0,105,2184,19.80952380952381,19.76678080980225,109,22.127659574468087,19.625338616161606,0.8869143413073033,0.10476190476190476,1,0,73,False,2,0,0.0,0.17142857142857143,0,18,1.0,16,3.2,2.25,10,28,40,163,38,203,1065.33,29.11,31008.69,0.3551,77.98,772,0,0.0,0.0,0.8952380952380953,gQk0wZMp.cpp,C:\Users\ad\Downloads\codepython\project\fraud_detection_system\dataset_CPP\human\gQk0wZMp.cpp,0,2184
2,1.5,0,0,0,0,0,0,0,0,0,0,0,0,0,0,0,0,0,0,0,0,1,0,0,0.0,0,1,0,0,0.0,0,0,0,False,0,0,0.0,1,1,0,0,1.0,0.0,0,0,0.0,2,0.5,7,3,2.923076923076923,0,2,1,0,0.6666666666666666,False,0.0,1,0.0,1.0,85.0,0.0,0,0,4,0.3076923076923077,1,0,0,0,0,0,0,False,0,0,0,0,0,0,0,0,False,0,0,0,0,False,False,False,False,0,0,14,235,15.857142857142858,16.092842876158787,56,17.076923076923077,16.064588569806567,0.9407191504841683,0.07142857142857142,1,0,8,False,2,0,0.0,0.0,0,2,1.0,1,1.0,1.5,4,7,7,15,11,22,76.11,4.29,326.17,0.0254,100.0,65,0,0.0,0.0,0.9285714285714286,gkJEUzqN.cpp,C:\Users\ad\Downloads\codepython\project\fraud_detection_system\dataset_CPP\human\gkJEUzqN.cpp,0,235
3,2.0,0,0,0,0,0,3,0,0,0,0,0,0,0,0,0,0,0,0,0,0,4,0,0,0.0,0,0,0,0,0.0,0,0,3,False,0,0,0.0,29,29,0,0,1.0,0.0,11,11,1.0,14,0.5,63,9,2.6853932584269664,0,0,1,0,1.0,True,0.0,3,0.0,0.6666666666666666,33.333333333333336,36.53613127971938,0,2,6,0.09523809523809523,4,0,0,0,0,0,0,False,0,0,0,0,0,2,0,0,False,0,0,1,0,False,False,False,False,0,0,69,1346,18.52173913043478,20.445479777990954,93,20.285714285714285,20.543742392123274,1.0127196953863586,0.08695652173913043,1,0,45,False,2,0,0.0,0.0,0,9,1.0,8,2.0,2.0,11,20,37,111,31,148,733.22,30.52,22381.57,0.2444,90.74,538,0,0.0,0.0,0.9130434782608695,gr0HPdWG.cpp,C:\Users\ad\Downloads\codepython\project\fraud_detection_system\dataset_CPP\human\gr0HPdWG.cpp,0,1346
1,1.0,0,0,0,0,0,0,0,0,0,0,0,0,0,0,0,0,0,0,0,0,2,0,0,0.0,0,0,0,0,0.0,0,0,2,False,0,0,0.0,10,8,2,0,0.8,0.2,3,3,1.0,10,0.5,12,8,3.5483870967741935,0,2,0,0,1.0,True,1.0,1,0.0,1.0,85.0,0.0,0,0,4,0.13333333333333333,3,0,0,0,0,0,0,False,0,0,0,0,0,5,0,0,False,0,0,0,0,False,False,False,False,0,2,37,567,14.35135135135135,15.212399310051127,56,17.7,15.038062818506024,0.8496080688421482,0.1891891891891892,1,0,15,False,2,0,0.0,0.0,0,3,1.0,2,0.6666666666666666,1.0,5,16,11,45,21,56,245.97,7.03,1729.47,0.082,100.0,230,0,0.0,0.0,0.8108108108108109,gvdTIE1Z.cpp,C:\Users\ad\Downloads\codepython\project\fraud_detection_system\dataset_CPP\human\gvdTIE1Z.cpp,0,567
3,2.0,0,0,0,0,0,3,0,0,0,0,0,0,0,0,0,0,0,0,0,0,4,0,0,0.0,0,0,0,0,0.0,0,0,3,False,0,0,0.0,29,29,0,0,1.0,0.0,11,11,1.0,14,0.5,69,9,2.3157894736842106,0,0,1,0,1.0,True,0.0,4,0.0,0.5,44.5,37.08436328157732,0,2,9,0.13636363636363635,4,0,0,0,0,0,0,False,0,0,0,0,0,2,0,0,False,0,0,1,0,False,False,False,False,0,0,72,1373,18.083333333333332,19.408438886216484,93,19.727272727272727,19.45511185808163,0.9862038269073637,0.08333333333333333,1,0,45,False,2,0,0.0,0.0,0,9,1.0,8,2.0,2.0,12,20,37,117,32,154,770.0,35.1,27027.0,0.2567,93.8,557,0,0.0,0.0,0.9166666666666666,hAbbnMac.cpp,C:\Users\ad\Downloads\codepython\project\fraud_detection_system\dataset_CPP\human\hAbbnMac.cpp,0,1373
4,2.1818181818181817,0,0,0,0,0,9,0,0,0,0,0,0,0,0,0,0,0,0,0,0,6,0,0,0.0,0,0,0,0,0.0,0,0,3,False,0,0,0.0,27,27,0,0,1.0,0.0,20,18,0.9,30,0.5,56,14,3.3777777777777778,0,0,4,0,1.0,True,0.0,4,0.0,1.0,51.5,40.26474885057648,0,2,7,0.06862745098039216,5,0,0,0,0,0,0,False,0,0,0,0,0,3,1,0,False,0,0,1,0,False,False,False,False,0,0,113,2245,18.876106194690266,19.669900973500265,109,20.91176470588235,19.64843103109895,0.9395874192086701,0.09734513274336283,1,0,81,False,2,0,0.0,0.017699115044247787,0,20,1.0,18,3.6,2.1818181818181817,11,29,44,167,40,211,1122.93,31.67,35565.8,0.3743,75.15,791,0,0.0,0.0,0.9026548672566371,hAvMGKKm.cpp,C:\Users\ad\Downloads\codepython\project\fraud_detection_system\dataset_CPP\human\hAvMGKKm.cpp,0,2245
3,1.6666666666666667,0,0,0,0,0,0,0,0,0,0,0,0,0,0,0,0,0,0,0,0,1,0,0,0.0,0,0,0,0,0.0,0,0,4,False,0,0,0.0,6,6,0,0,1.0,0.0,4,4,1.0,10,0.5,21,6,3.057142857142857,0,0,0,0,1.0,True,0.0,3,0.0,0.3333333333333333,32.333333333333336,37.2409571424915,0,0,6,0.13953488372093023,3,0,0,0,0,0,0,False,0,0,0,0,0,3,0,0,False,0,0,0,0,False,False,False,False,0,0,49,692,13.142857142857142,11.563489339913179,56,14.976744186046512,11.176154790951287,0.7462339379051325,0.12244897959183673,2,0,28,False,2,0,0.0,0.0,0,6,1.0,3,1.0,1.6666666666666667,6,14,12,44,20,56,242.03,9.43,2281.98,0.0807,100.0,211,0,0.0,0.0,0.8775510204081632,hDSlsjEK.cpp,C:\Users\ad\Downloads\codepython\project\fraud_detection_system\dataset_CPP\human\hDSlsjEK.cpp,0,692
3,2.2,0,0,0,0,0,0,0,0,0,0,0,0,0,0,0,0,0,0,0,0,3,0,0,0.0,0,0,0,0,0.0,0,0,2,False,0,0,0.0,7,7,0,0,1.0,0.0,3,2,0.6666666666666666,4,0.5,14,4,2.4761904761904763,0,0,0,0,1.0,True,0.0,1,0.0,1.0,85.0,0.0,0,0,4,0.125,1,0,0,0,0,0,0,False,0,0,0,0,0,1,0,0,False,0,0,0,0,False,False,False,False,0,0,36,566,14.75,13.919161453031412,56,16.59375,13.688177780022437,0.8248996025625575,0.1111111111111111,1,0,25,False,2,2,0.08,0.0,0,4,1.0,5,5.0,2.2,6,14,10,33,20,43,185.84,7.07,1314.17,0.0619,100.0,177,0,0.0,0.0,0.8888888888888888,hFIPSJXL.cpp,C:\Users\ad\Downloads\codepython\project\fraud_detection_system\dataset_CPP\human\hFIPSJXL.cpp,0,566
5,2.3333333333333335,0,0,0,0,0,4,0,0,0,0,0,0,0,0,0,0,0,0,0,0,5,0,0,0.0,0,0,0,0,0.0,0,0,3,False,0,0,0.0,14,14,0,0,1.0,0.0,16,16,1.0,22,0.5,47,12,3.097826086956522,0,0,1,0,1.0,True,0.0,9,0.0,0.6666666666666666,35.666666666666664,19.988885800753266,0,6,12,0.15584415584415584,4,0,0,0,0,0,0,False,0,0,0,0,0,3,0,0,False,0,0,1,0,False,False,False,False,0,0,84,1881,21.404761904761905,22.09617454912084,83,23.350649350649352,22.072352238594277,0.9452564640554835,0.08333333333333333,1,0,59,False,2,0,0.0,0.0,0,9,1.0,10,2.5,2.3333333333333335,9,26,25,113,35,138,707.84,19.56,13843.74,0.2359,92.91,548,0,0.0,0.0,0.9166666666666666,h5jtBCBu.cpp,C:\Users\ad\Downloads\codepython\project\fraud_detection_system\dataset_CPP\human\h5jtBCBu.cpp,0,1881
2,1.6666666666666667,0,0,0,0,0,1,0,0,0,0,0,0,0,0,0,0,0,0,0,0,2,0,0,0.0,0,0,0,0,0.0,0,0,0,False,0,0,0.0,3,3,0,0,1.0,0.0,3,3,1.0,2,0.0,18,4,2.6153846153846154,0,2,2,0,0.5,False,0.0,3,0.0,1.0,63.666666666666664,15.4344492037203,0,1,6,0.3,1,0,0,0,0,0,0,False,0,0,0,0,0,1,0,0,False,0,0,0,0,False,False,False,False,0,0,22,496,21.59090909090909,23.47079247007978,74,23.35,23.881530520467066,1.022763619720217,0.09090909090909091,1,0,15,False,2,0,0.0,0.09090909090909091,0,1,1.0,3,3.0,1.6666666666666667,5,10,12,30,15,42,164.09,7.5,1230.67,0.0547,100.0,125,0,0.0,0.0,0.9090909090909091,hMEGfwO2.cpp,C:\Users\ad\Downloads\codepython\project\fraud_detection_system\dataset_CPP\human\hMEGfwO2.cpp,0,496
3,1.8571428571428572,0,0,0,0,0,4,0,0,0,0,0,0,0,0,0,0,0,0,0,0,4,0,0,0.0,0,0,0,0,0.0,0,0,3,False,0,0,0.0,14,14,0,0,1.0,0.0,11,11,1.0,18,0.5,47,11,2.960526315789474,0,0,2,0,1.0,True,0.0,1,0.0,1.0,85.0,0.0,0,0,4,0.056338028169014086,5,0,0,0,0,0,0,False,0,0,0,0,0,4,0,0,False,0,0,1,0,False,False,False,False,0,0,78,1254,15.08974358974359,14.495963980678402,68,16.577464788732396,14.359236093133143,0.8661901126698837,0.08974358974358974,1,0,50,False,2,0,0.0,0.0,0,13,1.0,9,1.8,1.8571428571428572,9,22,22,96,31,118,584.6,19.64,11479.32,0.1949,84.72,474,0,0.0,0.0,0.9102564102564102,hZmUIfG5.cpp,C:\Users\ad\Downloads\codepython\project\fraud_detection_system\dataset_CPP\human\hZmUIfG5.cpp,0,1254
4,1.9166666666666667,0,0,0,0,0,4,0,0,0,0,0,0,0,0,0,0,0,0,0,0,2,0,0,0.0,0,0,0,0,0.0,0,0,3,False,0,0,0.0,13,13,0,0,1.0,0.0,13,13,1.0,14,0.5,57,10,2.271604938271605,0,0,2,0,1.0,True,0.0,1,0.0,1.0,85.0,0.0,0,0,4,0.06349206349206349,5,0,0,0,0,0,0,False,0,0,0,0,0,1,0,0,False,0,0,1,0,False,False,False,False,0,0,70,1141,15.314285714285715,14.56761854951185,68,16.952380952380953,14.447967475473348,0.85226774433972,0.1,1,0,42,False,2,0,0.0,0.014285714285714285,0,11,1.0,7,1.4,1.9166666666666667,9,23,21,96,32,117,585.0,18.78,10987.83,0.195,88.16,467,0,0.0,0.0,0.9,hVc4kaJd.cpp,C:\Users\ad\Downloads\codepython\project\fraud_detection_system\dataset_CPP\human\hVc4kaJd.cpp,0,1141
4,2.176470588235294,0,0,0,0,0,6,0,0,0,0,0,0,0,0,0,0,0,0,0,0,4,0,0,0.0,0,0,0,0,0.0,0,0,3,False,0,0,0.0,23,23,0,0,1.0,0.0,18,16,0.8888888888888888,22,0.5,39,12,3.423076923076923,0,0,3,0,1.0,True,0.0,4,0.0,1.0,51.5,40.26474885057648,0,2,7,0.08433734939759036,4,0,0,0,0,0,0,False,0,0,0,0,0,2,0,0,False,0,0,1,0,False,False,False,False,0,0,93,1892,19.35483870967742,19.92223870117158,109,21.686746987951807,19.85303091232834,0.9154453142906956,0.10752688172043011,1,0,65,False,2,0,0.0,0.0,0,14,1.0,12,3.0,2.176470588235294,10,29,33,133,39,166,877.38,22.93,20119.16,0.2925,83.16,644,0,0.0,0.0,0.8924731182795699,hIOFdiFQ.cpp,C:\Users\ad\Downloads\codepython\project\fraud_detection_system\dataset_CPP\human\hIOFdiFQ.cpp,0,1892
5,2.5238095238095237,0,0,0,0,0,8,0,0,0,0,0,0,0,0,0,0,0,0,0,0,8,0,0,0.0,0,0,0,0,0.0,0,0,3,False,0,0,0.0,43,43,0,0,1.0,0.0,27,25,0.9259259259259259,32,0.5,60,17,3.4683544303797467,0,0,6,0,1.0,True,0.0,6,0.0,1.0,101.0,94.4810386620864,0,2,21,0.1810344827586207,5,0,0,0,0,0,0,False,0,0,0,0,0,4,0,0,False,0,0,1,0,False,False,False,False,0,0,129,3047,22.627906976744185,24.541080814773377,137,25.163793103448278,24.615997029377002,0.9782307829420117,0.10077519379844961,1,0,82,False,2,0,0.0,0.007751937984496124,0,19,1.0,18,3.6,2.5238095238095237,13,35,63,195,48,258,1440.92,36.21,52181.9,0.4803,82.65,898,0,0.0,0.0,0.8992248062015504,hp72WrZ4.cpp,C:\Users\ad\Downloads\codepython\project\fraud_detection_system\dataset_CPP\human\hp72WrZ4.cpp,0,3047
3,1.9523809523809523,0,0,0,0,0,8,0,0,0,0,0,0,0,0,0,0,0,0,0,0,3,0,0,0.0,0,0,0,0,0.0,0,0,3,False,0,0,0.0,35,35,0,0,1.0,0.0,35,30,0.8571428571428571,24,0.5,70,15,3.5792682926829267,0,0,5,0,1.0,True,0.0,9,0.0,0.6666666666666666,26.555555555555557,34.92248912826204,0,4,12,0.11428571428571428,7,0,0,0,0,0,0,False,0,0,0,0,0,1,0,0,False,0,0,1,0,False,False,False,False,0,0,121,2510,19.75206611570248,20.637477339485496,109,22.761904761904763,20.54983434507387,0.9028169900555465,0.1322314049586777,1,0,76,False,2,0,0.0,0.0,0,18,1.0,14,2.0,1.9523809523809523,9,34,53,197,43,250,1356.57,26.07,35370.47,0.4522,79.89,918,0,0.0,0.0,0.8677685950413223,hhxB6ZC4.cpp,C:\Users\ad\Downloads\codepython\project\fraud_detection_system\dataset_CPP\human\hhxB6ZC4.cpp,0,2510
3,1.8333333333333333,0,0,0,0,0,3,0,0,0,0,0,0,0,0,0,0,0,0,0,0,3,0,0,0.0,0,0,0,0,0.0,0,0,3,False,0,0,0.0,13,13,0,0,1.0,0.0,10,10,1.0,14,0.5,41,9,2.727272727272727,0,0,1,0,1.0,True,0.0,1,0.0,1.0,85.0,0.0,0,0,4,0.06349206349206349,4,0,0,0,0,0,0,False,0,0,0,0,0,2,0,0,False,0,0,1,0,False,False,False,False,0,0,71,1121,14.80281690140845,14.262745442516465,68,16.555555555555557,14.199013801857026,0.8576585517900216,0.11267605633802817,3,0,45,False,2,0,0.0,0.028169014084507043,0,10,1.0,7,1.75,1.8333333333333333,10,21,19,84,31,103,510.28,20.0,10205.64,0.1701,88.88,428,0,0.0,0.0,0.8873239436619719,hUBW1Fu6.cpp,C:\Users\ad\Downloads\codepython\project\fraud_detection_system\dataset_CPP\human\hUBW1Fu6.cpp,0,1121
3,2.3333333333333335,0,0,0,0,0,0,0,0,0,0,0,0,0,0,0,0,0,0,0,0,3,0,0,0.0,0,0,0,0,0.0,0,0,2,False,0,0,0.0,6,6,0,0,1.0,0.0,2,2,1.0,10,0.5,6,8,6.551724137931035,1,0,3,0,0.75,False,0.0,4,0.0,0.75,41.0,27.865749586185547,0,2,7,0.15555555555555556,1,0,0,0,0,0,0,False,0,0,0,0,0,1,0,0,False,0,0,0,0,False,False,False,False,0,0,53,1065,19.11320754716981,20.566193525461525,86,22.42222222222222,20.623060327796907,0.9197598758680484,0.1509433962264151,2,0,38,False,2,0,0.0,0.018867924528301886,0,4,1.0,5,5.0,2.3333333333333335,7,19,11,45,26,56,263.22,8.29,2181.99,0.0877,100.0,238,0,0.0,0.0,0.8490566037735849,iIATtpAW.cpp,C:\Users\ad\Downloads\codepython\project\fraud_detection_system\dataset_CPP\human\iIATtpAW.cpp,0,1065
2,1.2,0,0,0,0,0,1,0,0,0,0,0,0,0,0,0,0,0,0,0,0,2,0,0,0.0,0,0,0,0,0.0,0,0,2,False,0,0,0.0,10,10,0,0,1.0,0.0,9,9,1.0,6,0.5,28,8,3.3043478260869565,0,1,0,0,1.0,True,1.0,4,0.0,0.25,28.0,32.96209944769902,0,3,7,0.1891891891891892,4,0,0,0,0,0,0,False,0,0,0,0,0,6,0,0,False,0,0,0,0,False,False,False,False,0,0,46,775,15.869565217391305,17.328800725773636,56,19.486486486486488,17.481452134657,0.8971064202251166,0.1956521739130435,3,0,21,False,2,0,0.0,0.043478260869565216,0,2,1.0,3,0.75,1.2,8,19,13,60,27,73,347.11,12.63,4384.51,0.1157,100.0,277,0,0.0,0.0,0.8043478260869565,iTQlH1uh.cpp,C:\Users\ad\Downloads\codepython\project\fraud_detection_system\dataset_CPP\human\iTQlH1uh.cpp,0,775
4,2.25,0,0,0,0,0,6,0,0,0,0,0,0,0,0,0,0,0,0,0,0,4,0,0,0.0,0,0,0,0,0.0,0,0,3,False,0,0,0.0,22,22,0,0,1.0,0.0,19,14,0.7368421052631579,20,0.5,42,11,3.2115384615384617,0,0,3,0,1.0,True,0.0,4,0.0,1.0,51.5,40.26474885057648,0,2,7,0.08860759493670886,4,0,0,0,0,0,0,False,0,0,0,0,0,1,0,0,False,0,0,1,0,False,False,False,False,0,0,90,1821,19.244444444444444,19.29842314290132,109,21.924050632911392,19.11906209757966,0.8720588370143149,0.12222222222222222,1,0,61,False,2,0,0.0,0.2111111111111111,0,14,1.0,12,3.0,2.25,9,26,35,132,35,167,856.59,22.85,19569.79,0.2855,84.59,624,0,0.0,0.0,0.8777777777777778,hsEYlO8x.cpp,C:\Users\ad\Downloads\codepython\project\fraud_detection_system\dataset_CPP\human\hsEYlO8x.cpp,0,1821
4,2.3181818181818183,0,0,0,0,0,7,0,0,0,0,0,0,0,0,0,0,0,0,0,0,8,0,0,0.0,0,0,0,0,0.0,0,0,3,False,0,0,0.0,27,27,0,0,1.0,0.0,19,17,0.8947368421052632,22,0.5,47,13,3.398230088495575,0,0,4,0,1.0,True,0.0,4,0.0,1.0,51.5,40.26474885057648,0,2,7,0.06862745098039216,5,0,0,0,0,0,0,False,0,0,0,0,0,5,0,0,False,0,0,1,0,False,False,False,False,0,0,111,2185,18.693693693693692,18.428235676277065,109,20.34313725490196,18.330567579993005,0.9010688641731501,0.08108108108108109,1,0,81,False,2,0,0.0,0.018018018018018018,0,20,1.0,17,3.4,2.3181818181818183,10,30,39,150,40,189,1005.84,25.0,25146.11,0.3353,75.95,731,0,0.0,0.0,0.918918918918919,hw9D21ld.cpp,C:\Users\ad\Downloads\codepython\project\fraud_detection_system\dataset_CPP\human\hw9D21ld.cpp,0,2185
3,2.0,0,0,0,0,0,11,0,0,0,0,0,0,0,0,0,0,0,0,0,0,3,0,0,0.0,0,0,0,0,0.0,0,0,3,False,0,0,0.0,35,35,0,0,1.0,0.0,29,27,0.9310344827586207,36,0.5,79,16,3.3125,0,0,5,0,1.0,True,0.0,6,0.0,1.0,62.333333333333336,44.95429777995524,0,2,11,0.09821428571428571,7,0,0,0,0,0,0,False,0,0,0,0,0,1,0,0,False,0,0,1,0,False,False,False,False,0,0,124,2670,20.54032258064516,22.831217731907085,130,22.741071428571427,22.957937289014595,1.0095363079582391,0.0967741935483871,1,0,81,False,2,0,0.0,0.008064516129032258,0,21,1.0,16,2.2857142857142856,2.0,10,31,54,211,41,265,1419.75,34.03,48317.34,0.4733,76.47,975,0,0.0,0.0,0.9032258064516129,ibIdTJlb.cpp,C:\Users\ad\Downloads\codepython\project\fraud_detection_system\dataset_CPP\human\ibIdTJlb.cpp,0,2670
4,2.0,0,0,0,0,0,5,0,0,0,0,0,0,0,0,0,0,0,0,0,0,1,0,0,0.0,0,0,0,0,0.0,0,0,3,False,0,0,0.0,12,12,0,0,1.0,0.0,11,10,0.9090909090909091,14,0.5,44,9,3.5,0,0,2,0,1.0,True,0.0,3,0.0,0.3333333333333333,43.0,30.243456592570013,0,2,6,0.10344827586206896,4,0,0,0,0,0,0,False,0,0,0,0,0,1,0,0,False,0,0,1,0,False,False,False,False,0,0,64,1247,18.5,19.42051106433608,89,20.413793103448278,19.41918220050742,0.9512775064437756,0.09375,1,0,40,False,2,0,0.0,0.0,0,9,1.0,7,1.75,2.0,8,22,20,86,30,106,520.13,15.64,8132.95,0.1734,94.99,428,0,0.0,0.0,0.90625,iaTKbL2I.cpp,C:\Users\ad\Downloads\codepython\project\fraud_detection_system\dataset_CPP\human\iaTKbL2I.cpp,0,1247
4,2.25,0,0,0,0,0,6,0,0,0,0,0,0,0,0,0,0,0,0,0,0,4,0,0,0.0,0,0,0,0,0.0,0,0,3,False,0,0,0.0,22,22,0,0,1.0,0.0,19,17,0.8947368421052632,20,0.5,42,11,3.1923076923076925,0,0,3,0,1.0,True,0.0,4,0.0,1.0,51.5,40.26474885057648,0,2,7,0.08860759493670886,4,0,0,0,0,0,0,False,0,0,0,0,0,1,0,0,False,0,0,1,0,False,False,False,False,0,0,90,1821,19.244444444444444,19.330063580461694,109,21.924050632911392,19.15544153900918,0.8737181764328666,0.12222222222222222,1,0,61,False,2,0,0.0,0.2111111111111111,0,14,1.0,12,3.0,2.25,9,26,35,132,35,167,856.59,22.85,19569.79,0.2855,84.59,624,0,0.0,0.0,0.8777777777777778,iel4J2xq.cpp,C:\Users\ad\Downloads\codepython\project\fraud_detection_system\dataset_CPP\human\iel4J2xq.cpp,0,1821
1,1.0,0,0,0,0,0,0,0,0,0,0,0,0,0,0,0,0,0,0,0,0,1,0,0,0.0,0,0,0,0,0.0,0,0,2,False,0,0,0.0,3,3,0,0,1.0,0.0,2,2,1.0,4,0.5,10,5,2.6666666666666665,0,0,0,0,1.0,True,0.0,1,0.0,1.0,85.0,0.0,0,0,4,0.19047619047619047,2,0,0,0,0,0,0,False,0,0,0,0,0,3,0,0,False,0,0,0,0,False,False,False,False,0,0,26,357,12.76923076923077,13.915425011635035,56,15.80952380952381,13.844782574498863,0.8757241989893859,0.19230769230769232,1,0,11,False,2,0,0.0,0.0,0,2,1.0,1,0.5,1.0,5,12,5,25,17,30,122.62,5.21,638.67,0.0409,100.0,128,0,0.0,0.0,0.8076923076923077,irjaM63M.cpp,C:\Users\ad\Downloads\codepython\project\fraud_detection_system\dataset_CPP\human\irjaM63M.cpp,0,357
2,1.6666666666666667,0,0,0,0,0,0,0,0,0,0,0,0,0,0,0,0,0,0,0,0,2,0,0,0.0,0,0,0,0,0.0,0,0,0,False,0,0,0.0,2,2,0,0,1.0,0.0,3,3,1.0,0,0.0,12,4,2.7777777777777777,0,2,2,0,0.5,False,0.0,3,0.0,1.0,52.333333333333336,25.772509040103607,0,1,6,0.3157894736842105,1,0,0,0,0,0,0,False,0,0,0,0,0,1,0,0,False,0,0,0,0,False,False,False,False,0,0,20,385,18.3,19.791664912280623,75,19.263157894736842,19.84371067077918,1.0301379856415422,0.05,1,0,13,False,2,0,0.0,0.0,0,1,1.0,2,2.0,1.6666666666666667,4,9,8,21,13,29,107.31,4.67,500.79,0.0358,100.0,95,0,0.0,0.0,0.95,jCLS7qHA.cpp,C:\Users\ad\Downloads\codepython\project\fraud_detection_system\dataset_CPP\human\jCLS7qHA.cpp,0,385
4,2.1538461538461537,0,0,0,0,0,6,0,0,0,0,0,0,0,0,0,0,0,0,0,0,2,0,0,0.0,0,0,0,0,0.0,0,0,3,False,0,0,0.0,13,13,0,0,1.0,0.0,12,9,0.75,20,0.5,57,9,2.744186046511628,0,1,3,0,0.75,False,0.0,1,0.0,1.0,85.0,0.0,0,0,4,0.0625,4,0,0,0,0,0,0,False,0,0,0,0,0,2,0,0,False,0,0,1,0,False,False,False,False,0,0,70,1318,17.84285714285714,16.554356970111446,68,19.515625,16.342995620735355,0.8374313208383208,0.08571428571428572,1,0,46,False,2,0,0.0,0.0,0,12,1.0,9,2.25,2.1538461538461537,6,23,22,105,29,127,616.96,13.7,8449.72,0.2057,87.03,508,0,0.0,0.0,0.9142857142857143,ivuvetT3.cpp,C:\Users\ad\Downloads\codepython\project\fraud_detection_system\dataset_CPP\human\ivuvetT3.cpp,0,1318
7,3.5454545454545454,0,0,0,0,0,12,0,0,0,0,0,0,0,0,0,0,0,0,0,0,10,0,0,0.0,0,0,0,0,0.0,0,0,3,False,0,0,0.0,43,43,0,0,1.0,0.0,31,29,0.9354838709677419,42,0.5,95,15,3.439252336448598,0,0,6,0,1.0,True,0.0,7,0.0,0.8333333333333334,38.333333333333336,37.89312455959377,0,4,10,0.06896551724137931,7,0,0,0,0,0,0,False,0,0,0,0,0,1,0,0,False,0,0,1,0,False,False,False,False,0,0,158,3752,22.753164556962027,19.305238584928762,109,24.76551724137931,18.88879025099952,0.762705259369237,0.08227848101265822,1,0,118,False,2,0,0.0,0.012658227848101266,0,29,1.0,24,3.4285714285714284,3.5454545454545454,12,32,71,256,44,327,1785.23,48.0,85691.24,0.5951,65.71,1161,0,0.0,0.0,0.9177215189873418,iz1VJvd1.cpp,C:\Users\ad\Downloads\codepython\project\fraud_detection_system\dataset_CPP\human\iz1VJvd1.cpp,0,3752
2,1.25,0,0,0,0,0,1,0,0,0,0,0,0,0,0,0,0,0,0,0,0,1,0,0,0.0,0,0,0,0,0.0,0,0,3,False,0,0,0.0,5,5,0,0,1.0,0.0,5,4,0.8,6,0.5,20,7,2.757575757575758,0,2,0,0,1.0,True,1.0,1,0.0,0.0,49.0,0.0,1,1,1,0.03571428571428571,3,0,0,0,0,0,0,False,0,0,0,0,0,4,0,0,False,0,0,0,0,False,False,False,False,0,0,34,469,12.823529411764707,14.396630709250921,52,15.571428571428571,14.452949702466997,0.9281710818098071,0.17647058823529413,2,16,0,False,2,14,0.875,0.0,0,4,1.0,2,0.6666666666666666,1.25,7,17,8,43,24,51,233.83,8.85,2070.11,0.0779,100.0,211,0,0.0,0.0,0.8235294117647058,jCVM4Ykm.cpp,C:\Users\ad\Downloads\codepython\project\fraud_detection_system\dataset_CPP\human\jCVM4Ykm.cpp,0,469
3,1.8,0,0,0,0,0,3,0,0,0,0,0,0,0,0,0,0,0,0,0,0,2,0,0,0.0,0,0,0,0,0.0,0,0,3,False,0,0,0.0,12,12,0,0,1.0,0.0,19,19,1.0,14,0.5,54,8,2.4743589743589745,0,0,1,0,1.0,True,0.0,1,0.0,1.0,85.0,0.0,0,0,4,0.06896551724137931,4,0,0,0,0,0,0,False,0,0,0,0,0,1,0,0,False,0,0,1,0,False,False,False,False,0,0,65,1155,16.784615384615385,16.41246459502168,68,18.810344827586206,16.241132218634355,0.8634149117147504,0.1076923076923077,1,0,40,False,2,0,0.0,0.0,0,9,1.0,6,1.5,1.8,7,24,19,96,31,115,569.73,14.0,7976.26,0.1899,90.63,470,0,0.0,0.0,0.8923076923076924,jBRSTQJe.cpp,C:\Users\ad\Downloads\codepython\project\fraud_detection_system\dataset_CPP\human\jBRSTQJe.cpp,0,1155
3,2.0,0,0,0,0,0,0,0,0,0,0,0,0,0,0,0,0,0,0,0,0,1,0,0,0.0,0,0,0,0,0.0,0,0,3,False,0,0,0.0,15,14,1,0,0.9333333333333333,0.06666666666666667,5,5,1.0,14,0.5,33,5,1.9069767441860466,0,0,0,0,1.0,True,0.0,1,0.0,1.0,85.0,0.0,0,0,4,0.10526315789473684,1,0,0,0,0,0,0,False,0,0,0,0,0,1,0,0,False,0,0,0,0,False,False,False,False,0,0,43,712,15.581395348837209,13.585615782603913,56,17.42105263157895,13.356708503589555,0.7666992796622403,0.11627906976744186,1,0,30,False,2,0,0.0,0.023255813953488372,0,3,1.0,3,3.0,2.0,9,22,25,62,31,87,431.02,12.68,5466.05,0.1437,100.0,282,0,0.0,0.0,0.8837209302325582,jZbpecpm.cpp,C:\Users\ad\Downloads\codepython\project\fraud_detection_system\dataset_CPP\human\jZbpecpm.cpp,0,712
3,2.0,0,0,0,0,0,3,0,0,0,0,0,0,0,0,0,0,0,0,0,0,3,0,0,0.0,0,0,0,0,0.0,0,0,3,False,0,0,0.0,13,13,0,0,1.0,0.0,9,9,1.0,12,0.5,39,7,2.526315789473684,0,0,1,0,1.0,True,0.0,1,0.0,1.0,85.0,0.0,0,0,4,0.07692307692307693,3,0,0,0,0,0,0,False,0,0,0,0,0,1,0,0,False,0,0,1,0,False,False,False,False,0,0,59,956,15.220338983050848,14.636925439646413,68,17.26923076923077,14.411687811014025,0.834529806428429,0.11864406779661017,2,0,37,False,2,0,0.0,0.0,0,9,1.0,7,2.3333333333333335,2.0,9,19,18,75,28,93,447.08,17.76,7941.62,0.149,94.47,377,0,0.0,0.0,0.8813559322033898,jLrglxvI.cpp,C:\Users\ad\Downloads\codepython\project\fraud_detection_system\dataset_CPP\human\jLrglxvI.cpp,0,956
3,2.0,0,0,0,0,0,5,0,0,0,0,0,0,0,0,0,0,0,0,0,0,2,0,0,0.0,0,0,0,0,0.0,0,0,3,False,0,0,0.0,14,14,0,0,1.0,0.0,12,9,0.75,18,0.5,51,9,3.0625,0,0,3,0,1.0,True,0.0,1,0.0,1.0,85.0,0.0,0,0,4,0.06557377049180328,4,0,0,0,0,0,0,False,0,0,0,0,0,2,0,0,False,0,0,1,0,False,False,False,False,0,0,67,1243,17.567164179104477,16.86312224821133,68,19.229508196721312,16.770772236169503,0.8721373456149528,0.08955223880597014,2,0,43,False,2,0,0.0,0.014925373134328358,0,11,1.0,8,2.0,2.0,6,22,22,99,28,121,581.69,13.5,7852.81,0.1939,88.78,479,0,0.0,0.0,0.9104477611940298,jRZ0e3Or.cpp,C:\Users\ad\Downloads\codepython\project\fraud_detection_system\dataset_CPP\human\jRZ0e3Or.cpp,0,1243
4,2.0625,0,0,0,0,0,6,0,0,0,0,0,0,0,0,0,0,0,0,0,0,3,0,0,0.0,0,0,0,0,0.0,0,0,3,False,0,0,0.0,16,16,0,0,1.0,0.0,18,18,1.0,22,0.5,84,12,2.4957264957264957,0,0,4,0,1.0,True,0.0,2,0.5,1.0,84.0,1.0,0,0,7,0.07954545454545454,6,0,0,0,0,0,0,False,0,0,0,0,0,1,0,0,False,0,0,1,0,False,False,False,False,0,0,98,1673,16.081632653061224,15.72575780555372,83,17.90909090909091,15.577982979802238,0.869836613085404,0.10204081632653061,2,0,61,False,2,0,0.0,0.0,0,15,1.0,10,1.6666666666666667,2.0625,10,27,32,135,37,167,869.98,25.0,21749.47,0.29,82.13,643,0,0.0,0.0,0.8979591836734694,jNCeH6Yi.cpp,C:\Users\ad\Downloads\codepython\project\fraud_detection_system\dataset_CPP\human\jNCeH6Yi.cpp,0,1673
2,1.5,0,0,0,0,0,0,0,0,0,0,0,0,0,0,0,0,0,0,0,0,1,0,0,0.0,1,0,0,0,0.0,0,0,0,False,0,0,0.0,1,1,0,0,1.0,0.0,0,0,0.0,2,0.5,5,6,3.3333333333333335,0,1,1,0,0.5,False,0.0,7,0.42857142857142855,0.8571428571428571,29.857142857142858,23.57618999528714,0,4,10,0.5555555555555556,1,0,0,0,0,0,0,False,0,0,0,0,0,2,0,0,False,0,0,0,0,False,False,False,False,0,0,20,482,23.15,20.125295028893365,56,25.72222222222222,19.592531330857106,0.7616966824091316,0.1,1,0,13,False,2,0,0.0,0.0,0,2,1.0,1,1.0,1.5,3,10,5,17,13,22,81.41,2.55,207.59,0.0271,100.0,94,0,0.0,0.0,0.9,jPjfIqV1.cpp,C:\Users\ad\Downloads\codepython\project\fraud_detection_system\dataset_CPP\human\jPjfIqV1.cpp,0,482
3,2.0,0,0,0,0,0,8,0,0,0,0,0,0,0,0,0,0,0,0,0,0,2,0,0,0.0,0,0,0,0,0.0,0,0,3,False,0,0,0.0,26,26,0,0,1.0,0.0,20,18,0.9,24,0.5,72,13,3.260869565217391,0,0,3,0,1.0,True,0.0,5,0.0,0.8,49.0,36.359317925395686,0,3,8,0.09411764705882353,4,0,0,0,0,0,0,False,0,0,0,0,0,1,0,0,False,0,0,1,0,False,False,False,False,0,0,95,2033,20.410526315789475,21.073552762616494,109,22.764705882352942,21.059940818208304,0.9251136793528195,0.10526315789473684,1,0,67,False,2,0,0.0,0.010526315789473684,0,14,1.0,12,3.0,2.0,9,27,44,172,36,216,1116.7,28.67,32012.18,0.3722,82.65,776,0,0.0,0.0,0.8947368421052632,jbIoUgyo.cpp,C:\Users\ad\Downloads\codepython\project\fraud_detection_system\dataset_CPP\human\jbIoUgyo.cpp,0,2033
4,2.3333333333333335,0,0,0,0,0,1,0,0,0,0,0,0,0,0,0,0,0,0,0,0,7,0,0,0.0,0,0,0,0,0.0,0,0,3,False,0,0,0.0,11,11,0,0,1.0,0.0,9,9,1.0,12,0.4166666666666667,17,15,4.795918367346939,0,4,1,0,0.8,False,1.0,1,0.0,1.0,85.0,0.0,0,0,4,0.06666666666666667,3,0,0,0,0,0,0,False,0,0,0,0,0,4,0,0,False,0,0,1,0,False,False,False,True,1,0,61,1122,17.40983606557377,14.119370544159871,56,17.7,14.055010968808718,0.7940684163168767,0.01639344262295082,1,0,45,False,2,0,0.0,0.0,0,12,1.0,9,3.0,2.3333333333333335,9,29,15,74,38,89,467.07,11.48,5363.2,0.1557,90.11,368,0,0.0,0.0,0.9836065573770492,k8aRRtr5.cpp,C:\Users\ad\Downloads\codepython\project\fraud_detection_system\dataset_CPP\human\k8aRRtr5.cpp,0,1122
7,3.5454545454545454,0,0,0,0,0,12,0,0,0,0,0,0,0,0,0,0,0,0,0,0,10,0,0,0.0,0,0,0,0,0.0,0,0,3,False,0,0,0.0,39,39,0,0,1.0,0.0,31,29,0.9354838709677419,42,0.5,95,15,3.5981308411214954,0,0,6,0,1.0,True,0.0,7,0.0,0.8333333333333334,38.333333333333336,37.89312455959377,0,4,10,0.06896551724137931,7,0,0,0,0,0,0,False,0,0,0,0,0,1,0,0,False,0,0,1,0,False,False,False,False,0,0,158,3766,22.841772151898734,19.518093569975363,109,24.862068965517242,19.11548232938156,0.7688612864799795,0.08227848101265822,1,0,118,False,2,0,0.0,0.012658227848101266,0,29,1.0,24,3.4285714285714284,3.5454545454545454,10,31,67,252,41,319,1709.06,40.65,69464.98,0.5697,65.94,1149,0,0.0,0.0,0.9177215189873418,ja3KNCyM.cpp,C:\Users\ad\Downloads\codepython\project\fraud_detection_system\dataset_CPP\human\ja3KNCyM.cpp,0,3766
3,1.8,0,0,0,0,0,3,0,0,0,0,0,0,0,0,0,0,0,0,0,0,2,0,0,0.0,0,0,0,0,0.0,0,0,2,False,0,0,0.0,10,8,2,0,0.8,0.2,11,11,1.0,12,0.5,40,9,2.5737704918032787,0,0,0,0,1.0,True,0.0,1,0.0,1.0,85.0,0.0,0,0,4,0.07547169811320754,4,0,0,0,0,0,0,False,0,0,0,0,0,3,0,0,False,0,0,1,0,False,False,False,False,0,0,59,993,15.847457627118644,15.751043612798236,68,17.641509433962263,15.637514568260285,0.8864045691099414,0.1016949152542373,1,0,36,False,2,4,0.1111111111111111,0.0,0,9,1.0,6,1.5,1.8,6,21,15,76,27,91,432.69,10.86,4697.83,0.1442,94.38,380,0,0.0,0.0,0.8983050847457628,ji7DfHCw.cpp,C:\Users\ad\Downloads\codepython\project\fraud_detection_system\dataset_CPP\human\ji7DfHCw.cpp,0,993
3,1.8333333333333333,0,0,0,0,0,3,0,0,0,0,0,0,0,0,0,0,0,0,0,0,3,0,0,0.0,0,0,0,0,0.0,0,0,2,False,0,0,0.0,14,14,0,0,1.0,0.0,10,10,1.0,14,0.5,40,9,2.4153846153846152,0,0,0,0,1.0,True,0.0,1,0.0,1.0,85.0,0.0,0,0,4,0.06557377049180328,4,0,0,0,0,0,0,False,0,0,0,0,0,2,0,0,False,0,0,1,0,False,False,False,False,0,0,67,1073,15.029850746268657,14.602157016343925,68,16.508196721311474,14.484160880779983,0.8773920692428789,0.08955223880597014,1,0,44,False,2,0,0.0,0.0,0,10,1.0,7,1.75,1.8333333333333333,10,23,20,85,33,105,529.66,18.48,9787.22,0.1766,89.5,425,0,0.0,0.0,0.9104477611940298,jeeB4NtP.cpp,C:\Users\ad\Downloads\codepython\project\fraud_detection_system\dataset_CPP\human\jeeB4NtP.cpp,0,1073
3,1.8181818181818181,0,0,0,0,0,3,0,0,0,0,0,0,0,0,0,0,0,0,0,0,3,0,0,0.0,0,0,0,0,0.0,0,0,3,False,0,0,0.0,12,11,1,0,0.9166666666666666,0.08333333333333333,14,14,1.0,18,0.5,45,11,2.8026315789473686,0,0,1,0,1.0,True,0.0,1,0.0,1.0,85.0,0.0,0,0,4,0.06153846153846154,4,0,0,0,0,0,0,False,0,0,0,0,0,3,0,0,False,0,0,1,0,False,False,False,False,0,0,72,1245,16.305555555555557,15.668119514983362,68,18.06153846153846,15.498761164465245,0.85810858235966,0.09722222222222222,1,0,47,False,2,0,0.0,0.0,0,10,1.0,7,1.75,1.8181818181818181,9,24,20,96,33,116,585.15,18.0,10532.69,0.195,87.38,472,0,0.0,0.0,0.9027777777777778,joTpcpMT.cpp,C:\Users\ad\Downloads\codepython\project\fraud_detection_system\dataset_CPP\human\joTpcpMT.cpp,0,1245
5,2.1333333333333333,0,0,0,0,0,3,0,0,0,0,0,0,0,0,0,0,0,0,0,0,3,0,0,0.0,0,0,0,0,0.0,0,0,3,False,0,0,0.0,15,15,0,0,1.0,0.0,15,15,1.0,12,0.5,51,27,4.660130718954249,0,0,12,0,1.0,True,0.0,3,0.0,0.6666666666666666,57.333333333333336,29.780679792256066,0,1,8,0.06557377049180328,7,4,0,0,0,0,0,False,0,0,0,0,0,1,0,0,False,0,0,1,0,False,False,False,False,0,0,141,2790,18.79432624113475,16.668872647128563,71,21.721311475409838,16.04821745633869,0.7388235961031396,0.1347517730496454,2,0,83,False,2,0,0.0,0.0070921985815602835,0,13,1.0,8,1.1428571428571428,2.1333333333333333,12,62,52,213,74,265,1645.51,20.61,33918.64,0.5485,72.14,937,0,0.0,0.0,0.8652482269503546,kPNh5g9C.cpp,C:\Users\ad\Downloads\codepython\project\fraud_detection_system\dataset_CPP\human\kPNh5g9C.cpp,0,2790
3,1.625,0,0,0,0,0,2,0,0,0,0,0,0,0,0,0,0,0,0,0,0,3,0,0,0.0,0,0,0,0,0.0,0,0,3,False,0,0,0.0,13,13,0,0,1.0,0.0,12,12,1.0,12,0.5,40,9,2.3181818181818183,0,1,0,0,1.0,True,1.0,1,0.0,1.0,85.0,0.0,0,0,4,0.07692307692307693,4,0,0,0,0,0,0,False,0,0,0,0,0,3,0,0,False,0,0,1,0,False,False,False,False,0,0,60,979,15.333333333333334,14.68975455509346,68,17.692307692307693,14.396231426659579,0.8137000371590196,0.13333333333333333,2,0,34,False,2,0,0.0,0.0,0,7,1.0,6,1.5,1.625,9,21,18,83,30,101,495.6,17.79,8814.53,0.1652,94.17,401,0,0.0,0.0,0.8666666666666667,jxOunQ4w.cpp,C:\Users\ad\Downloads\codepython\project\fraud_detection_system\dataset_CPP\human\jxOunQ4w.cpp,0,979
5,2.4,0,0,0,0,0,8,0,0,0,0,0,0,0,0,0,0,0,0,0,0,5,0,0,0.0,0,0,0,0,0.0,0,0,3,False,0,0,0.0,39,39,0,0,1.0,0.0,28,26,0.9285714285714286,28,0.5,56,16,3.386206896551724,0,0,4,0,1.0,True,0.0,8,0.0,0.875,162.375,175.59465930090244,0,3,40,0.3076923076923077,5,0,0,0,0,0,0,False,0,0,0,0,0,2,0,0,False,0,0,1,0,False,False,False,False,0,0,143,3535,23.727272727272727,24.50436861812954,137,26.1,24.4659417904218,0.9373924057632874,0.09090909090909091,2,0,100,False,2,2,0.02,0.0,0,21,1.0,15,3.0,2.4,12,34,54,181,46,235,1298.04,31.94,41460.83,0.4327,89.29,839,0,0.0,0.0,0.9090909090909091,jlvZTqkh.cpp,C:\Users\ad\Downloads\codepython\project\fraud_detection_system\dataset_CPP\human\jlvZTqkh.cpp,0,3535
4,1.9166666666666667,0,0,0,0,0,4,0,0,0,0,0,0,0,0,0,0,0,0,0,0,2,0,0,0.0,0,0,0,0,0.0,0,0,3,False,0,0,0.0,16,16,0,0,1.0,0.0,13,13,1.0,14,0.5,57,10,2.493827160493827,0,0,2,0,1.0,True,0.0,1,0.0,1.0,85.0,0.0,0,0,4,0.06349206349206349,5,0,0,0,0,0,0,False,0,0,0,0,0,1,0,0,False,0,0,1,0,False,False,False,False,0,0,71,1173,15.535211267605634,15.318984802456763,68,17.50793650793651,15.163524547227848,0.8660943304400311,0.11267605633802817,1,0,42,False,2,0,0.0,0.0,0,11,1.0,7,1.4,1.9166666666666667,11,24,24,99,35,123,630.9,22.69,14313.58,0.2103,87.77,476,0,0.0,0.0,0.8873239436619719,kAkYe7ub.cpp,C:\Users\ad\Downloads\codepython\project\fraud_detection_system\dataset_CPP\human\kAkYe7ub.cpp,0,1173
1,1.0,0,0,0,0,0,0,0,0,0,0,0,0,0,0,0,0,0,0,0,0,2,0,0,0.0,0,0,0,0,0.0,0,0,2,False,0,0,0.0,10,8,2,0,0.8,0.2,7,7,1.0,6,0.5,19,6,2.375,0,0,0,0,1.0,True,0.0,1,0.0,1.0,85.0,0.0,0,0,4,0.16,2,0,0,0,0,0,0,False,0,0,0,0,0,4,0,0,False,0,0,0,0,False,False,False,False,0,0,30,510,16.033333333333335,16.9459598593752,63,19.24,16.8197027322126,0.8742049237116737,0.16666666666666666,1,0,15,False,2,0,0.0,0.0,0,2,1.0,2,1.0,1.0,6,16,12,44,22,56,249.73,8.25,2060.26,0.0832,100.0,210,0,0.0,0.0,0.8333333333333334,kEvnrtHj.cpp,C:\Users\ad\Downloads\codepython\project\fraud_detection_system\dataset_CPP\human\kEvnrtHj.cpp,0,510
3,1.8461538461538463,0,0,0,0,0,4,0,0,0,0,0,0,0,0,0,0,0,0,0,0,3,0,0,0.0,0,0,0,0,0.0,0,0,3,False,0,0,0.0,14,14,0,0,1.0,0.0,21,21,1.0,16,0.5,64,11,2.5462962962962963,0,0,2,0,1.0,True,0.0,1,0.0,1.0,85.0,0.0,0,0,4,0.057971014492753624,5,0,0,0,0,0,0,False,0,0,0,0,0,1,2,0,False,0,0,1,0,False,False,False,False,0,0,77,1364,16.727272727272727,16.32990751887378,68,18.666666666666668,16.167301645979062,0.8661054453203069,0.1038961038961039,2,0,48,False,2,0,0.0,0.0,0,12,1.0,10,2.0,1.8461538461538463,10,22,30,124,32,154,770.0,28.18,21700.0,0.2567,83.77,575,0,0.0,0.0,0.8961038961038961,kbG64DI6.cpp,C:\Users\ad\Downloads\codepython\project\fraud_detection_system\dataset_CPP\human\kbG64DI6.cpp,0,1364
3,2.2,0,0,0,0,0,0,0,0,0,0,0,0,0,0,0,0,0,0,0,0,2,0,0,0.0,0,0,0,0,0.0,0,0,2,False,0,0,0.0,6,6,0,0,1.0,0.0,5,4,0.8,6,0.5,20,4,2.2857142857142856,0,0,0,0,1.0,True,0.0,1,0.0,1.0,85.0,0.0,0,0,4,0.11428571428571428,1,0,0,0,0,0,0,False,0,0,0,0,0,1,0,0,False,0,0,0,0,False,False,False,False,0,0,37,629,16.027027027027028,14.29701629520004,56,16.942857142857143,14.162208982545984,0.8358807999816348,0.05405405405405406,1,0,28,False,2,3,0.10714285714285714,0.0,0,4,1.0,4,4.0,2.2,8,15,11,40,23,51,230.7,10.67,2460.82,0.0769,100.0,201,0,0.0,0.0,0.9459459459459459,kIsrIcF3.cpp,C:\Users\ad\Downloads\codepython\project\fraud_detection_system\dataset_CPP\human\kIsrIcF3.cpp,0,629
3,1.75,0,0,0,0,0,3,0,0,0,0,0,0,0,0,0,0,0,0,0,0,4,0,0,0.0,0,0,0,0,0.0,0,0,3,False,0,0,0.0,14,14,0,0,1.0,0.0,11,11,1.0,12,0.5,45,10,2.8823529411764706,0,0,3,0,1.0,True,0.0,2,0.0,0.5,56.5,28.5,0,1,5,0.07575757575757576,5,0,0,0,0,0,0,False,0,0,0,0,0,6,0,0,False,0,0,1,0,False,False,False,False,0,0,74,1226,15.58108108108108,15.088036030699827,68,17.333333333333332,15.045721563744873,0.8680223979083581,0.10810810810810811,1,0,45,False,2,0,0.0,0.04054054054054054,0,10,1.0,9,1.8,1.75,10,22,20,91,32,111,555.0,20.68,11478.41,0.185,88.88,453,0,0.0,0.0,0.8918918918918919,kDfGUyKm.cpp,C:\Users\ad\Downloads\codepython\project\fraud_detection_system\dataset_CPP\human\kDfGUyKm.cpp,0,1226
2,1.5,0,0,0,0,0,0,0,0,0,0,0,0,0,0,0,0,0,0,0,0,0,0,0,0.0,0,0,0,0,0.0,0,0,3,False,0,0,0.0,4,4,0,0,1.0,0.0,4,3,0.75,10,0.5,20,5,2.142857142857143,0,0,0,0,1.0,True,0.0,1,0.0,1.0,85.0,0.0,0,0,4,0.14285714285714285,1,0,0,0,0,0,0,False,0,0,0,0,0,1,0,0,False,0,0,0,0,False,False,False,False,0,0,33,477,13.484848484848484,12.028051083023845,56,15.892857142857142,11.499500876479956,0.7235641000931209,0.15151515151515152,1,0,20,False,2,0,0.0,0.0,0,2,1.0,1,1.0,1.5,6,18,12,39,24,51,233.83,6.5,1519.92,0.0779,100.0,180,0,0.0,0.0,0.8484848484848485,kVjBYYWr.cpp,C:\Users\ad\Downloads\codepython\project\fraud_detection_system\dataset_CPP\human\kVjBYYWr.cpp,0,477
1,1.0,0,0,0,0,0,0,0,0,0,0,0,0,0,0,0,0,0,0,0,0,0,0,0,0.0,0,0,0,0,0.0,0,0,2,False,0,0,0.0,0,0,0,0,0.0,0.0,4,4,1.0,2,0.5,11,12,5.564102564102564,0,0,4,0,1.0,True,0.0,1,0.0,1.0,85.0,0.0,0,0,4,0.10526315789473684,3,2,0,0,0,0,0,False,0,0,0,0,0,1,0,0,False,0,0,0,0,False,False,False,False,0,0,46,788,16.152173913043477,15.35375239690306,56,19.55263157894737,14.794553351293372,0.7566527958938736,0.17391304347826086,2,0,21,False,2,0,0.0,0.0,0,3,1.0,0,0.0,1.0,2,25,7,55,27,62,294.8,2.2,648.57,0.0983,100.0,254,0,0.0,0.0,0.8260869565217391,kX3MdeJj.cpp,C:\Users\ad\Downloads\codepython\project\fraud_detection_system\dataset_CPP\human\kX3MdeJj.cpp,0,788
3,2.1666666666666665,0,0,0,0,0,0,0,0,0,0,0,0,0,0,0,0,0,0,0,0,2,0,0,0.0,0,0,0,0,0.0,0,0,3,False,0,0,0.0,7,7,0,0,1.0,0.0,3,3,1.0,10,0.5,24,5,2.264705882352941,0,0,0,0,1.0,True,0.0,1,0.0,1.0,85.0,0.0,0,0,4,0.09523809523809523,1,0,0,0,0,0,0,False,0,0,0,0,0,1,0,0,False,0,0,0,0,False,False,False,False,0,0,45,719,15.0,13.498971154211057,56,16.071428571428573,13.342365138272646,0.8301916086036312,0.06666666666666667,2,0,34,False,2,0,0.0,0.0,0,4,1.0,5,5.0,2.1666666666666665,7,19,15,49,26,64,300.83,9.03,2715.37,0.1003,100.0,248,0,0.0,0.0,0.9333333333333333,ksYRGpxe.cpp,C:\Users\ad\Downloads\codepython\project\fraud_detection_system\dataset_CPP\human\ksYRGpxe.cpp,0,719
4,2.2142857142857144,0,0,0,0,0,6,0,0,0,0,0,0,0,0,0,0,0,0,0,0,3,0,0,0.0,0,0,0,0,0.0,0,0,3,False,0,0,0.0,22,22,0,0,1.0,0.0,14,14,1.0,14,0.5,72,10,2.47,0,1,1,0,0.5,False,0.0,1,0.0,1.0,85.0,0.0,0,0,4,0.058823529411764705,4,0,0,0,0,0,0,False,0,0,0,0,0,1,0,0,False,0,0,1,0,False,False,False,False,0,0,75,1417,17.906666666666666,18.106480116859334,81,19.75,18.0329559418305,0.9130610603458481,0.09333333333333334,1,0,50,False,2,0,0.0,0.0,0,13,1.0,10,2.5,2.2142857142857144,10,24,35,121,34,156,793.64,25.21,20006.45,0.2645,83.97,576,0,0.0,0.0,0.9066666666666666,kmFMjfiH.cpp,C:\Users\ad\Downloads\codepython\project\fraud_detection_system\dataset_CPP\human\kmFMjfiH.cpp,0,1417
3,1.625,0,0,0,0,0,2,0,0,0,0,0,0,0,0,0,0,0,0,0,0,3,0,0,0.0,0,0,0,0,0.0,0,0,3,False,0,0,0.0,15,15,0,0,1.0,0.0,12,12,1.0,12,0.5,43,9,2.3384615384615386,0,1,0,0,1.0,True,1.0,6,0.0,0.16666666666666666,36.0,26.06402373643282,3,0,9,0.15789473684210525,4,0,0,0,0,0,0,False,0,0,0,0,0,3,0,0,False,0,0,1,0,False,False,False,False,0,0,66,1161,16.606060606060606,15.702613937850451,68,19.157894736842106,15.41107994403868,0.8044245025734476,0.13636363636363635,1,0,39,False,2,0,0.0,0.015151515151515152,0,7,1.0,6,1.5,1.625,11,22,20,84,33,104,524.62,21.0,11016.96,0.1749,100.0,407,0,0.0,0.0,0.8636363636363636,kvC7fYxJ.cpp,C:\Users\ad\Downloads\codepython\project\fraud_detection_system\dataset_CPP\human\kvC7fYxJ.cpp,0,1161
4,2.0588235294117645,0,0,0,0,0,4,0,0,0,0,0,0,0,0,0,0,0,0,0,0,7,0,0,0.0,0,0,0,0,0.0,0,0,3,False,0,0,0.0,18,18,0,0,1.0,0.0,11,11,1.0,14,0.5,49,11,2.9210526315789473,0,0,2,0,1.0,True,0.0,1,0.0,1.0,85.0,0.0,0,0,4,0.04938271604938271,5,0,0,0,0,0,0,False,0,0,0,0,0,5,0,0,False,0,0,1,0,False,False,False,False,0,0,87,1467,15.873563218390805,14.46978985120231,68,17.049382716049383,14.312130083261371,0.8394515110385018,0.06896551724137931,1,0,60,False,2,0,0.0,0.0,0,16,1.0,12,2.4,2.0588235294117645,10,27,25,106,37,131,682.44,19.63,13396.01,0.2275,79.99,537,0,0.0,0.0,0.9310344827586207,lPk1skUd.cpp,C:\Users\ad\Downloads\codepython\project\fraud_detection_system\dataset_CPP\human\lPk1skUd.cpp,0,1467
2,1.5,0,0,0,0,0,0,0,0,0,0,0,0,0,0,0,0,0,0,0,0,1,0,0,0.0,1,0,0,0,0.0,0,0,0,False,0,0,0.0,1,1,0,0,1.0,0.0,0,0,0.0,2,0.5,5,6,3.3333333333333335,0,1,1,0,0.5,False,0.0,7,0.42857142857142855,0.8571428571428571,29.857142857142858,23.57618999528714,0,4,10,0.5555555555555556,1,0,0,0,0,0,0,False,0,0,0,0,0,2,0,0,False,0,0,0,0,False,False,False,False,0,0,20,485,23.3,20.14224416493852,56,25.88888888888889,19.589931906435137,0.7566926487464216,0.1,1,0,13,False,2,0,0.0,0.0,0,2,1.0,1,1.0,1.5,3,10,5,17,13,22,81.41,2.55,207.59,0.0271,100.0,94,0,0.0,0.0,0.9,kYt86K4J.cpp,C:\Users\ad\Downloads\codepython\project\fraud_detection_system\dataset_CPP\human\kYt86K4J.cpp,0,485
4,2.2916666666666665,0,0,0,0,0,9,0,0,0,0,0,0,0,0,0,0,0,0,0,0,8,0,0,0.0,0,0,0,0,0.0,0,0,3,False,0,0,0.0,25,25,0,0,1.0,0.0,14,11,0.7857142857142857,26,0.5,88,12,3.4881889763779528,0,0,6,0,1.0,True,0.0,1,0.0,1.0,85.0,0.0,0,0,4,0.038461538461538464,6,0,0,0,0,0,0,False,0,0,0,0,0,9,1,0,False,0,0,1,0,False,False,False,False,0,0,111,2089,17.82882882882883,17.151090041724725,84,19.028846153846153,17.062361146670415,0.8966576853227505,0.06306306306306306,1,0,80,False,2,0,0.0,0.0,0,23,1.0,19,3.1666666666666665,2.2916666666666665,11,27,39,161,38,200,1049.59,32.8,34422.52,0.3499,70.18,785,0,0.0,0.0,0.9369369369369369,ktljjYkG.cpp,C:\Users\ad\Downloads\codepython\project\fraud_detection_system\dataset_CPP\human\ktljjYkG.cpp,0,2089
3,1.75,0,0,0,0,0,0,0,0,0,0,0,0,0,0,0,0,0,0,0,0,6,0,0,0.0,0,0,0,0,0.0,0,0,2,False,0,0,0.0,34,33,1,0,0.9705882352941176,0.029411764705882353,13,12,0.9230769230769231,13,0.5384615384615384,45,27,5.369426751592357,0,2,12,0,0.8571428571428571,False,0.0,1,0.0,1.0,85.0,0.0,0,0,4,0.031496062992125984,8,3,0,0,0,0,0,False,0,0,0,0,0,6,0,0,False,0,0,0,0,False,False,False,False,0,1,144,3004,19.868055555555557,17.753421629434396,73,22.52755905511811,17.247082040846156,0.7655992377446563,0.11805555555555555,2,0,90,False,2,1,0.011111111111111112,0.0,0,12,1.0,10,1.25,1.75,10,77,77,239,87,316,2035.97,15.52,31597.2,0.6787,64.18,1038,0,0.0,0.0,0.8819444444444444,lJoOvWWW.cpp,C:\Users\ad\Downloads\codepython\project\fraud_detection_system\dataset_CPP\human\lJoOvWWW.cpp,0,3004
6,2.5833333333333335,0,0,0,0,0,6,0,0,0,0,0,0,0,0,0,0,0,0,0,0,4,0,0,0.0,1,1,0,0,0.0,0,0,1,False,1,1,1.0,21,21,0,0,1.0,0.0,11,11,1.0,18,0.4444444444444444,72,10,2.239130434782609,0,0,3,0,1.0,True,0.0,1,0.0,1.0,85.0,0.0,0,0,4,0.0625,4,0,0,0,0,0,0,False,0,0,0,0,0,0,0,0,True,0,0,0,0,False,False,False,False,1,0,69,1309,17.985507246376812,13.859013447147252,56,19.390625,13.410137475409229,0.6915784032443115,0.07246376811594203,1,0,48,False,2,0,0.0,0.0,0,12,1.0,11,2.75,2.5833333333333335,9,23,29,109,32,138,690.0,21.33,14715.0,0.23,85.99,496,0,0.0,0.0,0.927536231884058,kw4hGnrt.cpp,C:\Users\ad\Downloads\codepython\project\fraud_detection_system\dataset_CPP\human\kw4hGnrt.cpp,0,1309
2,1.6666666666666667,0,0,0,0,0,0,0,0,0,0,0,0,0,0,0,0,0,0,0,0,1,0,0,0.0,0,0,0,0,0.0,0,0,0,False,0,0,0.0,1,1,0,0,1.0,0.0,1,1,1.0,0,0.0,7,5,4.894736842105263,1,4,0,0,0.8,False,1.0,1,0.0,1.0,85.0,0.0,0,0,4,0.23529411764705882,1,0,0,0,0,0,0,False,0,0,0,0,0,0,0,0,False,0,0,0,0,False,False,False,False,0,0,18,323,17.0,16.63663961795704,56,18.0,16.584897453087002,0.9213831918381667,0.05555555555555555,1,0,12,False,2,0,0.0,0.0,0,2,1.0,1,1.0,1.6666666666666667,4,8,12,21,12,33,118.3,5.25,621.09,0.0394,100.0,86,0,0.0,0.0,0.9444444444444444,lfVbRDTy.cpp,C:\Users\ad\Downloads\codepython\project\fraud_detection_system\dataset_CPP\human\lfVbRDTy.cpp,0,323
2,1.5,0,0,0,0,0,0,0,0,0,0,0,0,0,0,0,0,0,0,0,0,1,0,0,0.0,0,0,0,0,0.0,0,0,0,False,0,0,0.0,1,0,1,0,0.0,1.0,1,0,0.0,0,0.0,6,5,4.176470588235294,1,3,1,0,0.6,False,0.0,1,0.0,1.0,85.0,0.0,0,0,4,0.2857142857142857,1,0,0,0,0,0,0,False,0,0,0,0,0,0,0,0,False,0,0,0,0,False,False,False,False,0,0,15,267,16.866666666666667,16.572534172204588,56,18.071428571428573,16.50741948213541,0.9134540424897065,0.06666666666666667,1,0,9,False,2,0,0.0,0.0,0,1,1.0,1,1.0,1.5,4,8,11,19,12,30,107.55,4.75,510.86,0.0358,100.0,77,0,0.0,0.0,0.9333333333333333,lUb2sp5P.cpp,C:\Users\ad\Downloads\codepython\project\fraud_detection_system\dataset_CPP\human\lUb2sp5P.cpp,0,267
3,2.0,0,0,0,0,0,0,0,0,0,0,0,0,0,0,0,0,0,0,0,0,1,0,0,0.0,0,0,0,0,0.0,0,0,3,False,0,0,0.0,13,12,1,0,0.9230769230769231,0.07692307692307693,4,4,1.0,14,0.5,32,5,1.9024390243902438,0,0,0,0,1.0,True,0.0,1,0.0,1.0,85.0,0.0,0,0,4,0.10526315789473684,1,0,0,0,0,0,0,False,0,0,0,0,0,1,0,0,False,0,0,0,0,False,False,False,False,0,0,42,676,15.119047619047619,12.745124896083993,56,16.710526315789473,12.36699319865679,0.740072033935367,0.09523809523809523,1,0,30,False,2,0,0.0,0.0,0,3,1.0,3,3.0,2.0,9,21,23,58,30,81,397.46,12.43,4939.84,0.1325,100.0,261,0,0.0,0.0,0.9047619047619048,m096ZUpT.cpp,C:\Users\ad\Downloads\codepython\project\fraud_detection_system\dataset_CPP\human\m096ZUpT.cpp,0,676
4,2.1333333333333333,0,0,0,0,0,6,0,0,0,0,0,0,0,0,0,0,0,0,0,0,3,0,0,0.0,0,0,0,0,0.0,0,0,3,False,0,0,0.0,17,17,0,0,1.0,0.0,11,8,0.7272727272727273,20,0.5,57,9,2.942528735632184,0,0,3,0,1.0,True,0.0,1,0.0,1.0,85.0,0.0,0,0,4,0.056338028169014086,4,0,0,0,0,0,0,False,0,0,0,0,0,2,0,0,False,0,0,1,0,False,False,False,False,0,0,77,1421,17.467532467532468,16.6496241645382,68,18.943661971830984,16.512809644776087,0.871679914333905,0.07792207792207792,1,0,53,False,2,0,0.0,0.0,0,13,1.0,10,2.5,2.1333333333333333,9,25,26,111,34,137,696.98,19.98,13925.71,0.2323,83.58,542,0,0.0,0.0,0.922077922077922,mLzsQoLb.cpp,C:\Users\ad\Downloads\codepython\project\fraud_detection_system\dataset_CPP\human\mLzsQoLb.cpp,0,1421
5,2.1538461538461537,0,0,0,0,0,4,0,0,0,0,0,0,0,0,0,0,0,0,0,0,3,0,0,0.0,0,0,0,0,0.0,0,0,3,False,0,0,0.0,16,16,0,0,1.0,0.0,13,13,1.0,14,0.5,61,10,2.376470588235294,0,0,2,0,1.0,True,0.0,1,0.0,1.0,85.0,0.0,0,0,4,0.06060606060606061,5,0,0,0,0,0,0,False,0,0,0,0,0,1,0,0,False,0,0,1,0,False,False,False,False,0,0,73,1245,16.068493150684933,15.414215789794063,68,17.772727272727273,15.248244265096362,0.8579574778315089,0.0958904109589041,1,0,45,False,2,0,0.0,0.0,0,12,1.0,8,1.6,2.1538461538461537,10,23,24,102,33,126,635.59,22.17,14093.6,0.2119,86.33,495,0,0.0,0.0,0.9041095890410958,mN5Srp3b.cpp,C:\Users\ad\Downloads\codepython\project\fraud_detection_system\dataset_CPP\human\mN5Srp3b.cpp,0,1245
3,1.8461538461538463,0,0,0,0,0,3,0,0,0,0,0,0,0,0,0,0,0,0,0,0,4,0,0,0.0,0,0,0,0,0.0,0,0,2,False,0,0,0.0,15,15,0,0,1.0,0.0,11,11,1.0,16,0.5,53,10,2.9473684210526314,0,0,0,0,1.0,True,0.0,1,0.0,1.0,85.0,0.0,0,0,4,0.05714285714285714,5,0,0,0,0,0,0,False,0,0,0,0,0,5,0,0,False,0,0,1,0,False,False,False,False,0,0,78,1256,15.115384615384615,14.895344969994749,68,16.84285714285714,14.769307667578465,0.8768884959546163,0.10256410256410256,1,0,50,False,2,0,0.0,0.0,0,12,1.0,9,1.8,1.8461538461538463,10,25,22,96,35,118,605.26,19.2,11620.9,0.2018,84.89,472,0,0.0,0.0,0.8974358974358975,ldIU3DTz.cpp,C:\Users\ad\Downloads\codepython\project\fraud_detection_system\dataset_CPP\human\ldIU3DTz.cpp,0,1256
3,1.8181818181818181,0,0,0,0,0,3,0,0,0,0,0,0,0,0,0,0,0,0,0,0,3,0,0,0.0,0,0,0,0,0.0,0,0,3,False,0,0,0.0,13,13,0,0,1.0,0.0,19,19,1.0,18,0.5,56,10,2.4761904761904763,0,0,0,0,1.0,True,0.0,1,0.0,1.0,85.0,0.0,0,0,4,0.06060606060606061,4,0,0,0,0,0,0,False,0,0,0,0,0,3,0,0,False,0,0,1,0,False,False,False,False,0,0,74,1252,15.932432432432432,15.959688306481087,77,17.863636363636363,15.845739666066029,0.88703886171362,0.10810810810810811,1,0,48,False,2,0,0.0,0.0,0,10,1.0,7,1.75,1.8181818181818181,10,24,22,103,34,125,635.93,21.46,13646.06,0.212,86.56,499,0,0.0,0.0,0.8918918918918919,luniHtDz.cpp,C:\Users\ad\Downloads\codepython\project\fraud_detection_system\dataset_CPP\human\luniHtDz.cpp,0,1252
2,1.5,0,0,0,0,0,0,0,0,0,0,0,0,0,0,0,0,0,0,0,0,0,0,0,0.0,0,0,0,0,0.0,0,0,2,False,0,0,0.0,1,1,0,0,1.0,0.0,2,2,1.0,6,0.5,7,5,2.8125,0,0,0,0,1.0,True,0.0,1,0.0,1.0,85.0,0.0,0,0,4,0.17391304347826086,1,0,0,0,0,0,0,False,0,0,0,0,0,1,0,0,False,0,0,0,0,False,False,False,False,0,0,25,359,13.4,11.872657663724665,56,14.565217391304348,11.672435336804034,0.8013910828253515,0.08,1,0,16,False,2,0,0.0,0.0,0,2,1.0,1,1.0,1.5,5,12,6,23,17,29,118.54,4.79,567.99,0.0395,100.0,116,0,0.0,0.0,0.92,m6RN1nli.cpp,C:\Users\ad\Downloads\codepython\project\fraud_detection_system\dataset_CPP\human\m6RN1nli.cpp,0,359
3,1.75,0,0,0,0,0,3,0,0,0,0,0,0,0,0,0,0,0,0,0,0,3,0,0,0.0,0,0,0,0,0.0,0,0,3,False,0,0,0.0,15,15,0,0,1.0,0.0,11,11,1.0,12,0.5,46,10,2.842857142857143,0,0,2,0,1.0,True,0.0,2,0.0,0.5,56.5,28.5,0,1,5,0.07575757575757576,5,0,0,0,0,0,0,False,0,0,0,0,0,4,0,0,False,0,0,1,0,False,False,False,False,0,0,75,1205,15.08,15.05346914612487,68,17.075757575757574,14.969980674529138,0.8766803234418129,0.12,1,0,45,False,2,13,0.28888888888888886,0.013333333333333334,0,10,1.0,8,1.6,1.75,12,23,22,93,35,115,589.87,24.26,14310.7,0.1966,88.79,459,0,0.0,0.0,0.88,ll23HQnY.cpp,C:\Users\ad\Downloads\codepython\project\fraud_detection_system\dataset_CPP\human\ll23HQnY.cpp,0,1205
3,2.0,0,0,0,0,0,0,0,0,0,0,0,0,0,0,0,0,0,0,0,0,1,0,0,0.0,0,0,0,0,0.0,0,0,3,False,0,0,0.0,10,9,1,0,0.9,0.1,4,4,1.0,14,0.5,31,5,1.925,0,0,0,0,1.0,True,0.0,1,0.0,1.0,85.0,0.0,0,0,4,0.10526315789473684,1,0,0,0,0,0,0,False,0,0,0,0,0,1,0,0,False,0,0,0,0,False,False,False,False,0,0,42,665,14.857142857142858,12.567098821490806,56,16.42105263157895,12.201448531235451,0.7430369297867743,0.09523809523809523,1,0,30,False,2,0,0.0,0.0,0,3,1.0,3,3.0,2.0,9,21,20,55,30,75,368.02,11.79,4337.34,0.1227,100.0,252,0,0.0,0.0,0.9047619047619048,lmRN93rH.cpp,C:\Users\ad\Downloads\codepython\project\fraud_detection_system\dataset_CPP\human\lmRN93rH.cpp,0,665
1,1.0,0,0,0,0,0,0,0,0,0,0,0,0,0,0,0,0,0,0,0,0,0,0,0,0.0,0,0,0,0,0.0,0,0,2,False,0,0,0.0,0,0,0,0,0.0,0.0,5,5,1.0,2,0.5,8,13,4.837837837837838,0,0,5,0,1.0,True,0.0,1,0.0,1.0,85.0,0.0,0,0,4,0.10810810810810811,3,2,0,0,0,0,0,False,0,0,0,0,0,1,0,0,False,0,0,0,0,False,False,False,False,0,0,45,719,15.0,14.836890959137406,56,18.243243243243242,14.441691533412495,0.7916186470166849,0.17777777777777778,1,0,20,False,2,0,0.0,0.0,0,3,1.0,0,0.0,1.0,2,26,8,53,28,61,293.25,2.04,597.78,0.0977,100.0,249,0,0.0,0.0,0.8222222222222222,mWDo9SlV.cpp,C:\Users\ad\Downloads\codepython\project\fraud_detection_system\dataset_CPP\human\mWDo9SlV.cpp,0,719
1,1.0,0,0,0,0,0,0,0,0,0,0,0,0,0,0,0,0,0,0,0,0,0,0,0,0.0,0,0,0,0,0.0,0,0,2,False,0,0,0.0,0,0,0,0,0.0,0.0,4,4,1.0,8,0.5,6,8,4.483870967741935,0,0,2,0,1.0,True,0.0,1,0.0,1.0,85.0,0.0,0,0,4,0.11428571428571428,3,2,0,0,0,0,0,False,0,0,0,0,0,1,0,0,False,0,0,0,0,False,False,False,False,0,2,43,621,13.465116279069768,13.410077496974104,56,16.542857142857144,13.039156101402213,0.788204600257474,0.18604651162790697,1,0,16,False,2,0,0.0,0.0,0,3,1.0,0,0.0,1.0,3,18,7,45,21,52,228.4,3.75,856.5,0.0761,100.0,212,0,0.0,0.0,0.813953488372093,mbifVCyB.cpp,C:\Users\ad\Downloads\codepython\project\fraud_detection_system\dataset_CPP\human\mbifVCyB.cpp,0,621
3,1.6666666666666667,0,0,0,0,0,3,0,0,0,0,0,0,0,0,0,0,0,0,0,0,2,0,0,0.0,0,0,0,0,0.0,0,0,3,False,0,0,0.0,12,12,0,0,1.0,0.0,11,11,1.0,14,0.5,45,11,3.9726027397260273,0,0,2,0,1.0,True,0.0,4,0.0,0.5,42.5,31.100643080167973,0,1,12,0.16901408450704225,5,0,0,0,0,0,0,False,0,0,0,0,0,1,0,0,False,0,0,1,0,False,False,False,False,0,0,80,1342,15.7875,15.930076702577415,68,17.732394366197184,15.87801895125164,0.8954244206027533,0.1125,1,0,44,False,2,0,0.0,0.025,0,10,1.0,6,1.2,1.6666666666666667,9,24,19,88,33,107,539.75,16.5,8905.88,0.1799,97.59,455,0,0.0,0.0,0.8875,mep234X6.cpp,C:\Users\ad\Downloads\codepython\project\fraud_detection_system\dataset_CPP\human\mep234X6.cpp,0,1342
3,1.6,0,0,0,0,0,3,0,0,0,0,0,0,0,0,0,0,0,0,0,0,1,0,0,0.0,0,0,0,0,0.0,0,0,3,False,0,0,0.0,10,10,0,0,1.0,0.0,13,13,1.0,14,0.5,51,10,2.1866666666666665,0,0,2,0,1.0,True,0.0,1,0.0,1.0,85.0,0.0,0,0,4,0.07017543859649122,5,0,0,0,0,0,0,False,0,0,0,0,0,1,0,0,False,0,0,1,0,False,False,False,False,0,0,64,1001,14.65625,14.668438428731942,68,16.45614035087719,14.559099373820926,0.8847213905200351,0.109375,1,0,36,False,2,0,0.0,0.0,0,9,1.0,5,1.0,1.6,9,23,18,89,32,107,535.0,17.41,9315.98,0.1783,91.63,430,0,0.0,0.0,0.890625,mgIv63lm.cpp,C:\Users\ad\Downloads\codepython\project\fraud_detection_system\dataset_CPP\human\mgIv63lm.cpp,0,1001
3,1.8333333333333333,0,0,0,0,0,3,0,0,0,0,0,0,0,0,0,0,0,0,0,0,3,0,0,0.0,0,0,0,0,0.0,0,0,3,False,0,0,0.0,11,11,0,0,1.0,0.0,10,10,1.0,14,0.5,38,9,2.746031746031746,0,0,1,0,1.0,True,0.0,2,0.0,0.5,50.0,35.0,0,1,5,0.08064516129032258,4,0,0,0,0,0,0,False,0,0,0,0,0,2,0,0,False,0,0,1,0,False,False,False,False,0,0,70,1120,15.014285714285714,14.640933671576759,68,16.822580645161292,14.595098816702228,0.8675897666687805,0.11428571428571428,3,0,44,False,2,0,0.0,0.02857142857142857,0,10,1.0,7,1.75,1.8333333333333333,8,21,17,81,29,98,476.08,15.43,7345.27,0.1587,91.76,415,0,0.0,0.0,0.8857142857142857,mxZXeGsF.cpp,C:\Users\ad\Downloads\codepython\project\fraud_detection_system\dataset_CPP\human\mxZXeGsF.cpp,0,1120
4,2.076923076923077,0,0,0,0,0,4,0,0,0,0,0,0,0,0,0,0,0,0,0,0,3,0,0,0.0,0,0,0,0,0.0,0,0,3,False,0,0,0.0,21,21,0,0,1.0,0.0,14,14,1.0,14,0.5,67,10,2.1739130434782608,0,0,2,0,1.0,True,0.0,1,0.0,1.0,85.0,0.0,0,0,4,0.058823529411764705,5,0,0,0,0,0,0,False,0,0,0,0,0,1,0,0,False,0,0,1,0,False,False,False,False,0,0,76,1271,15.736842105263158,14.976620746185345,68,17.58823529411765,14.769040844755233,0.8397113523773878,0.10526315789473684,2,0,47,False,2,0,0.0,0.0,0,12,1.0,8,1.6,2.076923076923077,12,24,31,114,36,145,749.64,28.5,21364.72,0.2499,84.73,534,0,0.0,0.0,0.8947368421052632,mhtSlUEQ.cpp,C:\Users\ad\Downloads\codepython\project\fraud_detection_system\dataset_CPP\human\mhtSlUEQ.cpp,0,1271
3,2.1,0,0,0,0,0,8,0,0,0,0,0,0,0,0,0,0,0,0,0,0,4,0,0,0.0,0,0,0,0,0.0,0,0,3,False,0,0,0.0,24,24,0,0,1.0,0.0,21,19,0.9047619047619048,28,0.5,60,14,3.730769230769231,0,0,6,0,1.0,True,0.0,4,0.0,1.0,51.5,40.26474885057648,0,2,7,0.07142857142857142,5,0,0,0,0,0,0,False,0,0,0,0,0,1,0,0,False,0,0,1,0,False,False,False,False,0,0,109,2182,19.027522935779817,18.92498892445537,109,21.163265306122447,18.79247237351181,0.8879760330781858,0.10091743119266056,1,0,77,False,2,0,0.0,0.0,0,17,1.0,15,3.0,2.1,9,31,40,163,40,203,1080.35,23.66,25562.51,0.3601,77.07,775,0,0.0,0.0,0.8990825688073395,ms4pBOZT.cpp,C:\Users\ad\Downloads\codepython\project\fraud_detection_system\dataset_CPP\human\ms4pBOZT.cpp,0,2182
2,1.5,0,0,0,0,0,1,0,0,0,0,0,0,0,0,0,0,0,0,0,0,0,0,0,0.0,0,0,0,0,0.0,0,0,0,False,0,0,0.0,1,1,0,0,1.0,0.0,2,2,1.0,8,0.375,14,7,2.4761904761904763,0,1,0,0,1.0,True,0.0,1,0.0,1.0,85.0,0.0,0,0,4,0.2222222222222222,1,0,0,0,0,0,0,False,0,0,0,0,0,0,0,0,False,0,0,0,0,False,False,False,False,0,0,19,337,16.789473684210527,14.684682127873112,56,17.72222222222222,14.52891964919758,0.8198136479171049,0.05263157894736842,1,0,13,False,2,0,0.0,0.0,0,2,1.0,1,1.0,1.5,3,18,3,27,21,30,131.77,2.25,296.48,0.0439,100.0,114,0,0.0,0.0,0.9473684210526315,mlTAEbHg.cpp,C:\Users\ad\Downloads\codepython\project\fraud_detection_system\dataset_CPP\human\mlTAEbHg.cpp,0,337
1,1.0,0,0,0,0,0,0,0,0,0,0,0,0,0,0,0,0,0,0,0,0,0,0,0,0.0,0,0,0,0,0.0,0,0,2,False,0,0,0.0,0,0,0,0,0.0,0.0,6,6,1.0,2,0.5,3,15,6.254237288135593,0,0,7,0,1.0,True,0.0,1,0.0,1.0,85.0,0.0,0,0,4,0.08888888888888889,3,2,0,0,0,0,0,False,0,0,0,0,0,1,0,0,False,0,0,0,0,False,False,False,False,0,0,55,1149,19.90909090909091,19.58781878178628,77,24.333333333333332,19.007600818853728,0.7811342802268656,0.18181818181818182,1,0,28,False,2,0,0.0,0.0,0,3,1.0,0,0.0,1.0,2,33,11,81,35,92,471.89,2.45,1158.29,0.1573,99.6,360,0,0.0,0.0,0.8181818181818182,mh9aofFj.cpp,C:\Users\ad\Downloads\codepython\project\fraud_detection_system\dataset_CPP\human\mh9aofFj.cpp,0,1149
4,2.0,0,0,0,0,0,4,0,0,0,0,0,0,0,0,0,0,0,0,0,0,2,0,0,0.0,0,0,0,0,0.0,0,0,3,False,0,0,0.0,13,13,0,0,1.0,0.0,11,11,1.0,14,0.5,55,9,2.051948051948052,0,0,0,0,1.0,True,0.0,1,0.0,1.0,85.0,0.0,0,0,4,0.06779661016949153,4,0,0,0,0,0,0,False,0,0,0,0,0,1,0,0,False,0,0,1,0,False,False,False,False,0,0,66,1115,15.909090909090908,14.810650623818875,68,17.796610169491526,14.552977051154242,0.8177387104934288,0.10606060606060606,1,0,41,False,2,0,0.0,0.0,0,10,1.0,7,1.75,2.0,9,22,21,92,31,113,559.82,18.82,10534.87,0.1866,90.06,446,0,0.0,0.0,0.8939393939393939,nP88LGWp.cpp,C:\Users\ad\Downloads\codepython\project\fraud_detection_system\dataset_CPP\human\nP88LGWp.cpp,0,1115
3,2.0,0,0,0,0,0,4,0,0,0,0,0,0,0,0,0,0,0,0,0,0,1,0,0,0.0,0,0,0,0,0.0,0,0,3,False,0,0,0.0,10,10,0,0,1.0,0.0,9,6,0.6666666666666666,12,0.5,39,7,2.5254237288135593,0,0,2,0,1.0,True,0.0,1,0.0,1.0,85.0,0.0,0,0,4,0.0851063829787234,3,0,0,0,0,0,0,False,0,0,0,0,0,1,0,0,False,0,0,1,0,False,False,False,False,0,0,52,929,16.884615384615383,16.060766633385562,68,18.680851063829788,15.869288395177248,0.849494936871675,0.09615384615384616,1,0,32,False,2,0,0.0,0.0,0,8,1.0,6,2.0,2.0,5,20,16,73,25,89,413.3,9.12,3771.39,0.1378,97.76,363,0,0.0,0.0,0.9038461538461539,nUg0CZrf.cpp,C:\Users\ad\Downloads\codepython\project\fraud_detection_system\dataset_CPP\human\nUg0CZrf.cpp,0,929
1,1.0,0,0,0,0,0,0,0,0,0,0,0,0,0,0,0,0,0,0,0,0,8,0,0,0.0,0,0,0,0,0.0,0,0,3,False,0,0,0.0,27,27,0,0,1.0,0.0,18,18,1.0,58,0.5,140,24,5.856502242152466,0,2,14,0,0.875,False,0.0,16,0.0,0.0625,43.8125,12.851161182943741,0,0,19,0.1111111111111111,15,2,0,0,0,0,0,False,0,0,0,0,0,17,0,0,False,0,0,0,0,False,False,False,False,0,14,205,4407,20.502439024390245,18.706363698796416,73,24.57894736842105,17.869194016474268,0.7270121762591244,0.16585365853658537,1,0,88,False,2,0,0.0,0.0,0,15,1.0,8,0.5333333333333333,1.0,9,61,79,331,70,410,2513.01,24.42,61362.66,0.8377,69.84,1321,0,0.0,0.0,0.8341463414634146,mlZzmDL6.cpp,C:\Users\ad\Downloads\codepython\project\fraud_detection_system\dataset_CPP\human\mlZzmDL6.cpp,0,4407
4,2.0625,0,0,0,0,0,4,0,0,0,0,0,0,0,0,0,0,0,0,0,0,6,0,0,0.0,0,0,0,0,0.0,0,0,3,False,0,0,0.0,18,18,0,0,1.0,0.0,11,11,1.0,14,0.5,50,11,2.9594594594594597,0,0,2,0,1.0,True,0.0,2,0.0,0.5,51.0,34.0,0,0,5,0.06493506493506493,5,0,0,0,0,0,0,False,0,0,0,0,0,7,0,0,False,0,0,1,0,False,False,False,False,0,0,84,1419,15.904761904761905,15.136379267323578,68,17.350649350649352,14.99503487848278,0.8642347946430943,0.08333333333333333,1,0,55,False,2,0,0.0,0.0,0,15,1.0,11,2.2,2.0625,12,27,24,101,39,125,660.68,22.44,14828.49,0.2202,83.57,510,0,0.0,0.0,0.9166666666666666,n3iV5aBM.cpp,C:\Users\ad\Downloads\codepython\project\fraud_detection_system\dataset_CPP\human\n3iV5aBM.cpp,0,1419
3,1.7272727272727273,0,0,0,0,0,3,0,0,0,0,0,0,0,0,0,0,0,0,0,0,1,0,0,0.0,0,0,0,0,0.0,0,0,3,False,0,0,0.0,12,12,0,0,1.0,0.0,16,16,1.0,16,0.5,57,10,2.1785714285714284,0,0,2,0,1.0,True,0.0,1,0.0,1.0,85.0,0.0,0,0,4,0.0625,5,0,0,0,0,0,0,False,0,0,0,0,0,1,0,0,False,0,0,1,0,False,False,False,False,0,0,73,1159,14.89041095890411,14.35037266838474,68,16.921875,14.184393588884053,0.8382282453264814,0.1232876712328767,2,0,43,False,2,0,0.0,0.0136986301369863,0,10,1.0,6,1.2,1.7272727272727273,10,24,23,103,34,126,641.02,21.46,13755.23,0.2137,87.52,493,0,0.0,0.0,0.8767123287671232,nWnD2HkI.cpp,C:\Users\ad\Downloads\codepython\project\fraud_detection_system\dataset_CPP\human\nWnD2HkI.cpp,0,1159
2,1.5,0,0,0,0,0,0,0,0,0,0,0,0,0,0,0,0,0,0,0,0,0,0,0,0.0,0,0,0,0,0.0,0,0,3,False,0,0,0.0,4,4,0,0,1.0,0.0,5,5,1.0,10,0.5,21,5,2.1333333333333333,0,0,0,0,1.0,True,0.0,2,0.0,0.5,46.0,39.0,0,1,5,0.1724137931034483,1,0,0,0,0,0,0,False,0,0,0,0,0,1,0,0,False,0,0,0,0,False,False,False,False,0,0,32,508,14.90625,12.872838107328935,56,16.448275862068964,12.549450343497126,0.7629644862922782,0.09375,1,0,21,False,2,0,0.0,0.0,0,2,1.0,1,1.0,1.5,6,19,12,41,25,53,246.12,6.47,1593.33,0.082,100.0,193,0,0.0,0.0,0.90625,ogiGkP5t.cpp,C:\Users\ad\Downloads\codepython\project\fraud_detection_system\dataset_CPP\human\ogiGkP5t.cpp,0,508
3,2.0,0,0,0,0,0,6,0,0,0,0,0,0,0,0,0,0,0,0,0,0,3,0,0,0.0,0,0,0,0,0.0,0,0,3,False,0,0,0.0,16,16,0,0,1.0,0.0,14,11,0.7857142857142857,20,0.5,60,10,2.857142857142857,0,0,4,0,1.0,True,0.0,1,0.0,1.0,85.0,0.0,0,0,4,0.05555555555555555,5,0,0,0,0,0,0,False,0,0,0,0,0,4,0,0,False,0,0,1,0,False,False,False,False,0,0,79,1385,16.544303797468356,15.429543803484812,68,18.09722222222222,15.290846683030692,0.8449278289932539,0.08860759493670886,2,0,51,False,2,0,0.0,0.012658227848101266,0,14,1.0,10,2.0,2.0,8,23,25,114,31,139,688.63,19.83,13652.9,0.2295,83.29,553,0,0.0,0.0,0.9113924050632911,n4bFWDeV.cpp,C:\Users\ad\Downloads\codepython\project\fraud_detection_system\dataset_CPP\human\n4bFWDeV.cpp,0,1385
3,1.8,0,0,0,0,0,3,0,0,0,0,0,0,0,0,0,0,0,0,0,0,2,0,0,0.0,0,0,0,0,0.0,0,0,2,False,0,0,0.0,11,11,0,0,1.0,0.0,11,11,1.0,12,0.5,40,9,2.639344262295082,0,0,0,0,1.0,True,0.0,1,0.0,1.0,85.0,0.0,0,0,4,0.07547169811320754,4,0,0,0,0,0,0,False,0,0,0,0,0,3,0,0,False,0,0,1,0,False,False,False,False,0,0,59,1009,16.11864406779661,16.075125268523912,68,17.943396226415093,15.966255801367543,0.8898123632728495,0.1016949152542373,1,0,36,False,2,4,0.1111111111111111,0.0,0,9,1.0,6,1.5,1.8,9,22,16,77,31,93,460.74,15.75,7256.66,0.1536,94.05,383,0,0.0,0.0,0.8983050847457628,nZV7SM62.cpp,C:\Users\ad\Downloads\codepython\project\fraud_detection_system\dataset_CPP\human\nZV7SM62.cpp,0,1009
2,1.5,0,0,0,0,0,0,0,0,0,0,0,0,0,0,0,0,0,0,0,0,1,0,0,0.0,1,0,0,0,0.0,0,0,0,False,0,0,0.0,1,1,0,0,1.0,0.0,0,0,0.0,2,0.5,5,6,3.3333333333333335,0,1,1,0,0.5,False,0.0,7,0.42857142857142855,0.8571428571428571,29.857142857142858,23.57618999528714,0,4,10,0.5555555555555556,1,0,0,0,0,0,0,False,0,0,0,0,0,2,0,0,False,0,0,0,0,False,False,False,False,0,0,20,483,23.2,20.12858663692014,56,25.77777777777778,19.5889865756687,0.759917582676803,0.1,1,0,13,False,2,0,0.0,0.0,0,2,1.0,1,1.0,1.5,3,10,5,17,13,22,81.41,2.55,207.59,0.0271,100.0,94,0,0.0,0.0,0.9,oFCBL92M.cpp,C:\Users\ad\Downloads\codepython\project\fraud_detection_system\dataset_CPP\human\oFCBL92M.cpp,0,483
3,1.72,0,0,0,0,0,10,0,0,0,0,0,0,0,0,0,0,0,0,0,0,4,0,0,0.0,0,0,0,0,0.0,0,0,3,False,0,0,0.0,25,24,1,0,0.96,0.04,36,36,1.0,78,0.5,81,28,4.621212121212121,0,0,14,0,1.0,True,0.0,23,0.0,0.4782608695652174,97.08695652173913,289.54325546693264,0,11,81,0.3537117903930131,10,4,0,0,0,0,0,False,0,0,0,0,0,7,0,0,False,0,0,2,0,False,False,False,False,0,19,280,6201,21.15,19.2665235206414,74,25.842794759825328,18.245336858500234,0.7060125279818441,0.18214285714285713,2,0,139,False,2,16,0.11510791366906475,0.017857142857142856,0,22,1.0,15,1.5,1.72,14,55,100,368,69,468,2858.79,46.84,133895.3,0.9529,77.96,1490,0,0.0,0.0,0.8178571428571428,nPPjoCGD.cpp,C:\Users\ad\Downloads\codepython\project\fraud_detection_system\dataset_CPP\human\nPPjoCGD.cpp,0,6201
2,1.5,0,0,0,0,0,0,0,0,0,0,0,0,0,0,0,0,0,0,0,0,0,0,0,0.0,0,0,0,0,0.0,0,0,2,False,0,0,0.0,2,2,0,0,1.0,0.0,2,2,1.0,4,0.5,9,3,2.3076923076923075,0,0,0,0,1.0,True,0.0,1,0.0,1.0,85.0,0.0,0,0,4,0.2,1,0,0,0,0,0,0,False,0,0,0,0,0,1,0,0,False,0,0,0,0,False,False,False,False,0,0,22,330,14.045454545454545,13.154595715176962,56,15.45,12.9864352306551,0.8405459696216894,0.09090909090909091,1,0,13,False,2,0,0.0,0.0,0,2,1.0,1,1.0,1.5,4,9,4,19,13,23,85.11,4.22,359.35,0.0284,100.0,97,0,0.0,0.0,0.9090909090909091,oT3TjEbl.cpp,C:\Users\ad\Downloads\codepython\project\fraud_detection_system\dataset_CPP\human\oT3TjEbl.cpp,0,330
3,1.8,0,0,0,0,0,3,0,0,0,0,0,0,0,0,0,0,0,0,0,0,2,0,0,0.0,0,0,0,0,0.0,0,0,3,False,0,0,0.0,10,10,0,0,1.0,0.0,11,11,1.0,10,0.5,39,8,2.610169491525424,0,0,0,0,1.0,True,0.0,1,0.0,1.0,85.0,0.0,0,0,4,0.07547169811320754,4,0,0,0,0,0,0,False,0,0,0,0,0,1,0,0,False,0,0,1,0,False,False,False,False,0,0,59,981,15.64406779661017,15.312300042958052,68,17.41509433962264,15.171266240189798,0.871156132968645,0.1016949152542373,1,0,35,False,2,0,0.0,0.0,0,9,1.0,6,1.5,1.8,6,20,15,74,26,89,418.34,11.1,4643.56,0.1394,94.56,377,0,0.0,0.0,0.8983050847457628,pel7tHwB.cpp,C:\Users\ad\Downloads\codepython\project\fraud_detection_system\dataset_CPP\human\pel7tHwB.cpp,0,981
3,2.0714285714285716,0,0,0,0,0,5,0,0,0,0,0,0,0,0,0,0,0,0,0,0,3,0,0,0.0,0,0,0,0,0.0,0,0,3,False,0,0,0.0,24,24,0,0,1.0,0.0,19,17,0.8947368421052632,28,0.5,38,15,3.5789473684210527,0,1,3,0,0.75,False,0.0,4,0.0,1.0,51.5,40.26474885057648,0,2,7,0.08974358974358974,4,0,0,0,0,0,0,False,0,0,0,0,0,2,0,0,False,0,0,1,0,False,False,False,False,0,0,88,1902,20.625,20.551107302615993,109,23.26923076923077,20.3707136922436,0.8754356297493118,0.11363636363636363,1,0,60,False,2,0,0.0,0.0,0,12,1.0,10,2.5,2.0714285714285716,10,31,36,138,41,174,932.21,22.26,20749.28,0.3107,84.95,638,0,0.0,0.0,0.8863636363636364,oIYVggk8.cpp,C:\Users\ad\Downloads\codepython\project\fraud_detection_system\dataset_CPP\human\oIYVggk8.cpp,0,1902
4,2.0,0,0,0,0,0,5,0,0,0,0,0,0,0,0,0,0,0,0,0,0,7,0,0,0.0,0,0,0,0,0.0,0,0,3,False,0,0,0.0,21,21,0,0,1.0,0.0,13,13,1.0,20,0.5,55,14,3.6770833333333335,0,0,4,0,1.0,True,0.0,2,0.0,0.5,51.0,34.0,0,0,5,0.05747126436781609,6,0,0,0,0,0,0,False,0,0,0,0,0,7,1,0,False,0,0,1,0,False,False,False,False,0,0,95,1674,16.63157894736842,15.589505668256756,68,18.160919540229884,15.414483086033673,0.8487721699271706,0.08421052631578947,1,0,62,False,2,3,0.04838709677419355,0.0,0,16,1.0,14,2.3333333333333335,2.0,13,29,32,124,42,156,841.2,27.79,23379.6,0.2804,78.56,608,0,0.0,0.0,0.9157894736842105,ohivp6SR.cpp,C:\Users\ad\Downloads\codepython\project\fraud_detection_system\dataset_CPP\human\ohivp6SR.cpp,0,1674
3,1.8,0,0,0,0,0,3,0,0,0,0,0,0,0,0,0,0,0,0,0,0,2,0,0,0.0,0,0,0,0,0.0,0,0,3,False,0,0,0.0,14,14,0,0,1.0,0.0,11,11,1.0,16,0.5,45,9,2.4242424242424243,0,1,0,0,1.0,True,1.0,1,0.0,1.0,85.0,0.0,0,0,4,0.07142857142857142,4,0,0,0,0,0,0,False,0,0,0,0,0,3,0,0,False,0,0,1,0,False,False,False,False,0,0,64,1096,16.140625,19.03029425966333,114,18.446428571428573,19.270554557645287,1.0446767233573437,0.125,1,0,38,False,2,0,0.0,0.0,0,9,1.0,6,1.5,1.8,10,23,19,83,33,102,514.53,18.04,9283.88,0.1715,92.06,409,0,0.0,0.0,0.875,pYTVBnJK.cpp,C:\Users\ad\Downloads\codepython\project\fraud_detection_system\dataset_CPP\human\pYTVBnJK.cpp,0,1096
3,1.7142857142857142,0,0,0,0,0,5,0,0,0,0,0,0,0,0,0,0,0,0,0,0,2,0,0,0.0,0,0,0,0,0.0,0,0,3,False,0,0,0.0,14,14,0,0,1.0,0.0,17,17,1.0,18,0.5,68,12,2.4554455445544554,0,0,4,0,1.0,True,0.0,1,0.0,1.0,85.0,0.0,0,0,4,0.0547945205479452,6,0,0,0,0,0,0,False,0,0,0,0,0,2,1,0,False,0,0,1,0,False,False,False,False,0,0,81,1352,15.703703703703704,15.37068272774982,68,17.424657534246574,15.236867517046683,0.8744428685097547,0.09876543209876543,1,0,49,False,2,0,0.0,0.0,0,13,1.0,9,1.5,1.7142857142857142,12,24,27,117,36,144,744.47,29.25,21775.72,0.2482,82.78,564,0,0.0,0.0,0.9012345679012346,pWGQZn92.cpp,C:\Users\ad\Downloads\codepython\project\fraud_detection_system\dataset_CPP\human\pWGQZn92.cpp,0,1352
3,1.9375,0,0,0,0,0,5,0,0,0,0,0,0,0,0,0,0,0,0,0,0,3,0,0,0.0,0,0,0,0,0.0,0,0,3,False,0,0,0.0,23,23,0,0,1.0,0.0,20,18,0.9,24,0.5,41,14,4.146551724137931,0,0,4,0,1.0,True,0.0,7,0.0,0.7142857142857143,43.285714285714285,34.689291413568974,0,4,15,0.16304347826086957,5,0,0,0,0,0,0,False,0,0,0,0,0,1,0,0,False,0,0,1,0,False,False,False,False,0,0,103,2175,20.12621359223301,21.560787677512316,109,22.532608695652176,21.592294865125695,0.9582687542651055,0.10679611650485436,1,0,66,False,2,0,0.0,0.009708737864077669,0,13,1.0,10,2.0,1.9375,12,31,34,139,43,173,938.74,26.9,25255.24,0.3129,89.13,675,0,0.0,0.0,0.8932038834951457,pg8AyuJL.cpp,C:\Users\ad\Downloads\codepython\project\fraud_detection_system\dataset_CPP\human\pg8AyuJL.cpp,0,2175
4,1.9166666666666667,0,0,0,0,0,4,0,0,0,0,0,0,0,0,0,0,0,0,0,0,2,0,0,0.0,0,0,0,0,0.0,0,0,3,False,0,0,0.0,17,17,0,0,1.0,0.0,13,13,1.0,14,0.5,57,10,2.4691358024691357,0,0,2,0,1.0,True,0.0,1,0.0,1.0,85.0,0.0,0,0,4,0.06349206349206349,5,0,0,0,0,0,0,False,0,0,0,0,0,1,0,0,False,0,0,1,0,False,False,False,False,0,0,71,1176,15.577464788732394,15.398611581669511,68,17.555555555555557,15.247979598432547,0.8685557999107146,0.11267605633802817,1,0,42,False,2,0,0.0,0.0,0,11,1.0,7,1.4,1.9166666666666667,12,24,25,100,36,125,646.24,25.0,16156.02,0.2154,87.65,479,0,0.0,0.0,0.8873239436619719,pdOi0MqC.cpp,C:\Users\ad\Downloads\codepython\project\fraud_detection_system\dataset_CPP\human\pdOi0MqC.cpp,0,1176
1,1.0,0,0,0,0,0,0,0,0,0,0,0,0,0,0,0,0,0,0,0,0,0,0,0,0.0,0,0,0,0,0.0,0,0,1,False,1,1,1.0,11,10,0,1,0.9090909090909091,0.0,7,6,0.8571428571428571,8,0.375,12,14,4.288461538461538,0,0,2,0,1.0,True,0.0,5,0.0,0.0,28.4,2.65329983228432,0,4,5,0.09615384615384616,7,3,0,0,0,0,0,False,0,0,0,0,0,2,0,0,True,0,0,0,0,False,False,False,False,1,1,57,1161,19.385964912280702,15.744399601311777,68,20.98076923076923,15.523543390871945,0.7398939104723566,0.08771929824561403,1,0,39,False,2,24,0.6153846153846154,0.10526315789473684,0,5,1.0,0,0.0,1.0,6,25,21,77,31,98,485.51,9.24,4486.12,0.1618,97.93,343,0,0.0,0.0,0.9122807017543859,polymorphism.cpp,C:\Users\ad\Downloads\codepython\project\fraud_detection_system\dataset_CPP\human\polymorphism.cpp,0,1161
4,2.0625,0,0,0,0,0,4,0,0,0,0,0,0,0,0,0,0,0,0,0,0,6,0,0,0.0,0,0,0,0,0.0,0,0,3,False,0,0,0.0,17,17,0,0,1.0,0.0,11,11,1.0,14,0.5,50,11,2.9054054054054053,0,0,2,0,1.0,True,0.0,2,0.0,0.5,51.0,34.0,0,0,5,0.06493506493506493,5,0,0,0,0,0,0,False,0,0,0,0,0,7,0,0,False,0,0,1,0,False,False,False,False,0,0,84,1409,15.785714285714286,14.939617694932771,68,17.22077922077922,14.790856579449818,0.858895894885095,0.08333333333333333,1,0,55,False,2,0,0.0,0.0,0,15,1.0,11,2.2,2.0625,9,26,23,100,35,123,630.9,17.31,10919.45,0.2103,83.81,507,0,0.0,0.0,0.9166666666666666,qCqKNErd.cpp,C:\Users\ad\Downloads\codepython\project\fraud_detection_system\dataset_CPP\human\qCqKNErd.cpp,0,1409
3,1.6666666666666667,0,0,0,0,0,0,0,0,0,0,0,0,0,0,0,0,0,0,0,0,1,0,0,0.0,0,0,0,0,0.0,0,0,2,False,0,0,0.0,6,6,0,0,1.0,0.0,4,4,1.0,10,0.5,21,6,3.057142857142857,0,0,0,0,1.0,True,0.0,3,0.0,0.3333333333333333,32.333333333333336,37.2409571424915,0,0,6,0.14634146341463414,3,0,0,0,0,0,0,False,0,0,0,0,0,3,0,0,False,0,0,0,0,False,False,False,False,0,0,45,654,13.555555555555555,11.708601881723173,56,14.878048780487806,11.43634583023966,0.7686724246554525,0.08888888888888889,2,0,28,False,2,0,0.0,0.0,0,6,1.0,3,1.0,1.6666666666666667,6,14,12,44,20,56,242.03,9.43,2281.98,0.0807,100.0,205,0,0.0,0.0,0.9111111111111111,qLa46qvR.cpp,C:\Users\ad\Downloads\codepython\project\fraud_detection_system\dataset_CPP\human\qLa46qvR.cpp,0,654
3,2.0,0,0,0,0,0,0,0,0,0,0,0,0,0,0,0,0,0,0,0,0,6,0,0,0.0,0,0,0,0,0.0,0,0,2,False,0,0,0.0,29,29,0,0,1.0,0.0,13,12,0.9230769230769231,19,0.5263157894736842,0,16,6.7176470588235295,0,2,4,0,0.6666666666666666,False,0.0,4,0.0,1.0,44.5,27.941904015295737,0,3,7,0.08139534883720931,4,0,0,0,0,0,0,False,0,0,0,0,0,3,0,0,False,0,0,0,0,False,False,False,False,0,1,94,2188,22.28723404255319,21.02107470400077,88,24.313953488372093,20.846204064644798,0.8573761595214981,0.0851063829787234,1,0,69,False,2,0,0.0,0.010638297872340425,0,8,1.0,10,2.5,2.0,10,45,42,130,55,172,994.39,14.44,14363.47,0.3315,82.04,610,0,0.0,0.0,0.9148936170212766,pgdAyr3i.cpp,C:\Users\ad\Downloads\codepython\project\fraud_detection_system\dataset_CPP\human\pgdAyr3i.cpp,0,2188
3,1.7272727272727273,0,0,0,0,0,3,0,0,0,0,0,0,0,0,0,0,0,0,0,0,1,0,0,0.0,0,0,0,0,0.0,0,0,3,False,0,0,0.0,12,12,0,0,1.0,0.0,16,16,1.0,16,0.5,57,10,2.1785714285714284,0,0,2,0,1.0,True,0.0,1,0.0,1.0,85.0,0.0,0,0,4,0.0625,5,0,0,0,0,0,0,False,0,0,0,0,0,1,0,0,False,0,0,1,0,False,False,False,False,0,0,72,1154,15.041666666666666,14.407210289758853,68,16.921875,14.202007656820038,0.8392691505415351,0.1111111111111111,1,0,43,False,2,0,0.0,0.0,0,10,1.0,6,1.2,1.7272727272727273,9,24,23,103,33,126,635.59,19.31,12274.9,0.2119,87.57,493,0,0.0,0.0,0.8888888888888888,pzb0YfKs.cpp,C:\Users\ad\Downloads\codepython\project\fraud_detection_system\dataset_CPP\human\pzb0YfKs.cpp,0,1154
3,2.0,0,0,0,0,0,8,0,0,0,0,0,0,0,0,0,0,0,0,0,0,3,0,0,0.0,0,0,0,0,0.0,0,0,3,False,0,0,0.0,22,22,0,0,1.0,0.0,22,20,0.9090909090909091,28,0.5,55,13,3.146153846153846,0,0,4,0,1.0,True,0.0,6,0.0,1.0,38.333333333333336,37.853518844209034,0,4,9,0.0989010989010989,5,0,0,0,0,0,0,False,0,0,0,0,0,2,1,0,False,0,0,1,0,False,False,False,False,0,0,102,2025,18.862745098039216,19.358353932456154,109,21.142857142857142,19.283068601596522,0.9120370284538896,0.10784313725490197,1,0,70,False,2,0,0.0,0.00980392156862745,0,16,1.0,14,2.8,2.0,10,28,38,156,38,194,1018.1,27.86,28361.3,0.3394,82.1,732,0,0.0,0.0,0.8921568627450981,qAl46rzB.cpp,C:\Users\ad\Downloads\codepython\project\fraud_detection_system\dataset_CPP\human\qAl46rzB.cpp,0,2025
3,1.8333333333333333,0,0,0,0,0,3,0,0,0,0,0,0,0,0,0,0,0,0,0,0,3,0,0,0.0,0,0,0,0,0.0,0,0,3,False,0,0,0.0,15,15,0,0,1.0,0.0,13,13,1.0,16,0.5,48,9,2.506849315068493,0,0,1,0,1.0,True,0.0,1,0.0,1.0,85.0,0.0,0,0,4,0.0625,4,0,0,0,0,0,0,False,0,0,0,0,0,2,0,0,False,0,0,1,0,False,False,False,False,0,0,72,1212,15.847222222222221,16.640529273619062,88,17.703125,16.737569723062396,0.9454584839152633,0.1111111111111111,3,0,46,False,2,0,0.0,0.027777777777777776,0,10,1.0,7,1.75,1.8333333333333333,11,23,22,94,34,116,590.15,22.48,13265.45,0.1967,87.72,465,0,0.0,0.0,0.8888888888888888,q5MXpIJv.cpp,C:\Users\ad\Downloads\codepython\project\fraud_detection_system\dataset_CPP\human\q5MXpIJv.cpp,0,1212
3,1.75,0,0,0,0,0,4,0,0,0,0,0,0,0,0,0,0,0,0,0,0,2,0,0,0.0,0,0,0,0,0.0,0,0,3,False,0,0,0.0,13,13,0,0,1.0,0.0,15,15,1.0,14,0.5,55,10,2.55,0,0,3,0,1.0,True,0.0,1,0.0,1.0,85.0,0.0,0,0,4,0.0625,5,0,0,0,0,0,0,False,0,0,0,0,0,1,0,0,False,0,0,1,0,False,False,False,False,0,0,71,1171,15.507042253521126,15.423480580710914,68,17.203125,15.320716864245453,0.8905775470587729,0.09859154929577464,1,0,43,False,2,0,0.0,0.0,0,11,1.0,7,1.4,1.75,11,22,22,96,33,118,595.24,24.0,14285.72,0.1984,87.68,472,0,0.0,0.0,0.9014084507042254,qtczhKXs.cpp,C:\Users\ad\Downloads\codepython\project\fraud_detection_system\dataset_CPP\human\qtczhKXs.cpp,0,1171
3,1.8181818181818181,0,0,0,0,0,3,0,0,0,0,0,0,0,0,0,0,0,0,0,0,3,0,0,0.0,0,0,0,0,0.0,0,0,3,False,0,0,0.0,13,13,0,0,1.0,0.0,11,11,1.0,14,0.5,40,9,3.121212121212121,0,0,1,0,1.0,True,0.0,1,0.0,1.0,85.0,0.0,0,0,4,0.06779661016949153,4,0,0,0,0,0,0,False,0,0,0,0,0,2,0,0,False,0,0,1,0,False,False,False,False,0,0,65,1115,16.16923076923077,16.632284852307095,68,17.8135593220339,16.597400834162883,0.9317284959235109,0.09230769230769231,1,0,41,False,2,0,0.0,0.015384615384615385,0,10,1.0,7,1.75,1.8181818181818181,9,20,20,83,29,103,500.37,18.68,9344.45,0.1668,90.64,414,0,0.0,0.0,0.9076923076923077,qgHjq92m.cpp,C:\Users\ad\Downloads\codepython\project\fraud_detection_system\dataset_CPP\human\qgHjq92m.cpp,0,1115
4,2.0,0,0,0,0,0,8,0,0,0,0,0,0,0,0,0,0,0,0,0,0,3,0,0,0.0,0,0,0,0,0.0,0,0,3,False,0,0,0.0,18,18,0,0,1.0,0.0,18,18,1.0,28,0.5,68,14,3.191666666666667,0,0,5,0,1.0,True,0.0,1,0.0,1.0,85.0,0.0,0,0,4,0.043010752688172046,7,0,0,0,0,0,0,False,0,0,0,0,0,4,0,0,False,0,0,1,0,False,False,False,False,0,0,103,1827,16.74757281553398,15.78478956107481,68,18.50537634408602,15.619551888657092,0.8440548086258627,0.0970873786407767,2,0,66,False,2,0,0.0,0.009708737864077669,0,18,1.0,12,1.7142857142857142,2.0,11,28,34,146,39,180,951.37,28.68,27284.0,0.3171,74.94,692,0,0.0,0.0,0.9029126213592233,qv0AyrWG.cpp,C:\Users\ad\Downloads\codepython\project\fraud_detection_system\dataset_CPP\human\qv0AyrWG.cpp,0,1827
5,2.5,0,0,0,0,0,4,0,0,0,0,0,0,0,0,0,0,0,0,0,0,4,0,0,0.0,0,0,0,0,0.0,0,0,3,False,0,0,0.0,13,13,0,0,1.0,0.0,12,12,1.0,14,0.5,48,9,2.5211267605633805,0,0,1,0,1.0,True,0.0,3,0.0,0.3333333333333333,39.666666666666664,32.42769735204082,0,1,6,0.08955223880597014,4,0,0,0,0,0,0,False,0,0,0,0,0,1,0,0,False,0,0,1,0,False,False,False,False,0,0,74,1343,17.16216216216216,16.37898045454784,74,18.955223880597014,16.196031240243766,0.8544362937766397,0.0945945945945946,2,0,49,False,2,0,0.0,0.02702702702702703,0,11,1.0,9,2.25,2.5,8,20,20,87,28,107,514.39,17.4,8950.33,0.1715,90.71,446,0,0.0,0.0,0.9054054054054054,qLlpgjqi.cpp,C:\Users\ad\Downloads\codepython\project\fraud_detection_system\dataset_CPP\human\qLlpgjqi.cpp,0,1343
3,1.8,0,0,0,0,0,3,0,0,0,0,0,0,0,0,0,0,0,0,0,0,2,0,0,0.0,0,0,0,0,0.0,0,0,2,False,0,0,0.0,10,10,0,0,1.0,0.0,11,11,1.0,14,0.5,40,9,2.6307692307692307,0,0,0,0,1.0,True,0.0,1,0.0,1.0,85.0,0.0,0,0,4,0.07407407407407407,4,0,0,0,0,0,0,False,0,0,0,0,0,2,0,0,False,0,0,1,0,False,False,False,False,0,0,61,1015,15.655737704918034,15.63925834254847,68,17.685185185185187,15.504866707984727,0.8767149761582986,0.11475409836065574,1,0,37,False,2,0,0.0,0.0,0,9,1.0,6,1.5,1.8,7,20,16,79,27,95,451.71,13.83,6244.95,0.1506,93.67,389,0,0.0,0.0,0.8852459016393442,rVAouXBW.cpp,C:\Users\ad\Downloads\codepython\project\fraud_detection_system\dataset_CPP\human\rVAouXBW.cpp,0,1015
4,2.5,0,0,0,0,0,0,0,0,0,0,0,0,0,0,0,0,0,0,0,0,3,0,0,0.0,0,0,0,0,0.0,0,0,2,False,0,0,0.0,8,8,0,0,1.0,0.0,5,4,0.8,6,0.5,21,4,2.2413793103448274,0,0,0,0,1.0,True,0.0,1,0.0,1.0,85.0,0.0,0,0,4,0.10526315789473684,1,0,0,0,0,0,0,False,0,0,0,0,0,1,0,0,False,0,0,0,0,False,False,False,False,0,0,41,700,16.097560975609756,14.63508127094816,58,17.36842105263158,14.45759871710444,0.832407198863589,0.07317073170731707,1,0,31,False,2,2,0.06451612903225806,0.0,0,5,1.0,5,5.0,2.5,7,16,13,43,23,56,253.32,9.41,2382.79,0.0844,100.0,216,0,0.0,0.0,0.926829268292683,rijiq4oN.cpp,C:\Users\ad\Downloads\codepython\project\fraud_detection_system\dataset_CPP\human\rijiq4oN.cpp,0,700
2,1.6666666666666667,0,0,0,0,0,0,0,0,0,0,0,0,0,0,0,0,0,0,0,0,0,0,0,0.0,0,0,0,0,0.0,0,0,2,False,0,0,0.0,5,5,0,0,1.0,0.0,2,2,1.0,6,0.5,15,4,2.238095238095238,0,0,0,0,1.0,True,0.0,3,0.0,0.5,56.5,28.5,0,1,6,0.23076923076923078,1,0,0,0,0,0,0,False,0,0,0,0,0,1,0,0,False,0,0,0,0,False,False,False,False,0,0,28,520,17.607142857142858,18.91775297309436,78,18.96153846153846,18.966530782956287,1.0002632867279178,0.07142857142857142,1,0,19,False,2,0,0.0,0.0,0,2,1.0,2,2.0,1.6666666666666667,6,12,10,29,18,39,162.63,7.25,1179.05,0.0542,100.0,149,0,0.0,0.0,0.9285714285714286,roqJ8OYq.cpp,C:\Users\ad\Downloads\codepython\project\fraud_detection_system\dataset_CPP\human\roqJ8OYq.cpp,0,520
2,1.5,0,0,0,0,0,0,0,0,0,0,0,0,0,0,0,0,0,0,0,0,0,0,0,0.0,0,0,0,0,0.0,0,0,2,False,0,0,0.0,2,2,0,0,1.0,0.0,1,1,1.0,2,0.5,5,3,2.5,0,0,0,0,1.0,True,0.0,1,0.0,1.0,85.0,0.0,0,0,4,0.23529411764705882,1,0,0,0,0,0,0,False,0,0,0,0,0,1,0,0,False,0,0,0,0,False,False,False,False,0,0,19,264,12.947368421052632,13.319845440112152,56,14.470588235294118,13.275885467572282,0.9174392396289788,0.10526315789473684,1,0,10,False,2,0,0.0,0.0,0,2,1.0,1,1.0,1.5,3,9,3,13,12,16,57.36,2.17,124.28,0.0191,100.0,70,0,0.0,0.0,0.8947368421052632,r6Ls3ulX.cpp,C:\Users\ad\Downloads\codepython\project\fraud_detection_system\dataset_CPP\human\r6Ls3ulX.cpp,0,264
2,1.5,0,0,0,0,0,1,0,0,0,0,0,0,0,0,0,0,0,0,0,0,0,0,0,0.0,0,0,0,0,0.0,0,0,0,False,0,0,0.0,1,1,0,0,1.0,0.0,1,1,1.0,2,0.0,7,5,2.5833333333333335,0,2,0,0,1.0,True,0.0,1,0.0,1.0,85.0,0.0,0,0,4,0.36363636363636365,1,0,0,0,0,0,0,False,0,0,0,0,0,0,0,0,False,0,0,0,0,False,False,False,False,0,0,12,212,16.75,19.536824204563032,56,18.272727272727273,19.71197563591926,1.0787648357965764,0.08333333333333333,1,0,6,False,2,0,0.0,0.0,0,2,1.0,1,1.0,1.5,4,10,5,15,14,20,76.15,3.0,228.44,0.0254,100.0,63,0,0.0,0.0,0.9166666666666666,rjKdSzNl.cpp,C:\Users\ad\Downloads\codepython\project\fraud_detection_system\dataset_CPP\human\rjKdSzNl.cpp,0,212
3,1.8,0,0,0,0,0,3,0,0,0,0,0,0,0,0,0,0,0,0,0,0,2,0,0,0.0,0,0,0,0,0.0,0,0,3,False,0,0,0.0,11,11,0,0,1.0,0.0,11,11,1.0,16,0.5,39,10,3.0317460317460316,0,0,2,0,1.0,True,0.0,1,0.0,1.0,85.0,0.0,0,0,4,0.07142857142857142,4,0,0,0,0,0,0,False,0,0,0,0,0,2,0,0,False,0,0,1,0,False,False,False,False,0,0,65,1066,15.415384615384616,16.211954096323545,68,17.821428571428573,16.21739271679058,0.9099939801004734,0.13846153846153847,2,0,38,False,2,0,0.0,0.015384615384615385,0,9,1.0,6,1.5,1.8,8,23,17,79,31,96,475.6,13.74,6534.37,0.1585,92.47,393,0,0.0,0.0,0.8615384615384616,r6uPgEyp.cpp,C:\Users\ad\Downloads\codepython\project\fraud_detection_system\dataset_CPP\human\r6uPgEyp.cpp,0,1066
3,1.75,0,0,0,0,0,3,0,0,0,0,0,0,0,0,0,0,0,0,0,0,3,0,0,0.0,0,0,0,0,0.0,0,0,3,False,0,0,0.0,15,15,0,0,1.0,0.0,11,11,1.0,12,0.5,46,10,2.8714285714285714,0,0,2,0,1.0,True,0.0,2,0.0,0.5,56.5,28.5,0,1,5,0.07575757575757576,5,0,0,0,0,0,0,False,0,0,0,0,0,4,0,0,False,0,0,1,0,False,False,False,False,0,0,75,1206,15.093333333333334,15.056492139789913,68,17.09090909090909,14.97141445183805,0.8759870157990349,0.12,1,0,45,False,2,13,0.28888888888888886,0.013333333333333334,0,10,1.0,8,1.6,1.75,11,23,22,93,34,115,585.06,22.24,13011.19,0.195,88.83,459,0,0.0,0.0,0.88,r14kTAEU.cpp,C:\Users\ad\Downloads\codepython\project\fraud_detection_system\dataset_CPP\human\r14kTAEU.cpp,0,1206
3,1.8666666666666667,0,0,0,0,0,4,0,0,0,0,0,0,0,0,0,0,0,0,0,0,4,0,0,0.0,0,0,0,0,0.0,0,0,3,False,0,0,0.0,16,16,0,0,1.0,0.0,15,15,1.0,18,0.5,54,11,3.0795454545454546,0,0,1,0,1.0,True,0.0,1,0.0,1.0,85.0,0.0,0,0,4,0.05405405405405406,5,0,0,0,0,0,0,False,0,0,0,0,0,4,0,0,False,0,0,1,0,False,False,False,False,0,0,82,1400,16.085365853658537,15.850829954043569,68,17.824324324324323,15.72943368347767,0.8824701232580346,0.0975609756097561,1,0,53,False,2,0,0.0,0.0,0,13,1.0,9,1.8,1.8666666666666667,10,25,23,107,35,130,666.81,21.4,14269.67,0.2223,83.01,527,0,0.0,0.0,0.9024390243902439,rFBFKtjF.cpp,C:\Users\ad\Downloads\codepython\project\fraud_detection_system\dataset_CPP\human\rFBFKtjF.cpp,0,1400
2,1.3333333333333333,0,0,0,0,0,0,0,0,0,0,0,0,0,0,0,0,0,0,0,0,8,0,0,0.0,0,0,0,0,0.0,0,0,3,False,0,0,0.0,41,40,1,0,0.975609756097561,0.024390243902439025,28,28,1.0,44,0.5,120,24,4.774336283185841,0,3,10,0,0.7692307692307693,False,0.0,1,0.0,1.0,85.0,0.0,0,0,4,0.030534351145038167,10,4,0,0,0,0,0,False,0,0,0,0,0,7,2,0,False,0,0,1,0,False,False,False,False,0,9,157,3129,18.936305732484076,20.59611042639693,106,22.633587786259543,20.63059541749732,0.9115035412115173,0.16560509554140126,2,0,78,False,2,0,0.0,0.025477707006369428,0,14,1.0,10,1.0,1.3333333333333333,14,58,102,296,72,398,2455.63,35.72,87725.27,0.8185,62.5,1205,0,0.0,0.0,0.8343949044585988,ro7XYXpI.cpp,C:\Users\ad\Downloads\codepython\project\fraud_detection_system\dataset_CPP\human\ro7XYXpI.cpp,0,3129
4,2.25,0,0,0,0,0,1,0,0,0,0,0,0,0,0,0,0,0,0,0,0,7,0,0,0.0,0,0,0,0,0.0,0,0,3,False,0,0,0.0,10,10,0,0,1.0,0.0,8,8,1.0,10,0.3,15,11,3.825,0,4,0,0,1.0,True,1.0,1,0.0,1.0,85.0,0.0,0,0,4,0.07142857142857142,3,0,0,0,0,0,0,False,0,0,0,0,0,4,0,0,False,0,0,0,0,False,False,False,True,1,0,58,968,15.706896551724139,13.721376000027327,56,16.267857142857142,13.633586509882457,0.8380689841420611,0.034482758620689655,1,0,42,False,2,0,0.0,0.017241379310344827,0,12,1.0,9,3.0,2.25,8,25,12,62,33,74,373.29,9.92,3702.99,0.1244,93.04,329,0,0.0,0.0,0.9655172413793104,s0vM6NqY.cpp,C:\Users\ad\Downloads\codepython\project\fraud_detection_system\dataset_CPP\human\s0vM6NqY.cpp,0,968
4,2.111111111111111,0,0,0,0,0,2,0,0,0,0,0,0,0,0,0,0,0,0,0,0,5,0,0,0.0,0,0,0,0,0.0,0,0,3,False,0,0,0.0,9,9,0,0,1.0,0.0,2,2,1.0,6,0.5,20,7,3.6,0,0,2,0,1.0,True,0.0,2,0.0,0.5,51.0,34.0,0,0,5,0.10638297872340426,3,0,0,0,0,0,0,False,0,0,0,0,0,5,0,0,False,0,0,0,0,False,False,False,False,0,0,51,796,14.627450980392156,12.893167037140142,56,15.872340425531915,12.673673536326675,0.7984754104656215,0.0784313725490196,1,0,32,False,2,0,0.0,0.0,0,9,1.0,7,2.3333333333333335,2.111111111111111,8,17,12,47,25,59,273.99,11.06,3029.98,0.0913,100.0,252,0,0.0,0.0,0.9215686274509803,rtk2BBBI.cpp,C:\Users\ad\Downloads\codepython\project\fraud_detection_system\dataset_CPP\human\rtk2BBBI.cpp,0,796
4,2.0555555555555554,0,0,0,0,0,4,0,0,0,0,0,0,0,0,0,0,0,0,0,0,7,0,0,0.0,0,0,0,0,0.0,0,0,3,False,0,0,0.0,18,18,0,0,1.0,0.0,10,10,1.0,16,0.5,48,11,3.039473684210526,0,0,2,0,1.0,True,0.0,2,0.0,0.5,50.0,35.0,0,1,5,0.05952380952380952,5,0,0,0,0,0,0,False,0,0,0,0,0,6,0,0,False,0,0,1,0,False,False,False,False,0,0,93,1489,15.021505376344086,14.300145494878796,68,16.535714285714285,14.227276308431719,0.8603968393867995,0.0967741935483871,3,0,63,False,2,0,0.0,0.021505376344086023,0,16,1.0,12,2.4,2.0555555555555554,10,25,25,105,35,130,666.81,21.0,14002.94,0.2223,81.1,538,0,0.0,0.0,0.9032258064516129,sIkOx5CK.cpp,C:\Users\ad\Downloads\codepython\project\fraud_detection_system\dataset_CPP\human\sIkOx5CK.cpp,0,1489
3,1.8,0,0,0,0,0,3,0,0,0,0,0,0,0,0,0,0,0,0,0,0,2,0,0,0.0,0,0,0,0,0.0,0,0,3,False,0,0,0.0,15,15,0,0,1.0,0.0,11,11,1.0,10,0.5,46,8,2.590909090909091,0,0,1,0,1.0,True,0.0,1,0.0,1.0,85.0,0.0,0,0,4,0.07547169811320754,4,0,0,0,0,0,0,False,0,0,0,0,0,1,0,0,False,0,0,1,0,False,False,False,False,0,0,59,1019,16.28813559322034,15.941684881560366,68,18.132075471698112,15.794718171196077,0.8710926774957255,0.1016949152542373,1,0,35,False,2,0,0.0,0.0,0,9,1.0,6,1.5,1.8,9,20,20,83,29,103,500.37,18.68,9344.45,0.1668,93.62,412,0,0.0,0.0,0.8983050847457628,s7cU1H16.cpp,C:\Users\ad\Downloads\codepython\project\fraud_detection_system\dataset_CPP\human\s7cU1H16.cpp,0,1019
3,2.0,0,0,0,0,0,0,0,0,0,0,0,0,0,0,0,0,0,0,0,0,1,0,0,0.0,0,0,0,0,0.0,0,0,3,False,0,0,0.0,8,7,0,1,0.875,0.0,3,3,1.0,8,0.5,21,5,2.0,0,0,0,0,1.0,True,0.0,1,0.0,1.0,85.0,0.0,0,0,4,0.12121212121212122,1,0,0,0,0,0,0,False,0,0,0,0,0,1,0,0,False,0,0,0,0,False,False,False,False,0,0,36,588,15.36111111111111,15.04650712103011,67,16.757575757575758,14.95251129820836,0.8922836760232837,0.08333333333333333,1,0,25,False,2,0,0.0,0.0,0,3,1.0,3,3.0,2.0,8,16,15,41,24,56,256.76,10.25,2631.77,0.0856,100.0,200,0,0.0,0.0,0.9166666666666666,sA8KdmBk.cpp,C:\Users\ad\Downloads\codepython\project\fraud_detection_system\dataset_CPP\human\sA8KdmBk.cpp,0,588
3,1.8333333333333333,0,0,0,0,0,3,0,0,0,0,0,0,0,0,0,0,0,0,0,0,3,0,0,0.0,0,0,0,0,0.0,0,0,3,False,0,0,0.0,14,14,0,0,1.0,0.0,10,10,1.0,14,0.5,40,9,2.9692307692307693,0,0,1,0,1.0,True,0.0,2,0.0,0.5,50.0,35.0,0,1,5,0.07936507936507936,4,0,0,0,0,0,0,False,0,0,0,0,0,2,0,0,False,0,0,1,0,False,False,False,False,0,0,71,1177,15.591549295774648,15.365571048809755,68,17.444444444444443,15.337243577787174,0.8792050458604113,0.11267605633802817,3,0,45,False,2,0,0.0,0.028169014084507043,0,10,1.0,7,1.75,1.8333333333333333,10,21,20,85,31,105,520.19,20.24,10527.67,0.1734,90.89,432,0,0.0,0.0,0.8873239436619719,s4gcd76v.cpp,C:\Users\ad\Downloads\codepython\project\fraud_detection_system\dataset_CPP\human\s4gcd76v.cpp,0,1177
2,1.2,0,0,0,0,0,0,0,0,0,0,0,0,0,0,0,0,0,0,0,0,2,0,0,0.0,0,0,0,0,0.0,0,0,2,False,0,0,0.0,14,14,0,0,1.0,0.0,9,9,1.0,6,0.5,32,7,2.723404255319149,0,3,0,0,1.0,True,1.0,4,0.0,0.25,28.0,32.96209944769902,0,3,7,0.1794871794871795,4,0,0,0,0,0,0,False,0,0,0,0,0,6,0,0,False,0,0,0,0,False,False,False,False,0,0,51,830,15.294117647058824,17.657186636260253,56,19.666666666666668,18.0374728648563,0.9171596371960831,0.23529411764705882,3,0,23,False,2,0,0.0,0.058823529411764705,0,2,1.0,3,0.75,1.2,8,19,17,64,27,81,385.15,13.47,5189.33,0.1284,100.0,315,0,0.0,0.0,0.7647058823529411,sVZTQS9x.cpp,C:\Users\ad\Downloads\codepython\project\fraud_detection_system\dataset_CPP\human\sVZTQS9x.cpp,0,830
3,1.8,0,0,0,0,0,3,0,0,0,0,0,0,0,0,0,0,0,0,0,0,2,0,0,0.0,0,0,0,0,0.0,0,0,3,False,0,0,0.0,11,11,0,0,1.0,0.0,11,11,1.0,16,0.5,44,9,2.8857142857142857,0,0,1,0,1.0,True,0.0,1,0.0,1.0,85.0,0.0,0,0,4,0.07017543859649122,4,0,0,0,0,0,0,False,0,0,0,0,0,1,0,0,False,0,0,1,0,False,False,False,False,0,0,64,1102,16.234375,15.82989871601758,68,18.228070175438596,15.653055913580323,0.8587335775496424,0.109375,1,0,39,False,2,0,0.0,0.0,0,9,1.0,6,1.5,1.8,9,23,18,87,32,105,525.0,17.02,8936.41,0.175,91.5,426,0,0.0,0.0,0.890625,sC6F3gEi.cpp,C:\Users\ad\Downloads\codepython\project\fraud_detection_system\dataset_CPP\human\sC6F3gEi.cpp,0,1102
4,2.3333333333333335,0,0,0,0,0,5,0,0,0,0,0,0,0,0,0,0,0,0,0,0,3,0,0,0.0,0,0,0,0,0.0,0,0,3,False,0,0,0.0,20,20,0,0,1.0,0.0,15,12,0.8,18,0.5,32,11,3.3222222222222224,0,0,3,0,1.0,True,0.0,6,0.0,1.0,61.0,35.51994744740857,0,3,9,0.12,4,0,0,0,0,0,0,False,0,0,0,0,0,1,0,0,False,0,0,1,0,False,False,False,False,0,0,83,1813,20.85542168674699,22.064599860202655,109,23.08,22.0778984507131,0.9565813886790772,0.0963855421686747,1,0,57,False,2,0,0.0,0.0,0,12,1.0,10,2.5,2.3333333333333335,11,24,31,112,35,143,733.49,25.67,18826.18,0.2445,90.01,546,0,0.0,0.0,0.9036144578313253,sUZNLkc8.cpp,C:\Users\ad\Downloads\codepython\project\fraud_detection_system\dataset_CPP\human\sUZNLkc8.cpp,0,1813
2,1.6666666666666667,0,0,0,0,0,0,0,0,0,0,0,0,0,0,0,0,0,0,0,0,3,0,0,0.0,0,0,0,0,0.0,0,0,2,False,0,0,0.0,7,7,0,0,1.0,0.0,3,3,1.0,8,0.5,12,6,2.7666666666666666,0,0,0,0,1.0,True,0.0,2,0.0,0.5,48.5,36.5,0,1,5,0.15625,1,0,0,0,0,0,0,False,0,0,0,0,0,1,0,0,False,0,0,0,0,False,False,False,False,0,0,38,627,15.526315789473685,14.658815996750649,56,18.4375,14.194931974123723,0.7698946155456934,0.15789473684210525,2,0,25,False,2,2,0.08,0.0,0,1,1.0,5,5.0,1.6666666666666667,8,15,15,43,23,58,262.37,11.47,3008.47,0.0875,100.0,205,0,0.0,0.0,0.8421052631578947,sZKu5ys4.cpp,C:\Users\ad\Downloads\codepython\project\fraud_detection_system\dataset_CPP\human\sZKu5ys4.cpp,0,627
3,1.75,0,0,0,0,0,4,0,0,0,0,0,0,0,0,0,0,0,0,0,0,6,0,0,0.0,0,0,0,0,0.0,0,0,3,False,0,0,0.0,18,18,0,0,1.0,0.0,11,11,1.0,18,0.5,55,12,2.7954545454545454,0,0,3,0,1.0,True,0.0,3,0.0,0.6666666666666666,43.333333333333336,29.80305726300948,0,2,6,0.08,5,0,0,0,0,0,0,False,0,0,0,0,0,6,1,0,False,0,0,1,0,False,False,False,False,0,0,83,1452,16.50602409638554,15.091187481900725,68,18.14666666666667,14.956553375991708,0.8242038965461999,0.0963855421686747,1,0,54,False,2,13,0.24074074074074073,0.024096385542168676,0,10,1.0,13,2.6,1.75,13,24,30,115,37,145,755.37,31.15,23526.65,0.2518,84.82,553,0,0.0,0.0,0.9036144578313253,sEGK7Vyg.cpp,C:\Users\ad\Downloads\codepython\project\fraud_detection_system\dataset_CPP\human\sEGK7Vyg.cpp,0,1452
3,1.8571428571428572,0,0,0,0,0,3,0,0,0,0,0,0,0,0,0,0,0,0,0,0,4,0,0,0.0,0,0,0,0,0.0,0,0,3,False,0,0,0.0,16,16,0,0,1.0,0.0,11,11,1.0,22,0.5,44,14,3.0864197530864197,0,0,3,0,1.0,True,0.0,1,0.0,1.0,85.0,0.0,0,0,4,0.05194805194805195,5,0,0,0,0,0,0,False,0,0,0,0,0,4,0,0,False,0,0,1,0,False,False,False,False,0,0,87,1365,14.701149425287356,13.995167427455078,68,16.558441558441558,13.824027178842993,0.8348628178595376,0.11494252873563218,2,0,56,False,2,0,0.0,0.011494252873563218,0,13,1.0,9,1.8,1.8571428571428572,12,27,25,105,39,130,687.1,23.33,16032.39,0.229,81.88,508,0,0.0,0.0,0.8850574712643678,t8XXK1rI.cpp,C:\Users\ad\Downloads\codepython\project\fraud_detection_system\dataset_CPP\human\t8XXK1rI.cpp,0,1365
4,2.2142857142857144,0,0,0,0,0,6,0,0,0,0,0,0,0,0,0,0,0,0,0,0,3,0,0,0.0,0,0,0,0,0.0,0,0,3,False,0,0,0.0,22,22,0,0,1.0,0.0,14,14,1.0,14,0.5,72,10,2.47,0,1,1,0,0.5,False,0.0,1,0.0,1.0,85.0,0.0,0,0,4,0.058823529411764705,4,0,0,0,0,0,0,False,0,0,0,0,0,1,0,0,False,0,0,1,0,False,False,False,False,0,0,75,1401,17.69333333333333,17.82355993871283,77,19.514705882352942,17.74367546567345,0.909246369002106,0.09333333333333334,1,0,50,False,2,0,0.0,0.0,0,13,1.0,10,2.5,2.2142857142857144,10,23,35,121,33,156,786.93,26.3,20699.56,0.2623,84.02,576,0,0.0,0.0,0.9066666666666666,tFS8US3i.cpp,C:\Users\ad\Downloads\codepython\project\fraud_detection_system\dataset_CPP\human\tFS8US3i.cpp,0,1401
1,1.0,0,0,0,0,0,0,0,0,0,0,0,0,0,0,0,0,0,0,0,0,2,0,0,0.0,0,0,0,0,0.0,0,0,2,False,0,0,0.0,2,2,0,0,1.0,0.0,7,7,1.0,8,0.5,14,5,2.7666666666666666,0,0,0,0,1.0,True,0.0,1,0.0,1.0,85.0,0.0,0,0,4,0.16666666666666666,1,0,0,0,0,0,0,False,0,0,0,0,0,1,0,0,False,0,0,0,0,False,False,False,False,0,0,32,512,15.03125,17.90684990269087,88,20.041666666666668,18.0865492532127,0.9024473639856647,0.25,2,0,17,False,2,0,0.0,0.0,0,1,1.0,2,2.0,1.0,3,14,8,38,17,46,188.02,4.07,765.52,0.0627,100.0,176,0,0.0,0.0,0.75,tDwm9aJU.cpp,C:\Users\ad\Downloads\codepython\project\fraud_detection_system\dataset_CPP\human\tDwm9aJU.cpp,0,512
3,2.0,0,0,0,0,0,0,0,0,0,0,0,0,0,0,0,0,0,0,0,0,1,0,0,0.0,0,0,0,0,0.0,0,0,3,False,0,0,0.0,8,7,1,0,0.875,0.125,4,4,1.0,12,0.5,29,5,1.9736842105263157,0,0,0,0,1.0,True,0.0,1,0.0,1.0,85.0,0.0,0,0,4,0.10526315789473684,1,0,0,0,0,0,0,False,0,0,0,0,0,1,0,0,False,0,0,0,0,False,False,False,False,0,0,43,645,14.023255813953488,12.61318684642907,56,15.868421052631579,12.27785994688595,0.7737291508817017,0.11627906976744186,1,0,30,False,2,0,0.0,0.0,0,3,1.0,3,3.0,2.0,8,20,18,52,28,70,336.51,10.4,3499.75,0.1122,100.0,243,0,0.0,0.0,0.8837209302325582,t9VQDSA3.cpp,C:\Users\ad\Downloads\codepython\project\fraud_detection_system\dataset_CPP\human\t9VQDSA3.cpp,0,645
4,2.0625,0,0,0,0,0,4,0,0,0,0,0,0,0,0,0,0,0,0,0,0,6,0,0,0.0,0,0,0,0,0.0,0,0,3,False,0,0,0.0,17,17,0,0,1.0,0.0,11,11,1.0,16,0.5,48,11,2.6666666666666665,0,0,2,0,1.0,True,0.0,1,0.0,1.0,85.0,0.0,0,0,4,0.05194805194805195,5,0,0,0,0,0,0,False,0,0,0,0,0,6,0,0,False,0,0,1,0,False,False,False,False,0,0,85,1359,15.0,14.24078649513432,68,16.558441558441558,14.073548465203393,0.8499319465260089,0.09411764705882353,1,0,56,False,2,0,0.0,0.0,0,15,1.0,11,2.2,2.0625,9,24,24,101,33,125,630.55,18.94,11941.03,0.2102,81.87,509,0,0.0,0.0,0.9058823529411765,tKyn6gy7.cpp,C:\Users\ad\Downloads\codepython\project\fraud_detection_system\dataset_CPP\human\tKyn6gy7.cpp,0,1359
2,1.4,0,0,0,0,0,2,0,0,0,0,0,0,0,0,0,0,0,0,0,0,0,0,0,0.0,0,0,0,0,0.0,0,0,2,False,0,0,0.0,2,2,0,0,1.0,0.0,4,4,1.0,12,0.5,16,8,3.4523809523809526,0,0,2,0,1.0,True,0.0,1,0.0,1.0,85.0,0.0,0,0,4,0.0975609756097561,3,2,0,0,0,0,0,False,0,0,0,0,0,1,0,0,False,0,0,0,0,False,False,False,False,0,2,48,730,14.229166666666666,13.711673225353973,56,16.658536585365855,13.402966100734641,0.8045704394291658,0.14583333333333334,1,0,22,False,2,0,0.0,0.0,0,5,1.0,2,0.6666666666666666,1.4,5,20,12,59,25,71,329.71,7.38,2431.64,0.1099,100.0,273,0,0.0,0.0,0.8541666666666666,tS1Obs1z.cpp,C:\Users\ad\Downloads\codepython\project\fraud_detection_system\dataset_CPP\human\tS1Obs1z.cpp,0,730
3,1.6666666666666667,0,0,0,0,0,2,0,0,0,0,0,0,0,0,0,0,0,0,0,0,6,0,0,0.0,0,0,0,0,0.0,0,0,3,False,0,0,0.0,14,14,0,0,1.0,0.0,11,11,1.0,10,0.5,39,9,2.7580645161290325,0,1,0,0,1.0,True,1.0,1,0.0,0.0,148.0,0.0,0,0,11,0.16417910447761194,4,0,0,0,0,0,0,False,0,0,0,0,0,6,0,0,False,0,0,1,0,False,False,False,False,0,0,74,1000,12.527027027027026,12.033986750340791,59,13.835820895522389,11.909606075074185,0.8607805901078429,0.0945945945945946,1,51,0,False,2,34,0.6666666666666666,0.0,0,9,1.0,9,2.25,1.6666666666666667,9,22,18,86,31,104,515.24,17.59,9063.48,0.1717,97.71,431,0,0.0,0.0,0.9054054054054054,swhDmdzZ.cpp,C:\Users\ad\Downloads\codepython\project\fraud_detection_system\dataset_CPP\human\swhDmdzZ.cpp,0,1000
4,2.02,0,0,0,0,0,3,0,0,0,0,0,0,0,0,0,0,0,0,0,0,21,0,0,0.0,0,0,0,0,0.0,0,0,2,False,0,0,0.0,78,75,3,0,0.9615384615384616,0.038461538461538464,33,32,0.9696969696969697,79,0.5063291139240507,134,34,6.045714285714285,0,2,16,0,0.8888888888888888,False,0.0,26,0.0,0.4230769230769231,42.11538461538461,44.91815370809868,0,8,46,0.14241486068111456,17,2,0,0,0,0,0,False,0,0,0,0,0,21,1,0,False,0,0,0,0,False,False,False,False,0,15,359,7885,20.96657381615599,19.884597340178683,104,23.30340557275542,19.62167455241993,0.8420088854034325,0.10027855153203342,2,0,230,False,2,1,0.004347826086956522,0.011142061281337047,0,36,1.0,33,1.9411764705882353,2.02,21,90,179,527,111,706,4796.86,61.48,294926.79,1.599,53.33,2252,0,0.0,0.0,0.8997214484679665,sEYZbYc2.cpp,C:\Users\ad\Downloads\codepython\project\fraud_detection_system\dataset_CPP\human\sEYZbYc2.cpp,0,7885
3,2.0555555555555554,0,0,0,0,0,6,0,0,0,0,0,0,0,0,0,0,0,0,0,0,5,0,0,0.0,0,0,0,0,0.0,0,0,3,False,0,0,0.0,27,27,0,0,1.0,0.0,19,17,0.8947368421052632,26,0.5,47,13,3.3833333333333333,0,0,4,0,1.0,True,0.0,4,0.0,1.0,51.5,40.26474885057648,0,2,7,0.07777777777777778,5,0,0,0,0,0,0,False,0,0,0,0,0,4,0,0,False,0,0,1,0,False,False,False,False,0,0,100,1979,18.8,19.150979087242508,109,20.88888888888889,19.07554830692624,0.9131911423528519,0.1,1,0,69,False,2,0,0.0,0.0,0,16,1.0,13,2.6,2.0555555555555554,10,28,38,148,38,186,976.11,26.43,25797.31,0.3254,80.26,696,0,0.0,0.0,0.9,swjlezZ3.cpp,C:\Users\ad\Downloads\codepython\project\fraud_detection_system\dataset_CPP\human\swjlezZ3.cpp,0,1979
3,1.8,0,0,0,0,0,4,0,0,0,0,0,0,0,0,0,0,0,0,0,0,1,0,0,0.0,0,0,0,0,0.0,0,0,3,False,0,0,0.0,14,13,1,0,0.9285714285714286,0.07142857142857142,12,12,1.0,20,0.5,49,12,2.986666666666667,0,0,2,0,1.0,True,0.0,1,0.0,1.0,85.0,0.0,0,0,4,0.06896551724137931,4,0,0,0,0,0,0,False,0,0,0,0,0,2,0,0,False,0,0,1,0,False,False,False,False,0,0,65,1171,17.03076923076923,17.673943646613473,74,19.086206896551722,17.63058127110941,0.9237341587392465,0.1076923076923077,1,0,40,False,2,0,0.0,0.0,0,9,1.0,6,1.5,1.8,10,27,22,93,37,115,599.09,17.22,10317.61,0.1997,90.37,442,0,0.0,0.0,0.8923076923076924,tSoSXf53.cpp,C:\Users\ad\Downloads\codepython\project\fraud_detection_system\dataset_CPP\human\tSoSXf53.cpp,0,1171
3,2.142857142857143,0,0,0,0,0,0,0,0,0,0,0,0,0,0,0,0,0,0,0,0,3,0,0,0.0,0,0,0,0,0.0,0,0,3,False,0,0,0.0,5,5,0,0,1.0,0.0,9,9,1.0,12,0.4166666666666667,0,16,4.416666666666667,0,3,0,0,1.0,True,1.0,1,0.0,1.0,85.0,0.0,0,0,4,0.1,2,0,0,0,0,0,0,False,0,0,0,0,0,1,0,0,False,0,0,1,0,False,False,False,True,1,0,44,821,17.681818181818183,16.772234533289517,58,19.45,16.584556068824995,0.8526764045668378,0.09090909090909091,1,0,28,False,2,0,0.0,0.0,0,6,1.0,4,2.0,2.142857142857143,5,26,7,49,31,56,277.43,4.71,1307.15,0.0925,100.0,256,0,0.0,0.0,0.9090909090909091,tbGl6dam.cpp,C:\Users\ad\Downloads\codepython\project\fraud_detection_system\dataset_CPP\human\tbGl6dam.cpp,0,821
3,2.3333333333333335,0,0,0,0,0,0,0,0,0,0,0,0,0,0,0,0,0,0,0,0,3,0,0,0.0,0,0,0,0,0.0,0,0,2,False,0,0,0.0,6,6,0,0,1.0,0.0,2,2,1.0,10,0.5,6,8,6.551724137931035,1,0,3,0,0.75,False,0.0,4,0.0,0.75,41.0,27.865749586185547,0,2,7,0.15555555555555556,1,0,0,0,0,0,0,False,0,0,0,0,0,1,0,0,False,0,0,0,0,False,False,False,False,0,0,53,1065,19.11320754716981,20.566193525461525,86,22.42222222222222,20.623060327796907,0.9197598758680484,0.1509433962264151,2,0,38,False,2,0,0.0,0.018867924528301886,0,4,1.0,5,5.0,2.3333333333333335,7,19,11,45,26,56,263.22,8.29,2181.99,0.0877,100.0,238,0,0.0,0.0,0.8490566037735849,tz6yfPJW.cpp,C:\Users\ad\Downloads\codepython\project\fraud_detection_system\dataset_CPP\human\tz6yfPJW.cpp,0,1065
3,1.8,0,0,0,0,0,3,0,0,0,0,0,0,0,0,0,0,0,0,0,0,2,0,0,0.0,0,0,0,0,0.0,0,0,2,False,0,0,0.0,10,10,0,0,1.0,0.0,11,11,1.0,14,0.5,41,9,2.272727272727273,0,0,0,0,1.0,True,0.0,1,0.0,1.0,85.0,0.0,0,0,4,0.07407407407407407,4,0,0,0,0,0,0,False,0,0,0,0,0,2,0,0,False,0,0,1,0,False,False,False,False,0,0,60,1002,15.716666666666667,15.378655843589044,68,17.462962962962962,15.24092074957824,0.8727568615877254,0.1,1,0,37,False,2,0,0.0,0.0,0,9,1.0,6,1.5,1.8,7,21,16,80,28,96,461.51,13.33,6153.41,0.1538,93.56,394,0,0.0,0.0,0.9,uGIVXJAS.cpp,C:\Users\ad\Downloads\codepython\project\fraud_detection_system\dataset_CPP\human\uGIVXJAS.cpp,0,1002
4,2.076923076923077,0,0,0,0,0,4,0,0,0,0,0,0,0,0,0,0,0,0,0,0,3,0,0,0.0,0,0,0,0,0.0,0,0,3,False,0,0,0.0,22,22,0,0,1.0,0.0,14,14,1.0,14,0.5,73,10,2.877551020408163,0,0,2,0,1.0,True,0.0,1,0.0,1.0,85.0,0.0,0,0,4,0.05970149253731343,5,0,0,0,0,0,0,False,0,0,0,0,0,1,0,0,False,0,0,1,0,False,False,False,False,0,0,74,1436,18.41891891891892,21.10655512160935,122,20.34328358208955,21.281028085651023,1.0460960247532052,0.0945945945945946,1,0,46,False,2,0,0.0,0.0,0,12,1.0,8,1.6,2.076923076923077,10,23,30,117,33,147,741.53,25.43,18860.55,0.2472,85.16,557,0,0.0,0.0,0.9054054054054054,uTdFVm6Q.cpp,C:\Users\ad\Downloads\codepython\project\fraud_detection_system\dataset_CPP\human\uTdFVm6Q.cpp,0,1436
3,2.0,0,0,0,0,0,1,0,0,0,0,0,0,0,0,0,0,0,0,0,0,1,0,0,0.0,0,0,0,0,0.0,0,0,2,False,0,0,0.0,7,7,0,0,1.0,0.0,2,2,1.0,6,0.5,15,4,2.238095238095238,0,0,0,0,1.0,True,0.0,1,0.0,1.0,85.0,0.0,0,0,4,0.14285714285714285,1,0,0,0,0,0,0,False,0,0,0,0,0,1,0,0,False,0,0,0,0,False,False,False,False,0,0,32,514,15.09375,15.697052619441013,67,17.25,15.633354909112942,0.9062814440065473,0.125,1,0,21,False,2,0,0.0,0.0,0,3,1.0,3,3.0,2.0,7,15,12,33,22,45,200.67,7.7,1545.19,0.0669,100.0,168,0,0.0,0.0,0.875,uhfGDkIj.cpp,C:\Users\ad\Downloads\codepython\project\fraud_detection_system\dataset_CPP\human\uhfGDkIj.cpp,0,514
2,1.5,0,0,0,0,0,0,0,0,0,0,0,0,0,0,0,0,0,0,0,0,0,0,0,0.0,0,0,0,0,0.0,0,0,2,False,0,0,0.0,5,5,0,0,1.0,0.0,2,2,1.0,6,0.5,15,4,2.05,0,0,0,0,1.0,True,0.0,1,0.0,1.0,85.0,0.0,0,0,4,0.18181818181818182,1,0,0,0,0,0,0,False,0,0,0,0,0,1,0,0,False,0,0,0,0,False,False,False,False,0,0,25,382,14.32,13.602117482215775,56,16.272727272727273,13.35930665791325,0.8209629789779092,0.12,1,0,15,False,2,0,0.0,0.0,0,1,1.0,1,1.0,1.5,4,12,10,28,16,38,152.0,4.67,709.33,0.0507,100.0,128,0,0.0,0.0,0.88,uxlv6nLk.cpp,C:\Users\ad\Downloads\codepython\project\fraud_detection_system\dataset_CPP\human\uxlv6nLk.cpp,0,382
1,1.0,0,0,0,0,0,0,0,0,0,0,0,0,0,0,0,0,0,0,0,0,2,0,0,0.0,0,0,0,0,0.0,0,0,2,False,0,0,0.0,5,5,0,0,1.0,0.0,2,2,1.0,4,0.5,8,6,2.8421052631578947,0,0,0,0,1.0,True,0.0,1,0.0,1.0,85.0,0.0,0,0,4,0.17391304347826086,2,0,0,0,0,0,0,False,0,0,0,0,0,4,0,0,False,0,0,0,0,False,False,False,False,0,0,27,408,14.148148148148149,14.24313662839366,56,16.608695652173914,14.045699110975862,0.8456834543257717,0.14814814814814814,1,0,13,False,2,0,0.0,0.0,0,2,1.0,2,1.0,1.0,4,13,6,29,17,35,143.06,4.46,638.27,0.0477,100.0,150,0,0.0,0.0,0.8518518518518519,twGRlyC5.cpp,C:\Users\ad\Downloads\codepython\project\fraud_detection_system\dataset_CPP\human\twGRlyC5.cpp,0,408
6,2.8,0,0,0,0,0,7,0,0,0,0,0,0,0,0,0,0,0,0,0,0,5,0,0,0.0,0,0,0,0,0.0,0,0,3,False,0,0,0.0,28,28,0,0,1.0,0.0,23,21,0.9130434782608695,22,0.5,75,11,3.0,0,0,4,0,1.0,True,0.0,5,0.0,1.0,68.4,49.39068738132726,0,2,15,0.14705882352941177,5,0,0,0,0,0,0,False,0,0,0,0,0,1,0,0,False,0,0,1,0,False,False,False,False,0,0,115,2402,19.895652173913042,19.02372610740208,109,22.352941176470587,18.824080874274994,0.8421299338491445,0.11304347826086956,2,0,73,False,2,0,0.0,0.05217391304347826,0,17,1.0,14,2.8,2.8,11,29,41,167,40,208,1106.96,31.67,35060.13,0.369,84.39,789,0,0.0,0.0,0.8869565217391304,thZPYikn.cpp,C:\Users\ad\Downloads\codepython\project\fraud_detection_system\dataset_CPP\human\thZPYikn.cpp,0,2402
3,1.5,0,0,0,0,0,0,0,0,0,0,0,0,0,0,0,0,0,0,0,0,3,0,0,0.0,0,0,0,0,0.0,0,0,2,False,0,0,0.0,7,7,0,0,1.0,0.0,9,9,1.0,4,0.5,20,8,3.6923076923076925,0,3,0,0,1.0,True,1.0,2,0.0,0.5,68.5,16.5,1,0,5,0.11627906976744186,4,0,0,0,0,0,0,False,0,0,0,0,0,6,0,0,False,0,0,0,0,False,False,False,False,0,0,51,848,15.647058823529411,17.199890024057627,61,18.558139534883722,17.229372332075076,0.928399762254672,0.1568627450980392,1,0,27,False,2,0,0.0,0.0,0,4,1.0,4,1.0,1.5,7,18,11,57,25,68,315.78,11.08,3499.92,0.1053,100.0,277,0,0.0,0.0,0.8431372549019608,u6R36uLG.cpp,C:\Users\ad\Downloads\codepython\project\fraud_detection_system\dataset_CPP\human\u6R36uLG.cpp,0,848
3,1.8,0,0,0,0,0,3,0,0,0,0,0,0,0,0,0,0,0,0,0,0,2,0,0,0.0,0,0,0,0,0.0,0,0,2,False,0,0,0.0,11,11,0,0,1.0,0.0,11,11,1.0,12,0.5,39,9,2.8333333333333335,0,0,0,0,1.0,True,0.0,1,0.0,1.0,85.0,0.0,0,0,4,0.07547169811320754,4,0,0,0,0,0,0,False,0,0,0,0,0,3,0,0,False,0,0,1,0,False,False,False,False,0,0,60,987,15.466666666666667,15.646582871526789,68,17.50943396226415,15.536472780913114,0.8873201049443912,0.11666666666666667,1,0,36,False,2,0,0.0,0.0,0,9,1.0,6,1.5,1.8,8,21,16,76,29,92,446.93,14.48,6469.91,0.149,94.21,378,0,0.0,0.0,0.8833333333333333,ujppAi9b.cpp,C:\Users\ad\Downloads\codepython\project\fraud_detection_system\dataset_CPP\human\ujppAi9b.cpp,0,987
4,2.263157894736842,0,0,0,0,0,5,0,0,0,0,0,0,0,0,0,0,0,0,0,0,5,0,0,0.0,0,0,0,0,0.0,0,0,3,False,0,0,0.0,22,22,0,0,1.0,0.0,26,26,1.0,28,0.5,80,16,2.6180555555555554,0,2,3,0,0.6,False,0.0,13,0.0,1.0,34.61538461538461,20.61567163979295,0,9,16,0.16842105263157894,6,0,0,0,0,0,0,False,0,0,0,0,0,1,0,0,False,0,0,1,0,False,False,False,False,0,0,104,2346,21.567307692307693,24.258132824603273,112,23.610526315789475,24.412375954072797,1.033961531715076,0.08653846153846154,1,0,71,False,2,0,0.0,0.009615384615384616,0,13,1.0,11,1.8333333333333333,2.263157894736842,12,30,40,165,42,205,1105.43,33.0,36479.03,0.3685,87.95,772,0,0.0,0.0,0.9134615384615384,vB7KxE9Q.cpp,C:\Users\ad\Downloads\codepython\project\fraud_detection_system\dataset_CPP\human\vB7KxE9Q.cpp,0,2346
3,1.7692307692307692,0,0,0,0,0,3,0,0,0,0,0,0,0,0,0,0,0,0,0,0,3,0,0,0.0,0,0,0,0,0.0,0,0,3,False,0,0,0.0,13,13,0,0,1.0,0.0,11,11,1.0,14,0.5,44,11,3.2714285714285714,0,0,2,0,1.0,True,0.0,1,0.0,1.0,85.0,0.0,0,0,4,0.05970149253731343,5,0,0,0,0,0,0,False,0,0,0,0,0,4,0,0,False,0,0,1,0,False,False,False,False,0,0,74,1209,15.35135135135135,15.395183901566059,68,16.955223880597014,15.316007464459206,0.9033208627806046,0.0945945945945946,1,0,46,False,2,0,0.0,0.0,0,12,1.0,8,1.6,1.7692307692307692,11,24,20,91,35,111,569.35,20.85,11873.33,0.1898,86.53,451,0,0.0,0.0,0.9054054054054054,u1HRPsNn.cpp,C:\Users\ad\Downloads\codepython\project\fraud_detection_system\dataset_CPP\human\u1HRPsNn.cpp,0,1209
4,2.0476190476190474,0,0,0,0,0,5,0,0,0,0,0,0,0,0,0,0,0,0,0,0,8,0,0,0.0,0,0,0,0,0.0,0,0,3,False,0,0,0.0,23,23,0,0,1.0,0.0,15,15,1.0,20,0.5,64,13,4.313725490196078,0,0,3,0,1.0,True,0.0,3,0.0,0.3333333333333333,53.333333333333336,27.956315128349008,1,1,6,0.061224489795918366,6,0,0,0,0,0,0,False,0,0,0,0,0,8,0,0,False,0,0,1,0,False,False,False,False,0,0,108,1967,17.22222222222222,17.82026173755766,71,18.979591836734695,17.79358953120003,0.9375117064825822,0.09259259259259259,1,0,73,False,2,0,0.0,0.0,0,19,1.0,14,2.3333333333333335,2.0476190476190474,12,27,31,132,39,163,861.52,29.33,25271.27,0.2872,77.06,657,0,0.0,0.0,0.9074074074074074,uEdoNL5W.cpp,C:\Users\ad\Downloads\codepython\project\fraud_detection_system\dataset_CPP\human\uEdoNL5W.cpp,0,1967
3,1.9,0,0,0,0,0,2,0,0,0,0,0,0,0,0,0,0,0,0,0,0,2,0,0,0.0,0,0,0,0,0.0,0,0,4,False,0,0,0.0,10,10,0,0,1.0,0.0,10,10,1.0,12,0.5,35,12,3.7704918032786887,0,0,3,1,1.0,True,0.0,2,0.0,1.0,47.5,37.5,0,0,5,0.0847457627118644,4,0,0,0,0,0,0,False,0,0,0,0,0,1,0,0,False,0,0,1,0,False,False,False,False,0,0,68,1108,15.308823529411764,14.435716890592191,68,17.64406779661017,14.105850104897767,0.7994670088270589,0.1323529411764706,2,0,39,False,2,0,0.0,0.0,0,8,1.0,5,1.25,1.9,9,27,15,78,36,93,480.8,13.0,6250.44,0.1603,93.47,386,0,0.0,0.0,0.8676470588235294,uzKwUFVP.cpp,C:\Users\ad\Downloads\codepython\project\fraud_detection_system\dataset_CPP\human\uzKwUFVP.cpp,0,1108
2,1.4166666666666667,0,0,0,0,0,3,0,0,0,0,0,0,0,0,0,0,0,0,0,0,2,0,0,0.0,1,0,0,0,0.0,0,0,2,False,0,0,0.0,6,6,0,0,1.0,0.0,7,7,1.0,32,0.34375,56,17,3.043859649122807,1,5,0,0,0.8333333333333334,False,1.0,1,0.0,1.0,85.0,0.0,0,0,4,0.043010752688172046,7,5,0,0,0,0,0,False,0,0,0,0,0,4,0,0,False,0,0,0,0,False,False,False,False,0,6,107,1568,13.663551401869158,12.69185029942675,56,15.720430107526882,12.369200034457643,0.7868232580058555,0.1308411214953271,1,0,54,False,2,0,0.0,0.0,0,11,1.0,5,0.7142857142857143,1.4166666666666667,9,35,38,153,44,191,1042.75,19.67,20512.41,0.3476,76.07,660,0,0.0,0.0,0.8691588785046729,w1EWlQE2.cpp,C:\Users\ad\Downloads\codepython\project\fraud_detection_system\dataset_CPP\human\w1EWlQE2.cpp,0,1568
4,2.25,0,0,0,0,0,12,0,0,0,0,0,0,0,0,0,0,0,0,0,0,4,0,0,0.0,0,0,0,0,0.0,0,0,3,False,0,0,0.0,42,42,0,0,1.0,0.0,25,23,0.92,36,0.5,91,14,2.8010752688172045,0,0,5,0,1.0,True,0.0,11,0.0,0.9,41.0,30.977411124882597,0,7,14,0.12173913043478261,6,0,0,0,0,0,0,False,0,0,0,0,0,1,0,0,False,0,0,1,0,False,False,False,False,0,0,128,2757,20.546875,19.826142532887605,109,22.869565217391305,19.60590937497314,0.8572926152554795,0.1015625,1,0,91,False,2,0,0.0,0.0078125,0,22,1.0,18,3.0,2.25,11,30,65,218,41,283,1516.19,39.97,60596.95,0.5054,77.64,998,0,0.0,0.0,0.8984375,v07P4sGp.cpp,C:\Users\ad\Downloads\codepython\project\fraud_detection_system\dataset_CPP\human\v07P4sGp.cpp,0,2757
3,2.0,0,0,0,0,0,0,0,0,0,0,0,0,0,0,0,0,0,0,0,0,1,0,0,0.0,0,0,0,0,0.0,0,0,3,False,0,0,0.0,11,11,0,0,1.0,0.0,5,5,1.0,14,0.5,32,5,1.9285714285714286,0,0,0,0,1.0,True,0.0,1,0.0,1.0,85.0,0.0,0,0,4,0.10526315789473684,1,0,0,0,0,0,0,False,0,0,0,0,0,1,0,0,False,0,0,0,0,False,False,False,False,0,0,42,688,15.404761904761905,13.23965818111761,56,17.026315789473685,12.889177104322554,0.7570150385846323,0.09523809523809523,1,0,30,False,2,0,0.0,0.0,0,3,1.0,3,3.0,2.0,9,22,22,58,31,80,396.34,11.86,4701.98,0.1321,100.0,269,0,0.0,0.0,0.9047619047619048,vv9VxA0R.cpp,C:\Users\ad\Downloads\codepython\project\fraud_detection_system\dataset_CPP\human\vv9VxA0R.cpp,0,688
1,1.0,0,0,0,0,0,0,0,0,0,0,0,0,0,0,0,0,0,0,0,0,0,0,0,0.0,0,0,0,0,0.0,0,0,2,False,0,0,0.0,0,0,0,0,0.0,0.0,8,8,1.0,2,0.5,11,18,4.909090909090909,0,0,7,0,1.0,True,0.0,1,0.0,1.0,85.0,0.0,0,0,4,0.07017543859649122,5,2,0,0,0,0,0,False,0,0,0,0,0,1,0,0,False,0,0,0,0,False,False,False,False,0,0,67,1100,15.432835820895523,14.079967648153358,56,18.140350877192983,13.561346769133023,0.7475790772152633,0.14925373134328357,1,0,30,False,2,1,0.03333333333333333,0.0,0,5,1.0,0,0.0,1.0,2,37,15,94,39,109,576.11,2.54,1463.63,0.192,92.4,415,0,0.0,0.0,0.8507462686567164,vDhRpVr1.cpp,C:\Users\ad\Downloads\codepython\project\fraud_detection_system\dataset_CPP\human\vDhRpVr1.cpp,0,1100
0,0.0,0,0,0,0,0,0,0,0,0,0,0,0,0,0,0,0,0,0,0,0,0,0,0,0.0,0,0,0,0,0.0,0,0,1,False,1,1,1.0,0,0,0,0,0.0,0.0,0,0,0.0,0,0.0,2,5,3.4285714285714284,0,3,0,0,1.0,True,0.0,1,0.0,1.0,85.0,0.0,0,0,4,0.16666666666666666,0,7,0,0,0,0,0,False,0,0,0,0,0,0,0,0,True,0,0,0,0,False,False,False,False,1,0,27,364,12.518518518518519,12.641408648565532,56,14.083333333333334,12.559580230069617,0.8918045133777243,0.1111111111111111,1,0,8,False,2,0,0.0,0.0,0,0,1.0,0,0.0,0.0,0,14,0,20,14,20,76.15,0.0,0.0,0.0,100.0,84,0,0.0,0.0,0.8888888888888888,vCPdmjT7.cpp,C:\Users\ad\Downloads\codepython\project\fraud_detection_system\dataset_CPP\human\vCPdmjT7.cpp,0,364
4,2.3529411764705883,0,0,0,0,0,7,0,0,0,0,0,0,0,0,0,0,0,0,0,0,4,0,0,0.0,0,0,0,0,0.0,0,0,3,False,0,0,0.0,21,21,0,0,1.0,0.0,20,18,0.9,24,0.5,43,12,3.2162162162162162,0,0,3,0,1.0,True,0.0,4,0.0,1.0,51.5,40.26474885057648,0,2,7,0.08045977011494253,4,0,0,0,0,0,0,False,0,0,0,0,0,1,0,0,False,0,0,1,0,False,False,False,False,0,0,96,1979,19.625,18.732352806486073,109,21.655172413793103,18.52666769213695,0.8555308329171522,0.09375,1,0,69,False,2,0,0.0,0.0,0,15,1.0,13,3.25,2.3529411764705883,7,28,34,139,35,173,887.37,17.38,15417.98,0.2958,81.63,666,0,0.0,0.0,0.90625,wFqKUAK8.cpp,C:\Users\ad\Downloads\codepython\project\fraud_detection_system\dataset_CPP\human\wFqKUAK8.cpp,0,1979
3,1.6666666666666667,0,0,0,0,0,1,0,0,0,0,0,0,0,0,0,0,0,0,0,0,2,0,0,0.0,0,0,0,0,0.0,0,0,3,False,0,0,0.0,10,10,0,0,1.0,0.0,9,9,1.0,6,0.5,27,7,2.3181818181818183,0,0,0,0,1.0,True,0.0,1,0.0,1.0,85.0,0.0,0,0,4,0.0975609756097561,3,0,0,0,0,0,0,False,0,0,0,0,0,2,0,0,False,0,0,1,0,False,False,False,False,0,0,46,745,15.217391304347826,14.852774654381497,68,17.073170731707318,14.690946679390827,0.8604697340786055,0.10869565217391304,1,0,26,False,2,0,0.0,0.0,0,5,1.0,4,1.3333333333333333,1.6666666666666667,8,17,13,57,25,70,325.07,13.41,4359.76,0.1084,100.0,289,0,0.0,0.0,0.8913043478260869,wIVNed1n.cpp,C:\Users\ad\Downloads\codepython\project\fraud_detection_system\dataset_CPP\human\wIVNed1n.cpp,0,745
4,2.0,0,0,0,0,0,5,0,0,0,0,0,0,0,0,0,0,0,0,0,0,5,0,0,0.0,0,0,0,0,0.0,0,0,3,False,0,0,0.0,17,17,0,0,1.0,0.0,19,19,1.0,20,0.5,61,13,3.4329896907216493,0,0,5,0,1.0,True,0.0,4,0.0,0.5,43.5,33.185087012090236,0,0,7,0.08641975308641975,6,0,0,0,0,0,0,False,0,0,0,0,0,4,0,0,False,0,0,1,0,False,False,False,False,0,0,90,1672,17.58888888888889,17.955435230619933,72,19.54320987654321,17.8892680309829,0.9153700003219299,0.1,2,0,56,False,2,0,0.0,0.0,0,16,1.0,11,1.8333333333333333,2.0,12,24,25,118,36,143,739.3,29.5,21809.33,0.2464,84.92,579,0,0.0,0.0,0.9,wMCYYlq5.cpp,C:\Users\ad\Downloads\codepython\project\fraud_detection_system\dataset_CPP\human\wMCYYlq5.cpp,0,1672
3,2.0714285714285716,0,0,0,0,0,6,0,0,0,0,0,0,0,0,0,0,0,0,0,0,2,0,0,0.0,0,0,0,0,0.0,0,0,3,False,0,0,0.0,19,19,0,0,1.0,0.0,19,17,0.8947368421052632,18,0.5,36,10,3.556701030927835,0,0,3,0,1.0,True,0.0,4,0.0,1.0,51.5,40.26474885057648,0,2,7,0.09722222222222222,4,0,0,0,0,0,0,False,0,0,0,0,0,1,0,0,False,0,0,1,0,False,False,False,False,0,0,82,1714,19.914634146341463,20.55640735641168,109,22.680555555555557,20.45783359124112,0.9019987866315741,0.12195121951219512,1,0,54,False,2,0,0.0,0.0,0,12,1.0,10,2.5,2.0714285714285716,8,24,28,122,32,150,750.0,20.33,15250.0,0.25,88.22,592,0,0.0,0.0,0.8780487804878049,wUPHQp2h.cpp,C:\Users\ad\Downloads\codepython\project\fraud_detection_system\dataset_CPP\human\wUPHQp2h.cpp,0,1714
1,1.0,0,0,0,0,0,0,0,0,0,0,0,0,0,0,0,0,0,0,0,0,1,0,0,0.0,1,0,0,0,0.0,0,0,0,False,0,0,0.0,1,1,0,0,1.0,0.0,0,0,0.0,2,0.0,8,3,2.1818181818181817,0,1,0,0,1.0,True,0.0,1,0.0,1.0,85.0,0.0,0,0,4,0.2857142857142857,1,0,0,0,0,0,0,False,0,0,0,0,0,2,0,0,False,0,0,0,0,False,False,False,False,0,0,17,250,13.764705882352942,14.350771292101363,56,16.714285714285715,14.169527522259932,0.8477495098787993,0.17647058823529413,1,0,9,False,2,0,0.0,0.0,0,1,1.0,1,1.0,1.0,3,7,6,15,10,21,69.76,3.21,224.23,0.0233,100.0,69,0,0.0,0.0,0.8235294117647058,v6qzX2Xg.cpp,C:\Users\ad\Downloads\codepython\project\fraud_detection_system\dataset_CPP\human\v6qzX2Xg.cpp,0,250
2,1.2,0,0,0,0,0,1,0,0,0,0,0,0,0,0,0,0,0,0,0,0,2,0,0,0.0,0,0,0,0,0.0,0,0,2,False,0,0,0.0,10,10,0,0,1.0,0.0,9,9,1.0,6,0.5,25,8,3.4651162790697674,0,1,0,0,1.0,True,1.0,4,0.0,0.25,28.0,32.96209944769902,0,3,7,0.1891891891891892,4,0,0,0,0,0,0,False,0,0,0,0,0,6,0,0,False,0,0,0,0,False,False,False,False,0,0,46,792,16.23913043478261,17.74724079302457,56,19.945945945945947,17.90205476043817,0.8975284906994745,0.1956521739130435,3,0,21,False,2,0,0.0,0.043478260869565216,0,2,1.0,3,0.75,1.2,8,20,13,60,28,73,350.94,12.0,4211.24,0.117,100.0,277,0,0.0,0.0,0.8043478260869565,vajlcuSS.cpp,C:\Users\ad\Downloads\codepython\project\fraud_detection_system\dataset_CPP\human\vajlcuSS.cpp,0,792
3,2.0,0,0,0,0,0,0,0,0,0,0,0,0,0,0,0,0,0,0,0,0,2,0,0,0.0,0,0,0,0,0.0,0,0,3,False,0,0,0.0,8,8,0,0,1.0,0.0,3,3,1.0,6,0.5,6,6,5.083333333333333,0,0,0,0,1.0,True,0.0,2,0.0,0.5,68.5,16.5,1,1,5,0.15151515151515152,1,0,0,0,0,0,0,False,0,0,0,0,0,1,0,0,False,0,0,0,0,False,False,False,False,0,0,38,677,16.842105263157894,15.865431332218508,58,19.393939393939394,15.503546796428688,0.7994016316908542,0.13157894736842105,1,0,25,False,2,0,0.0,0.0,0,3,1.0,4,4.0,2.0,9,15,14,38,24,52,238.42,11.4,2717.97,0.0795,100.0,185,0,0.0,0.0,0.868421052631579,xAMAc2Tx.cpp,C:\Users\ad\Downloads\codepython\project\fraud_detection_system\dataset_CPP\human\xAMAc2Tx.cpp,0,677
4,2.25,0,0,0,0,0,6,0,0,0,0,0,0,0,0,0,0,0,0,0,0,4,0,0,0.0,0,0,0,0,0.0,0,0,3,False,0,0,0.0,26,26,0,0,1.0,0.0,19,17,0.8947368421052632,28,0.5,43,13,3.3135593220338984,0,0,3,0,1.0,True,0.0,4,0.0,1.0,51.5,40.26474885057648,0,2,7,0.08139534883720931,4,0,0,0,0,0,0,False,0,0,0,0,0,2,0,0,False,0,0,1,0,False,False,False,False,0,0,97,2004,19.670103092783506,19.65617955846793,109,22.186046511627907,19.49270085687233,0.8786018205927779,0.1134020618556701,1,0,68,False,2,0,0.0,0.0,0,14,1.0,12,3.0,2.25,11,29,39,144,40,183,973.91,27.31,26597.9,0.3246,81.68,673,0,0.0,0.0,0.8865979381443299,vzc7AWmQ.cpp,C:\Users\ad\Downloads\codepython\project\fraud_detection_system\dataset_CPP\human\vzc7AWmQ.cpp,0,2004
3,1.7272727272727273,0,0,0,0,0,3,0,0,0,0,0,0,0,0,0,0,0,0,0,0,2,0,0,0.0,0,0,0,0,0.0,0,0,3,False,0,0,0.0,11,11,0,0,1.0,0.0,11,11,1.0,14,0.5,43,12,3.267605633802817,0,0,2,0,1.0,True,0.0,1,0.0,1.0,85.0,0.0,0,0,4,0.06779661016949153,5,0,0,0,0,0,0,False,0,0,0,0,0,3,0,0,False,0,0,1,0,False,False,False,False,0,0,66,1141,16.303030303030305,16.381780064754583,68,18.23728813559322,16.27657043692449,0.8924885276752276,0.10606060606060606,1,0,38,False,2,0,0.0,0.0,0,10,1.0,6,1.2,1.7272727272727273,8,23,17,86,31,103,510.28,14.96,7632.05,0.1701,90.77,442,0,0.0,0.0,0.8939393939393939,wwnKqXEL.cpp,C:\Users\ad\Downloads\codepython\project\fraud_detection_system\dataset_CPP\human\wwnKqXEL.cpp,0,1141
4,2.2916666666666665,0,0,0,0,0,10,0,0,0,0,0,0,0,0,0,0,0,0,0,0,6,0,0,0.0,0,0,0,0,0.0,0,0,3,False,0,0,0.0,29,29,0,0,1.0,0.0,27,25,0.9259259259259259,34,0.5,67,15,3.254777070063694,0,0,6,0,1.0,True,0.0,4,0.0,1.0,51.5,40.26474885057648,0,2,7,0.06363636363636363,6,0,0,0,0,0,0,False,0,0,0,0,0,6,1,0,False,0,0,1,0,False,False,False,False,0,0,123,2531,19.585365853658537,19.196428711420648,109,21.9,19.009543057967683,0.8680156647473828,0.10569105691056911,3,0,86,False,2,0,0.0,0.35772357723577236,0,22,1.0,19,3.1666666666666665,2.2916666666666665,10,31,46,191,41,237,1269.74,30.81,39116.18,0.4232,72.37,898,0,0.0,0.0,0.8943089430894309,wuSQx4gT.cpp,C:\Users\ad\Downloads\codepython\project\fraud_detection_system\dataset_CPP\human\wuSQx4gT.cpp,0,2531
3,2.0714285714285716,0,0,0,0,0,5,0,0,0,0,0,0,0,0,0,0,0,0,0,0,3,0,0,0.0,0,0,0,0,0.0,0,0,3,False,0,0,0.0,24,24,0,0,1.0,0.0,19,17,0.8947368421052632,22,0.5,38,12,3.2735849056603774,0,0,3,0,1.0,True,0.0,4,0.0,1.0,51.5,40.26474885057648,0,2,7,0.0945945945945946,4,0,0,0,0,0,0,False,0,0,0,0,0,2,0,0,False,0,0,1,0,False,False,False,False,0,0,84,1735,19.666666666666668,19.934018143993928,109,22.324324324324323,19.792237154260487,0.8865772090891502,0.11904761904761904,1,0,56,False,2,0,0.0,0.0,0,12,1.0,10,2.5,2.0714285714285716,10,28,33,130,38,163,855.41,23.21,19857.78,0.2851,86.8,611,0,0.0,0.0,0.8809523809523809,whfxWHWg.cpp,C:\Users\ad\Downloads\codepython\project\fraud_detection_system\dataset_CPP\human\whfxWHWg.cpp,0,1735
3,2.0,0,0,0,0,0,0,0,0,0,0,0,0,0,0,0,0,0,0,0,0,1,0,0,0.0,0,0,0,0,0.0,0,0,3,False,0,0,0.0,7,5,2,0,0.7142857142857143,0.2857142857142857,4,4,1.0,6,0.5,16,5,2.25,0,0,0,0,1.0,True,0.0,1,0.0,1.0,85.0,0.0,0,0,4,0.12903225806451613,1,0,0,0,0,0,0,False,0,0,0,0,0,1,0,0,False,0,0,0,0,False,False,False,False,0,0,34,553,15.294117647058824,13.97588135022514,56,16.774193548387096,13.762289938438144,0.8204442078684279,0.08823529411764706,1,0,23,False,2,0,0.0,0.0,0,3,1.0,3,3.0,2.0,8,17,12,37,25,49,227.55,8.71,1981.01,0.0758,100.0,185,0,0.0,0.0,0.9117647058823529,x0t9mdyO.cpp,C:\Users\ad\Downloads\codepython\project\fraud_detection_system\dataset_CPP\human\x0t9mdyO.cpp,0,553
3,1.8,0,0,0,0,0,3,0,0,0,0,0,0,0,0,0,0,0,0,0,0,3,0,0,0.0,0,0,0,0,0.0,0,0,3,False,0,0,0.0,12,12,0,0,1.0,0.0,11,11,1.0,12,0.5,42,10,2.3582089552238807,0,0,1,0,1.0,True,0.0,1,0.0,1.0,85.0,0.0,0,0,4,0.07017543859649122,4,0,0,0,0,0,0,False,0,0,0,0,0,1,0,0,False,0,0,1,0,False,False,False,False,0,0,64,1131,16.6875,18.267863688729452,106,18.666666666666668,18.402262764502662,0.985835505241214,0.109375,1,0,39,False,2,0,0.0,0.015625,0,9,1.0,7,1.75,1.8,9,22,18,86,31,104,515.24,17.59,9063.48,0.1717,91.37,432,0,0.0,0.0,0.890625,xNOX5a9H.cpp,C:\Users\ad\Downloads\codepython\project\fraud_detection_system\dataset_CPP\human\xNOX5a9H.cpp,0,1131
3,1.8,0,0,0,0,0,0,0,0,0,0,0,0,0,0,0,0,0,0,0,0,4,0,0,0.0,0,0,0,0,0.0,0,0,2,False,0,0,0.0,2,2,0,0,1.0,0.0,6,6,1.0,6,0.0,0,10,6.564102564102564,0,0,3,0,1.0,True,0.0,1,0.0,1.0,85.0,0.0,0,0,4,0.07547169811320754,4,0,0,0,0,0,0,False,0,0,0,0,0,4,0,0,False,0,0,0,0,False,False,False,True,1,0,57,1025,17.0,17.226051262702754,66,18.28301886792453,17.19519169132845,0.9405006807434549,0.07017543859649122,1,0,37,False,2,0,0.0,0.0,0,8,1.0,4,1.0,1.8,1,23,2,57,24,59,270.51,1.24,335.2,0.0902,97.28,329,0,0.0,0.0,0.9298245614035088,wenIc9AV.cpp,C:\Users\ad\Downloads\codepython\project\fraud_detection_system\dataset_CPP\human\wenIc9AV.cpp,0,1025
3,2.0,0,0,0,0,0,0,0,0,0,0,0,0,0,0,0,0,0,0,0,0,1,0,0,0.0,0,0,0,0,0.0,0,0,2,False,0,0,0.0,5,5,0,0,1.0,0.0,2,1,0.5,8,0.5,20,4,2.0,0,0,0,0,1.0,True,0.0,1,0.0,1.0,85.0,0.0,0,0,4,0.125,1,0,0,0,0,0,0,False,0,0,0,0,0,1,0,0,False,0,0,0,0,False,False,False,False,0,0,36,541,14.055555555555555,14.243798737314982,67,15.8125,14.15856079373889,0.895403054149495,0.1111111111111111,1,0,25,False,2,0,0.0,0.0,0,3,1.0,3,3.0,2.0,7,14,12,36,21,48,210.83,9.0,1897.48,0.0703,100.0,174,0,0.0,0.0,0.8888888888888888,x5beSxoE.cpp,C:\Users\ad\Downloads\codepython\project\fraud_detection_system\dataset_CPP\human\x5beSxoE.cpp,0,541
3,2.0714285714285716,0,0,0,0,0,6,0,0,0,0,0,0,0,0,0,0,0,0,0,0,2,0,0,0.0,0,0,0,0,0.0,0,0,3,False,0,0,0.0,19,19,0,0,1.0,0.0,20,18,0.9,20,0.5,42,11,3.292452830188679,0,0,3,0,1.0,True,0.0,4,0.0,1.0,51.5,40.26474885057648,0,2,7,0.0958904109589041,4,0,0,0,0,0,0,False,0,0,0,0,0,1,1,0,False,0,0,1,0,False,False,False,False,0,0,83,1750,20.096385542168676,20.239895267260405,109,22.84931506849315,20.07156458800162,0.8784317835276488,0.12048192771084337,2,0,55,False,2,0,0.0,0.1566265060240964,0,12,1.0,11,2.75,2.0714285714285716,8,27,31,131,35,162,830.94,19.41,16126.47,0.277,87.08,622,0,0.0,0.0,0.8795180722891566,xM1BkdOk.cpp,C:\Users\ad\Downloads\codepython\project\fraud_detection_system\dataset_CPP\human\xM1BkdOk.cpp,0,1750
2,1.5714285714285714,0,0,0,0,0,2,0,0,0,0,0,0,0,0,0,0,0,0,0,0,2,0,0,0.0,1,1,0,0,0.0,0,0,1,False,1,1,1.0,16,16,0,0,1.0,0.0,4,4,1.0,8,0.5,30,7,2.255813953488372,0,0,2,0,1.0,True,0.0,5,0.0,0.6,41.4,24.605690398767518,0,1,8,0.18604651162790697,3,0,0,0,0,0,0,False,0,0,0,0,0,1,0,0,True,0,0,0,0,False,False,False,False,1,0,50,885,16.72,17.532871983790905,71,19.441860465116278,17.450664444711705,0.8975820228739275,0.14,1,0,28,False,2,0,0.0,0.02,0,6,1.0,5,1.6666666666666667,1.5714285714285714,8,17,21,55,25,76,352.93,12.94,4567.37,0.1176,100.0,292,0,0.0,0.0,0.86,xWx2qKJ0.cpp,C:\Users\ad\Downloads\codepython\project\fraud_detection_system\dataset_CPP\human\xWx2qKJ0.cpp,0,885
3,2.125,0,0,0,0,0,5,0,0,0,0,0,0,0,0,0,0,0,0,0,0,4,0,0,0.0,0,0,0,0,0.0,0,0,3,False,0,0,0.0,26,26,0,0,1.0,0.0,21,19,0.9047619047619048,24,0.5,42,12,3.2972972972972974,0,0,3,0,1.0,True,0.0,4,0.0,1.0,51.5,40.26474885057648,0,2,7,0.08235294117647059,4,0,0,0,0,0,0,False,0,0,0,0,0,2,0,0,False,0,0,1,0,False,False,False,False,0,0,97,2000,19.628865979381445,19.891105398436995,109,22.4,19.734234213670415,0.8809925988245721,0.12371134020618557,1,0,67,False,2,0,0.0,0.0,0,13,1.0,12,3.0,2.125,7,30,37,141,37,178,927.28,16.45,15253.8,0.3091,82.25,676,0,0.0,0.0,0.8762886597938144,xI3VuLot.cpp,C:\Users\ad\Downloads\codepython\project\fraud_detection_system\dataset_CPP\human\xI3VuLot.cpp,0,2000
3,1.9166666666666667,0,0,0,0,0,4,0,0,0,0,0,0,0,0,0,0,0,0,0,0,4,0,0,0.0,0,0,0,0,0.0,0,0,3,False,0,0,0.0,16,16,0,0,1.0,0.0,11,11,1.0,16,0.5625,51,11,2.825,0,0,0,0,1.0,True,0.0,6,0.0,0.16666666666666666,36.0,22.861904265976328,0,4,9,0.1323529411764706,4,0,0,0,0,0,0,False,0,0,0,0,0,3,0,0,False,0,0,1,0,False,False,False,False,0,0,74,1455,18.675675675675677,18.32300880233619,71,20.323529411764707,18.217187405168154,0.8963594381703578,0.08108108108108109,1,0,50,False,2,1,0.02,0.013513513513513514,0,10,1.0,9,2.25,1.9166666666666667,10,24,27,99,34,126,641.02,20.62,13221.04,0.2137,93.68,487,0,0.0,0.0,0.918918918918919,xBErFisg.cpp,C:\Users\ad\Downloads\codepython\project\fraud_detection_system\dataset_CPP\human\xBErFisg.cpp,0,1455
4,1.962962962962963,0,0,0,0,0,14,0,0,0,0,0,0,0,0,0,0,0,0,0,0,3,0,0,0.0,0,0,0,0,0.0,0,0,3,False,0,0,0.0,29,29,0,0,1.0,0.0,38,34,0.8947368421052632,34,0.5,109,17,3.078602620087336,0,0,7,0,1.0,True,0.0,12,0.0,0.3333333333333333,26.166666666666668,29.35084704437373,0,10,15,0.11029411764705882,8,0,0,0,0,0,0,False,0,0,0,0,0,1,0,0,False,0,0,1,0,False,False,False,False,0,0,149,3062,19.55704697986577,18.678265929290916,109,21.426470588235293,18.497866471943215,0.8633184077502668,0.087248322147651,1,0,106,False,2,5,0.04716981132075472,0.08053691275167785,0,25,1.0,19,2.375,1.962962962962963,10,32,78,260,42,338,1822.6,40.62,74043.26,0.6075,72.61,1202,0,0.0,0.0,0.912751677852349,xByPVV0h.cpp,C:\Users\ad\Downloads\codepython\project\fraud_detection_system\dataset_CPP\human\xByPVV0h.cpp,0,3062
2,1.6666666666666667,0,0,0,0,0,0,0,0,0,0,0,0,0,0,0,0,0,0,0,0,3,0,0,0.0,0,0,0,0,0.0,0,0,2,False,0,0,0.0,6,6,0,0,1.0,0.0,3,3,1.0,8,0.5,11,6,2.8275862068965516,0,0,0,0,1.0,True,0.0,1,0.0,1.0,85.0,0.0,0,0,4,0.125,1,0,0,0,0,0,0,False,0,0,0,0,0,1,0,0,False,0,0,0,0,False,False,False,False,0,0,37,598,15.18918918918919,14.118873390928625,56,17.5625,13.740763943463987,0.7823922530086256,0.13513513513513514,2,0,25,False,2,4,0.16,0.0,0,1,1.0,5,5.0,1.6666666666666667,9,16,14,42,25,56,260.06,11.81,3071.91,0.0867,100.0,201,0,0.0,0.0,0.8648648648648649,yErdiZSS.cpp,C:\Users\ad\Downloads\codepython\project\fraud_detection_system\dataset_CPP\human\yErdiZSS.cpp,0,598
3,1.8,0,0,0,0,0,3,0,0,0,0,0,0,0,0,0,0,0,0,0,0,3,0,0,0.0,0,0,0,0,0.0,0,0,3,False,0,0,0.0,20,20,0,0,1.0,0.0,11,11,1.0,12,0.5,44,9,2.3088235294117645,0,0,1,0,1.0,True,0.0,1,0.0,1.0,85.0,0.0,0,0,4,0.07017543859649122,4,0,0,0,0,0,0,False,0,0,0,0,0,1,0,0,False,0,0,1,0,False,False,False,False,0,0,65,1113,16.138461538461538,16.3282453935852,69,18.333333333333332,16.26786018054622,0.8873378280297938,0.12307692307692308,2,0,39,False,2,0,0.0,0.015384615384615385,0,9,1.0,7,1.75,1.8,12,22,26,94,34,120,610.5,25.64,15650.89,0.2035,90.49,457,0,0.0,0.0,0.8769230769230769,yKeqruBa.cpp,C:\Users\ad\Downloads\codepython\project\fraud_detection_system\dataset_CPP\human\yKeqruBa.cpp,0,1113
3,1.6363636363636365,0,0,0,0,0,2,0,0,0,0,0,0,0,0,0,0,0,0,0,0,10,0,0,0.0,1,1,0,0,0.0,0,0,3,False,0,0,0.0,30,30,0,0,1.0,0.0,60,60,1.0,10,0.5,137,20,2.6307692307692307,0,0,9,2,1.0,True,0.0,13,0.16666666666666666,0.25,33.916666666666664,72.09537471679828,3,0,23,0.17692307692307693,10,0,0,0,0,0,0,False,0,0,0,0,0,13,3,0,False,0,0,0,0,False,False,False,False,0,0,154,2293,13.896103896103897,16.646503798590214,69,16.46153846153846,16.912514186089382,1.027395721584869,0.15584415584415584,2,76,0,False,2,62,0.8157894736842105,0.006493506493506494,0,22,1.0,15,1.5,1.6363636363636365,11,37,41,230,48,271,1513.52,34.19,51746.19,0.5045,80.94,1004,0,0.0,0.0,0.8441558441558441,xZ6u7vJw.cpp,C:\Users\ad\Downloads\codepython\project\fraud_detection_system\dataset_CPP\human\xZ6u7vJw.cpp,0,2293
3,1.6,0,0,0,0,0,0,0,0,0,0,0,0,0,0,0,0,0,0,0,0,1,0,0,0.0,0,0,0,0,0.0,0,0,2,False,0,0,0.0,2,2,0,0,1.0,0.0,4,4,1.0,6,0.5,0,9,4.909090909090909,0,0,4,0,1.0,True,0.0,2,0.0,1.0,61.5,23.5,0,0,5,0.125,3,2,0,0,0,0,0,False,0,0,0,0,0,1,0,0,False,0,0,0,0,False,False,False,False,0,2,51,790,14.509803921568627,15.450582258232727,63,18.4,15.291827882892223,0.8310776023310992,0.21568627450980393,3,0,20,False,2,0,0.0,0.0196078431372549,0,4,1.0,2,0.6666666666666666,1.6,3,17,10,50,20,60,259.32,4.41,1144.04,0.0864,100.0,245,0,0.0,0.0,0.7843137254901961,z7T3P2oX.cpp,C:\Users\ad\Downloads\codepython\project\fraud_detection_system\dataset_CPP\human\z7T3P2oX.cpp,0,790
4,2.0,0,0,0,0,0,4,0,0,0,0,0,0,0,0,0,0,0,0,0,0,2,0,0,0.0,0,0,0,0,0.0,0,0,3,False,0,0,0.0,14,14,0,0,1.0,0.0,14,14,1.0,12,0.5,57,8,1.974025974025974,0,0,1,0,1.0,True,0.0,1,0.0,1.0,85.0,0.0,0,0,4,0.07017543859649122,4,0,0,0,0,0,0,False,0,0,0,0,0,1,0,0,False,0,0,1,0,False,False,False,False,0,0,64,1153,17.03125,18.630426013312203,84,19.12280701754386,18.700849193063537,0.9779343156005703,0.109375,1,0,39,False,2,0,0.0,0.015625,0,10,1.0,7,1.75,2.0,9,22,22,92,31,114,564.78,18.82,10628.1,0.1883,90.89,442,0,0.0,0.0,0.890625,yqoaEh6Z.cpp,C:\Users\ad\Downloads\codepython\project\fraud_detection_system\dataset_CPP\human\yqoaEh6Z.cpp,0,1153
3,1.75,0,0,0,0,0,3,0,0,0,0,0,0,0,0,0,0,0,0,0,0,3,0,0,0.0,0,0,0,0,0.0,0,0,3,False,0,0,0.0,13,13,0,0,1.0,0.0,11,11,1.0,16,0.5,46,13,3.1733333333333333,0,0,3,0,1.0,True,0.0,2,0.0,0.5,82.0,3.0,0,0,9,0.1267605633802817,5,0,0,0,0,0,0,False,0,0,0,0,0,4,0,0,False,0,0,1,0,False,False,False,False,0,0,78,1307,15.76923076923077,15.84453564055111,73,17.323943661971832,15.775515569697992,0.9106191914215914,0.08974358974358974,1,0,45,False,2,0,0.0,0.0,0,11,1.0,7,1.4,1.75,11,26,21,95,37,116,604.3,20.1,12144.04,0.2014,93.23,461,0,0.0,0.0,0.9102564102564102,z2KYLqJO.cpp,C:\Users\ad\Downloads\codepython\project\fraud_detection_system\dataset_CPP\human\z2KYLqJO.cpp,0,1307
3,1.7142857142857142,0,0,0,0,0,2,0,0,0,0,0,0,0,0,0,0,0,0,0,0,1,0,0,0.0,0,0,0,0,0.0,0,0,3,False,0,0,0.0,8,8,0,0,1.0,0.0,8,8,1.0,8,0.5,28,7,2.25,0,0,0,0,1.0,True,0.0,1,0.0,1.0,85.0,0.0,0,0,4,0.0975609756097561,3,0,0,0,0,0,0,False,0,0,0,0,0,1,0,0,False,0,0,1,0,False,False,False,False,0,0,47,746,14.893617021276595,15.255601053806496,68,17.073170731707318,15.15189796354503,0.8874683092933517,0.1276595744680851,1,0,26,False,2,0,0.0,0.0,0,6,1.0,4,1.3333333333333333,1.7142857142857142,6,17,12,55,23,67,303.08,9.71,2941.65,0.101,100.0,283,0,0.0,0.0,0.8723404255319149,xaXB8GXH.cpp,C:\Users\ad\Downloads\codepython\project\fraud_detection_system\dataset_CPP\human\xaXB8GXH.cpp,0,746
4,2.176470588235294,0,0,0,0,0,6,0,0,0,0,0,0,0,0,0,0,0,0,0,0,4,0,0,0.0,0,0,0,0,0.0,0,0,3,False,0,0,0.0,20,20,0,0,1.0,0.0,18,16,0.8888888888888888,22,0.5,36,11,3.5346534653465347,0,0,3,0,1.0,True,0.0,4,0.0,1.0,51.5,40.26474885057648,0,2,7,0.08433734939759036,4,0,0,0,0,0,0,False,0,0,0,0,0,2,0,0,False,0,0,1,0,False,False,False,False,0,0,93,1857,18.978494623655912,19.577240733134214,109,21.265060240963855,19.51464345904686,0.9176857830599939,0.10752688172043011,1,0,65,False,2,0,0.0,0.0,0,14,1.0,12,3.0,2.176470588235294,7,26,30,128,33,158,797.01,17.23,13733.17,0.2657,83.66,625,0,0.0,0.0,0.8924731182795699,yAgzZqAL.cpp,C:\Users\ad\Downloads\codepython\project\fraud_detection_system\dataset_CPP\human\yAgzZqAL.cpp,0,1857
3,2.125,0,0,0,0,0,5,0,0,0,0,0,0,0,0,0,0,0,0,0,0,4,0,0,0.0,0,0,0,0,0.0,0,0,3,False,0,0,0.0,27,27,0,0,1.0,0.0,20,18,0.9,22,0.5,44,11,3.409090909090909,0,0,3,0,1.0,True,0.0,4,0.0,1.0,51.5,40.26474885057648,0,2,7,0.08536585365853659,4,0,0,0,0,0,0,False,0,0,0,0,0,2,0,0,False,0,0,1,0,False,False,False,False,0,0,94,1975,20.02127659574468,20.606742711520756,109,22.951219512195124,20.482534165231197,0.8924377266466302,0.1276595744680851,1,0,64,False,2,0,0.0,0.0,0,13,1.0,12,3.0,2.125,9,29,37,141,38,178,934.13,21.88,20438.14,0.3114,83.15,676,0,0.0,0.0,0.8723404255319149,xgO473IW.cpp,C:\Users\ad\Downloads\codepython\project\fraud_detection_system\dataset_CPP\human\xgO473IW.cpp,0,1975
3,2.066666666666667,0,0,0,0,0,5,0,0,0,0,0,0,0,0,0,0,0,0,0,0,3,0,0,0.0,0,0,0,0,0.0,0,0,3,False,0,0,0.0,25,25,0,0,1.0,0.0,21,18,0.8571428571428571,24,0.5,42,12,3.1621621621621623,0,0,3,0,1.0,True,0.0,4,0.0,1.0,51.5,40.26474885057648,0,2,7,0.08536585365853659,4,0,0,0,0,0,0,False,0,0,0,0,0,2,0,0,False,0,0,1,0,False,False,False,False,0,0,94,1945,19.70212765957447,19.80158482118317,109,22.585365853658537,19.605220322417736,0.8680497118997054,0.1276595744680851,1,0,64,False,2,0,0.0,0.0,0,12,1.0,11,2.75,2.066666666666667,8,30,36,140,38,176,923.64,18.67,17241.19,0.3079,83.44,665,0,0.0,0.0,0.8723404255319149,zK6kk2VV.cpp,C:\Users\ad\Downloads\codepython\project\fraud_detection_system\dataset_CPP\human\zK6kk2VV.cpp,0,1945
1,1.0,0,0,0,0,0,0,0,0,0,0,0,0,0,0,0,0,0,0,0,0,0,0,0,0.0,0,0,0,0,0.0,0,0,2,False,0,0,0.0,0,0,0,0,0.0,0.0,6,5,0.8333333333333334,6,0.5,0,10,4.4,0,0,2,0,1.0,True,0.0,1,0.0,1.0,85.0,0.0,0,0,4,0.11764705882352941,3,1,0,0,0,0,0,False,0,0,0,0,0,1,0,0,False,0,0,0,0,False,False,False,False,0,2,42,612,13.595238095238095,13.901112534801502,56,16.794117647058822,13.600993501265016,0.8098665132101761,0.19047619047619047,1,0,15,False,2,1,0.06666666666666667,0.0,0,3,1.0,0,0.0,1.0,2,18,9,51,20,60,259.32,2.83,734.73,0.0864,100.0,236,0,0.0,0.0,0.8095238095238095,ySquXEW6.cpp,C:\Users\ad\Downloads\codepython\project\fraud_detection_system\dataset_CPP\human\ySquXEW6.cpp,0,612
4,2.176470588235294,0,0,0,0,0,6,0,0,0,0,0,0,0,0,0,0,0,0,0,0,4,0,0,0.0,0,0,0,0,0.0,0,0,3,False,0,0,0.0,21,21,0,0,1.0,0.0,19,17,0.8947368421052632,20,0.5,42,13,3.6055045871559632,0,0,4,0,1.0,True,0.0,4,0.0,1.0,51.5,40.26474885057648,0,2,7,0.08333333333333333,5,0,0,0,0,0,0,False,0,0,0,0,0,2,0,0,False,0,0,1,0,False,False,False,False,0,0,93,1940,19.870967741935484,19.842512092984844,109,22.0,19.724893626365354,0.8965860739256979,0.0967741935483871,1,0,63,False,2,0,0.0,0.03225806451612903,0,15,1.0,12,2.4,2.176470588235294,7,28,34,135,35,169,866.85,16.88,14628.07,0.2889,82.91,658,0,0.0,0.0,0.9032258064516129,yfcdI7kz.cpp,C:\Users\ad\Downloads\codepython\project\fraud_detection_system\dataset_CPP\human\yfcdI7kz.cpp,0,1940
3,2.0714285714285716,0,0,0,0,0,6,0,0,0,0,0,0,0,0,0,0,0,0,0,0,2,0,0,0.0,0,0,0,0,0.0,0,0,3,False,0,0,0.0,19,19,0,0,1.0,0.0,19,17,0.8947368421052632,18,0.5,36,10,3.515463917525773,0,0,3,0,1.0,True,0.0,4,0.0,1.0,51.5,40.26474885057648,0,2,7,0.09722222222222222,4,0,0,0,0,0,0,False,0,0,0,0,0,1,0,0,False,0,0,1,0,False,False,False,False,0,0,82,1708,19.841463414634145,20.436379274676263,109,22.59722222222222,20.33173472009694,0.8997448677608971,0.12195121951219512,1,0,54,False,2,0,0.0,0.0,0,12,1.0,10,2.5,2.0714285714285716,8,24,28,122,32,150,750.0,20.33,15250.0,0.25,88.22,592,0,0.0,0.0,0.8780487804878049,zUJUeACQ.cpp,C:\Users\ad\Downloads\codepython\project\fraud_detection_system\dataset_CPP\human\zUJUeACQ.cpp,0,1708
4,2.0,0,0,0,0,0,5,0,0,0,0,0,0,0,0,0,0,0,0,0,0,6,0,0,0.0,0,0,0,0,0.0,0,0,3,False,0,0,0.0,19,19,0,0,1.0,0.0,15,15,1.0,16,0.5,65,12,2.752688172043011,0,0,4,0,1.0,True,0.0,1,0.0,1.0,85.0,0.0,0,0,4,0.046511627906976744,6,0,0,0,0,0,0,False,0,0,0,0,0,5,0,0,False,0,0,1,0,False,False,False,False,0,0,94,1541,15.404255319148936,14.97254164024447,68,16.837209302325583,14.862830542897616,0.882737173127897,0.0851063829787234,1,0,62,False,2,0,0.0,0.0,0,17,1.0,12,2.0,2.0,12,25,29,119,37,148,771.0,28.56,22019.73,0.257,77.91,592,0,0.0,0.0,0.9148936170212766,zF922QdI.cpp,C:\Users\ad\Downloads\codepython\project\fraud_detection_system\dataset_CPP\human\zF922QdI.cpp,0,1541
2,1.5,0,0,0,0,0,0,0,0,0,0,0,0,0,0,0,0,0,0,0,0,1,0,0,0.0,1,0,0,0,0.0,0,0,0,False,0,0,0.0,1,1,0,0,1.0,0.0,0,0,0.0,2,0.5,5,6,3.3333333333333335,0,1,1,0,0.5,False,0.0,7,0.42857142857142855,0.8571428571428571,29.857142857142858,23.57618999528714,0,4,10,0.5555555555555556,1,0,0,0,0,0,0,False,0,0,0,0,0,2,0,0,False,0,0,0,0,False,False,False,False,0,0,20,484,23.25,20.134237010624464,56,25.833333333333332,19.58811998238842,0.7582498057698743,0.1,1,0,13,False,2,0,0.0,0.0,0,2,1.0,1,1.0,1.5,3,10,5,17,13,22,81.41,2.55,207.59,0.0271,100.0,94,0,0.0,0.0,0.9,zNvCX2l0.cpp,C:\Users\ad\Downloads\codepython\project\fraud_detection_system\dataset_CPP\human\zNvCX2l0.cpp,0,484
3,2.0,0,0,0,0,0,0,0,0,0,0,0,0,0,0,0,0,0,0,0,0,1,0,0,0.0,0,0,0,0,0.0,0,0,2,False,0,0,0.0,7,6,1,0,0.8571428571428571,0.14285714285714285,3,3,1.0,12,0.5,28,4,1.9722222222222223,0,0,0,0,1.0,True,0.0,1,0.0,1.0,85.0,0.0,0,0,4,0.10810810810810811,1,0,0,0,0,0,0,False,0,0,0,0,0,1,0,0,False,0,0,0,0,False,False,False,False,0,0,42,608,13.5,12.136623049580926,56,15.324324324324325,11.800261229481444,0.7700346834053147,0.11904761904761904,1,0,30,False,2,0,0.0,0.0,0,3,1.0,3,3.0,2.0,8,18,17,49,26,66,310.23,10.89,3378.05,0.1034,100.0,225,0,0.0,0.0,0.8809523809523809,zyJd3SnS.cpp,C:\Users\ad\Downloads\codepython\project\fraud_detection_system\dataset_CPP\human\zyJd3SnS.cpp,0,608
4,2.0,0,0,0,0,0,5,0,0,0,0,0,0,0,0,0,0,0,0,0,0,5,0,0,0.0,0,0,0,0,0.0,0,0,3,False,0,0,0.0,17,17,0,0,1.0,0.0,19,19,1.0,20,0.5,61,13,3.4536082474226806,0,0,5,0,1.0,True,0.0,4,0.0,0.5,43.5,33.185087012090236,0,0,7,0.08641975308641975,6,0,0,0,0,0,0,False,0,0,0,0,0,4,0,0,False,0,0,1,0,False,False,False,False,0,0,90,1675,17.622222222222224,18.025030607326624,73,19.580246913580247,17.96283144493876,0.9173955529886757,0.1,2,0,56,False,2,0,0.0,0.0,0,16,1.0,11,1.8333333333333333,2.0,11,24,25,118,35,143,733.49,27.04,19834.72,0.2445,84.96,579,0,0.0,0.0,0.9,zjkVtHtQ.cpp,C:\Users\ad\Downloads\codepython\project\fraud_detection_system\dataset_CPP\human\zjkVtHtQ.cpp,0,1675
3,1.8333333333333333,0,0,0,0,0,3,0,0,0,0,0,0,0,0,0,0,0,0,0,0,3,0,0,0.0,0,0,0,0,0.0,0,0,3,False,0,0,0.0,22,22,0,0,1.0,0.0,10,10,1.0,16,0.5,53,9,2.3846153846153846,0,0,1,0,1.0,True,0.0,1,0.0,1.0,85.0,0.0,0,0,4,0.06349206349206349,4,0,0,0,0,0,0,False,0,0,0,0,0,2,0,0,False,0,0,1,0,False,False,False,False,0,0,71,1200,15.915492957746478,17.03000374556312,88,17.80952380952381,17.164800770400113,0.9637989737390438,0.11267605633802817,3,0,45,False,2,0,0.0,0.028169014084507043,0,10,1.0,7,1.75,1.8333333333333333,11,22,28,100,33,128,645.68,25.0,16142.06,0.2152,87.65,493,0,0.0,0.0,0.8873239436619719,zhZeo7Gx.cpp,C:\Users\ad\Downloads\codepython\project\fraud_detection_system\dataset_CPP\human\zhZeo7Gx.cpp,0,1200
3,1.75,0,0,0,0,0,4,0,0,0,0,0,0,0,0,0,0,0,0,0,0,2,0,0,0.0,0,0,0,0,0.0,0,0,3,False,0,0,0.0,13,13,0,0,1.0,0.0,15,15,1.0,14,0.5,54,11,2.7037037037037037,0,0,3,0,1.0,True,0.0,1,0.0,1.0,85.0,0.0,0,0,4,0.06349206349206349,5,0,0,0,0,0,0,False,0,0,0,0,0,1,0,0,False,0,0,1,0,False,False,False,False,0,0,70,1183,15.914285714285715,15.656803958793178,68,17.682539682539684,15.527574445263085,0.8781303321827417,0.1,1,0,42,False,2,0,0.0,0.014285714285714285,0,11,1.0,7,1.4,1.75,11,23,21,99,34,120,610.5,23.67,14452.82,0.2035,87.94,477,0,0.0,0.0,0.9,zycMsvnK.cpp,C:\Users\ad\Downloads\codepython\project\fraud_detection_system\dataset_CPP\human\zycMsvnK.cpp,0,1183
